time,seconds_elapsed,z,y,x
1771525731158453200,0.112453369140625,0,0,0
1771525731188454100,0.1424541015625,0.11269092559814453,-0.025056838989257812,-0.028770536184310913
1771525731228460500,0.18246044921875,-0.2715138792991638,-0.01276397705078125,-0.30560502409935
1771525731258470000,0.212469970703125,-0.38015443086624146,-0.014945030212402344,-0.2630677819252014
1771525731278478000,0.23247802734375,-0.2811436653137207,-0.0690908432006836,-0.06522786617279053
1771525731298487000,0.252487060546875,-0.25850892066955566,-0.08139705657958984,-0.035187721252441406
1771525731348504800,0.3025048828125,-0.04288583993911743,-0.04420948028564453,-0.0010244101285934448
1771525731358507500,0.312507568359375,-0.00818169116973877,-0.07406902313232422,-0.025231435894966125
1771525731388515600,0.342515625,0.04494661092758179,-0.2071533203125,-0.08894793689250946
1771525731398518300,0.352518310546875,0.04486083984375,-0.1990346908569336,-0.1317014843225479
1771525731408521000,0.36252099609375,-0.0922551155090332,-0.20084571838378906,-0.05389539897441864
1771525731418523600,0.372523681640625,-0.17821139097213745,-0.1567850112915039,0.0070755332708358765
1771525731428526300,0.3825263671875,-0.2162771224975586,-0.09593486785888672,-0.017032891511917114
1771525731438529000,0.392529052734375,-0.16687649488449097,-0.0695352554321289,0.006313830614089966
1771525731448531700,0.40253173828125,-0.10623222589492798,-0.030150413513183594,-0.0027454346418380737
1771525731458534400,0.412534423828125,-0.07593673467636108,-0.019837379455566406,-0.10373830795288086
1771525731468537300,0.422537353515625,-0.02442842721939087,0.03661632537841797,-0.1321483850479126
1771525731478540000,0.4325400390625,0.03469794988632202,0.058915138244628906,-0.02122439444065094
1771525731488542700,0.442542724609375,0.04218173027038574,0.05725383758544922,0.10522797703742981
1771525731498545400,0.45254541015625,0.00403517484664917,0.08811569213867188,0.12717820703983307
1771525731508548000,0.462548095703125,0.04692733287811279,0.11808395385742188,0.09393101930618286
1771525731518550800,0.47255078125,0.024423062801361084,0.11462020874023438,0.06194695830345154
1771525731528553500,0.482553466796875,-0.02002030611038208,0.09259223937988281,0.11552171409130096
1771525731538556200,0.49255615234375,-0.04938429594039917,0.09916496276855469,0.08981451392173767
1771525731548558800,0.502558837890625,-0.11140012741088867,0.15238475799560547,0.09322933852672577
1771525731558561300,0.512561279296875,-0.051061272621154785,0.0970144271850586,0.12922848761081696
1771525731568564000,0.52256396484375,-0.0014537572860717773,0.09440898895263672,0.12350377440452576
1771525731578566700,0.532566650390625,0.024308383464813232,0.11054706573486328,-0.021580040454864502
1771525731588569300,0.5425693359375,0.03135102987289429,0.08889389038085938,-0.2616737484931946
1771525731598572000,0.552572021484375,0.15501290559768677,0.1099538803100586,-0.45964503288269043
1771525731608574700,0.56257470703125,0.22544896602630615,0.13993263244628906,-0.4212184548377991
1771525731618577400,0.572577392578125,0.15517979860305786,-0.05101490020751953,-0.2592058777809143
1771525731628580000,0.582580078125,0.02203691005706787,0.015067100524902344,-0.20405177772045135
1771525731638582500,0.59258251953125,-0.05464053153991699,-0.10799980163574219,-0.006132632493972778
1771525731648585200,0.602585205078125,-0.2485743761062622,-0.06426334381103516,-0.04680529236793518
1771525731658588000,0.612587890625,-0.3378753662109375,-0.06341266632080078,-0.09301435947418213
1771525731668590600,0.622590576171875,-0.3812752962112427,-0.09990406036376953,-0.013152748346328735
1771525731678593300,0.63259326171875,-0.4314655065536499,-0.08849811553955078,0.06445850431919098
1771525731688596000,0.642595947265625,-0.3846529722213745,-0.08651065826416016,0.103178471326828
1771525731698598700,0.6525986328125,-0.19502609968185425,-0.06092071533203125,-0.0034288763999938965
1771525731708601300,0.662601318359375,-0.03235805034637451,-0.02170276641845703,-0.032615989446640015
1771525731718603800,0.672603759765625,0.053819477558135986,-0.07741355895996094,0.04209311306476593
1771525731728606500,0.6826064453125,0.09722018241882324,-0.08523082733154297,-0.02514442801475525
1771525731738609200,0.692609130859375,0.031954944133758545,-0.017652511596679688,-0.025338858366012573
1771525731748611800,0.70261181640625,-0.007876694202423096,-0.10665130615234375,0.18551217019557953
1771525731758614500,0.712614501953125,-0.11814665794372559,-0.17531299591064453,0.3711458444595337
1771525731768617200,0.7226171875,-0.18745404481887817,-0.10172748565673828,0.2725061774253845
1771525731778620000,0.732619873046875,-0.11033076047897339,-0.08110809326171875,-0.14875416457653046
1771525731788622600,0.74262255859375,-0.08055847883224487,0.047835350036621094,-0.4142259359359741
1771525731798625300,0.752625244140625,0.01689547300338745,0.13725948333740234,-0.43989497423171997
1771525731808628000,0.7626279296875,0.14891302585601807,-0.0006389617919921875,-0.22747284173965454
1771525731818630700,0.772630615234375,0.09500664472579956,-0.004370689392089844,0.00456412136554718
1771525731828633300,0.78263330078125,0.13908910751342773,-0.06482410430908203,0.20060980319976807
1771525731838636000,0.792635986328125,0.2687525749206543,-0.006743431091308594,0.09503640234470367
1771525731848638700,0.802638671875,0.3185877799987793,0.13488292694091797,-0.1303780972957611
1771525731858641700,0.8126416015625,0.2520400881767273,0.17035293579101562,0.014884665608406067
1771525731868644400,0.822644287109375,0.14636123180389404,0.10611152648925781,0.08886127173900604
1771525731878647000,0.83264697265625,0.09944921731948853,0.16998004913330078,-0.05235113203525543
1771525731888649700,0.842649658203125,0.09633404016494751,0.1762104034423828,-0.12950271368026733
1771525731898652400,0.85265234375,0.027962803840637207,0.13990020751953125,-0.012284606695175171
1771525731908655000,0.862655029296875,0.04016435146331787,0.02420520782470703,-0.0049256831407547
1771525731918657800,0.87265771484375,-0.04711031913757324,-0.00005340576171875,0.03023625910282135
1771525731928660500,0.882660400390625,-0.1045682430267334,-0.03803062438964844,0.13467207551002502
1771525731938663200,0.8926630859375,-0.09167510271072388,-0.051711082458496094,0.13378939032554626
1771525731948665900,0.902665771484375,-0.02805536985397339,-0.04625129699707031,0.1426311880350113
1771525731958668500,0.91266845703125,-0.04910963773727417,-0.08339309692382812,0.2799589931964874
1771525731968671200,0.922671142578125,-0.0367358922958374,-0.08229732513427734,0.2903619110584259
1771525731978674200,0.932674072265625,0.08829087018966675,-0.062401771545410156,0.11898668110370636
1771525731988676900,0.9426767578125,0.15045219659805298,-0.019338607788085938,0.012225836515426636
1771525731998679600,0.952679443359375,0.1695595383644104,-0.02411365509033203,-0.1863812804222107
1771525732008682200,0.96268212890625,0.2356134057044983,-0.005263328552246094,-0.4388701319694519
1771525732018685000,0.972684814453125,0.2020840048789978,0.027408599853515625,-0.45038512349128723
1771525732038690300,0.992690185546875,-0.022946655750274658,-0.015030860900878906,-0.29086193442344666
1771525732048693000,1.00269287109375,-0.06326329708099365,-0.05260944366455078,-0.09307242184877396
1771525732058695700,1.01269580078125,-0.15923237800598145,-0.1131134033203125,0.16649726033210754
1771525732068698400,1.022698486328125,-0.18403023481369019,-0.1207132339477539,0.11571838706731796
1771525732078701000,1.032701171875,-0.059307634830474854,-0.05740928649902344,0.0046519264578819275
1771525732088703700,1.042703857421875,0.0015053749084472656,0.009611129760742188,0.017375566065311432
1771525732098706400,1.05270654296875,0.033057332038879395,0.028429031372070312,0.025139443576335907
1771525732108709400,1.06270947265625,0.05006766319274902,0.018670082092285156,0.000053375959396362305
1771525732118712000,1.072712158203125,0.029542863368988037,0.027866363525390625,0.018011942505836487
1771525732128714800,1.08271484375,0.0054718852043151855,-0.0055522918701171875,0.10693597048521042
1771525732138717400,1.092717529296875,-0.013393402099609375,-0.04313850402832031,0.10559962689876556
1771525732148720000,1.10272021484375,0.0009143352508544922,-0.042423248291015625,0.04337224364280701
1771525732158722800,1.112722900390625,-0.017354726791381836,-0.05118560791015625,0.03771156817674637
1771525732178728200,1.132728271484375,-0.01213538646697998,0.007019996643066406,-0.00012852251529693604
1771525732188731000,1.14273095703125,0.00036013126373291016,0.03536510467529297,-0.041032515466213226
1771525732198733600,1.152733642578125,0.0731431245803833,0.0068111419677734375,0.04995808005332947
1771525732208736300,1.162736328125,0.10806423425674438,-0.007241249084472656,0.07400881499052048
1771525732218739000,1.172739013671875,0.0779186487197876,0.016462326049804688,-0.00046493858098983765
1771525732228742000,1.182741943359375,-0.0220334529876709,0.08211708068847656,-0.0735718160867691
1771525732238744600,1.19274462890625,-0.11202389001846313,0.033786773681640625,0.028287455439567566
1771525732248747300,1.202747314453125,-0.10818827152252197,0.05235004425048828,0.08217518031597137
1771525732258750000,1.21275,0.04030430316925049,0.0754251480102539,0.06515716016292572
1771525732268752600,1.222752685546875,0.11106890439987183,0.06984901428222656,0.1526617705821991
1771525732278755300,1.23275537109375,0.13047385215759277,0.06420040130615234,0.1782274842262268
1771525732288758000,1.242758056640625,0.10427659749984741,0.011370658874511719,0.1620093286037445
1771525732298760700,1.2527607421875,0.05595552921295166,0.029935836791992188,0.10492090880870819
1771525732308763400,1.262763427734375,0.03749525547027588,0.05752372741699219,0.0540345162153244
1771525732318766000,1.27276611328125,0.023946762084960938,0.02815532684326172,-0.019218355417251587
1771525732328768800,1.282768798828125,-0.012714147567749023,0.04633522033691406,-0.0011504143476486206
1771525732338771500,1.292771484375,-0.019800961017608643,0.012338638305664062,-0.04379631578922272
1771525732348774100,1.302774169921875,-0.08346325159072876,0.054261207580566406,-0.15583480894565582
1771525732358777000,1.312777099609375,-0.09536665678024292,0.1003103256225586,-0.28069037199020386
1771525732368779800,1.32277978515625,-0.08083850145339966,0.0845956802368164,-0.26826226711273193
1771525732378782500,1.332782470703125,-0.01597493886947632,0.04572772979736328,-0.2851816713809967
1771525732388785200,1.34278515625,-0.03232449293136597,0.026361465454101562,-0.25093454122543335
1771525732398787800,1.352787841796875,-0.11421585083007812,-0.0115203857421875,-0.09540976583957672
1771525732408790500,1.36279052734375,-0.2102089524269104,-0.02980518341064453,-0.0414309985935688
1771525732418793200,1.372793212890625,-0.08105731010437012,-0.042830467224121094,-0.1115061342716217
1771525732428796000,1.3827958984375,0.012779712677001953,-0.013232231140136719,-0.06806688755750656
1771525732438798600,1.392798583984375,0.1428326964378357,-0.02180004119873047,-0.020943395793437958
1771525732448801300,1.40280126953125,0.3009093999862671,0.011960029602050781,0.030581004917621613
1771525732458804000,1.412803955078125,0.2621743679046631,-0.011709213256835938,0.07272115349769592
1771525732468806700,1.422806640625,0.09397900104522705,0.00720977783203125,0.09179844707250595
1771525732478809300,1.432809326171875,-0.04829031229019165,0.021137237548828125,0.07872943580150604
1771525732488812300,1.442812255859375,-0.1141858696937561,0.03025531768798828,0.052245981991291046
1771525732498815000,1.45281494140625,-0.08184832334518433,0.03468894958496094,0.07807035744190216
1771525732508817700,1.462817626953125,-0.09765487909317017,0.010847091674804688,0.10844086855649948
1771525732518820400,1.4728203125,-0.01965188980102539,-0.059619903564453125,0.053664714097976685
1771525732528823000,1.482822998046875,0.18140673637390137,-0.025518417358398438,0.047189392149448395
1771525732538825700,1.49282568359375,0.17429906129837036,-0.020470619201660156,-0.04921501502394676
1771525732548828400,1.502828369140625,0.17826950550079346,0.012598991394042969,-0.13611607253551483
1771525732558831000,1.5128310546875,0.14165431261062622,-0.011564254760742188,-0.10077120363712311
1771525732568833800,1.522833740234375,0.054787397384643555,-0.016577720642089844,-0.08106913417577744
1771525732578836500,1.53283642578125,-0.021619141101837158,-0.016753196716308594,-0.10469222068786621
1771525732588839200,1.542839111328125,-0.041987061500549316,-0.007328987121582031,-0.11405490338802338
1771525732598841900,1.552841796875,0.002270817756652832,-0.01673126220703125,-0.08587133884429932
1771525732608844800,1.5628447265625,0.10220545530319214,0.00699615478515625,-0.08212261646986008
1771525732618847500,1.572847412109375,0.07837218046188354,0.030300140380859375,-0.0506792813539505
1771525732628850200,1.58285009765625,0.03999507427215576,0.034465789794921875,0.012901321053504944
1771525732638852900,1.592852783203125,0.0769730806350708,-0.0037517547607421875,0.06610794365406036
1771525732648855600,1.60285546875,0.15140295028686523,0.005710601806640625,0.06702440977096558
1771525732658858200,1.612858154296875,0.15559351444244385,-0.027532577514648438,0.08297783136367798
1771525732668861000,1.62286083984375,0.09050840139389038,-0.027416229248046875,0.1566096991300583
1771525732678863600,1.632863525390625,-0.03870731592178345,-0.04622173309326172,0.1931663453578949
1771525732698869000,1.652868896484375,-0.1666884422302246,-0.064117431640625,0.05307836830615997
1771525732708871700,1.66287158203125,-0.09274792671203613,-0.07255363464355469,0.009398296475410461
1771525732718874400,1.672874267578125,-0.08103698492050171,-0.07615852355957031,-0.10418256372213364
1771525732728877000,1.682876953125,-0.05088561773300171,-0.0749664306640625,-0.21677473187446594
1771525732738880000,1.6928798828125,0.002414107322692871,-0.07379531860351562,-0.2439376413822174
1771525732748882700,1.702882568359375,-0.0435260534286499,-0.06797599792480469,-0.2487967312335968
1771525732758885400,1.712885498046875,-0.10865354537963867,-0.029173851013183594,-0.194033682346344
1771525732768888000,1.72288818359375,-0.08937841653823853,-0.03325176239013672,-0.10336624085903168
1771525732778890800,1.732890869140625,-0.056817710399627686,-0.008958816528320312,0.01424531638622284
1771525732788893400,1.7428935546875,-0.05766034126281738,0.014914512634277344,0.060159992426633835
1771525732798896000,1.752896240234375,-0.03505265712738037,0.0431060791015625,0.05400639399886131
1771525732808898800,1.76289892578125,0.053810715675354004,0.06604671478271484,0.0908648669719696
1771525732818901500,1.772901611328125,0.08131790161132812,0.06493091583251953,0.047052573412656784
1771525732828904200,1.782904296875,0.07163029909133911,0.1155405044555664,-0.04856245592236519
1771525732838907000,1.792906982421875,0.043683648109436035,0.12760162353515625,-0.007000327110290527
1771525732848909600,1.80290966796875,-0.01696467399597168,0.10652351379394531,0.07618407905101776
1771525732868915200,1.822915283203125,-0.013490796089172363,0.09822368621826172,0.052789077162742615
1771525732878918000,1.83291796875,0.020974040031433105,0.11530399322509766,0.04141863435506821
1771525732888920600,1.842920654296875,0.040844082832336426,0.08500480651855469,0.08169321715831757
1771525732898923300,1.85292333984375,0.08402782678604126,0.05520057678222656,0.10719072073698044
1771525732908926000,1.862926025390625,0.06620901823043823,0.039931297302246094,0.089752696454525
1771525732918928600,1.8729287109375,-0.011899709701538086,0.02014923095703125,0.07713068276643753
1771525732928931300,1.882931396484375,-0.046731770038604736,0.019571304321289062,0.055408135056495667
1771525732938934000,1.89293408203125,-0.04371923208236694,-0.013919830322265625,0.07666485011577606
1771525732948936700,1.902936767578125,-0.0972592830657959,-0.046858787536621094,0.12193488329648972
1771525732958939400,1.912939453125,-0.15953880548477173,-0.07452964782714844,0.08292830735445023
1771525732968942000,1.922942138671875,-0.1644952893257141,-0.09701919555664062,0.041021622717380524
1771525732978944800,1.93294482421875,-0.10868799686431885,-0.10967159271240234,0.005203425884246826
1771525732988947700,1.94294775390625,-0.01144498586654663,-0.12682056427001953,-0.08158309012651443
1771525732998950400,1.952950439453125,-0.03209102153778076,-0.09672927856445312,-0.1392551064491272
1771525733008953000,1.962953125,-0.17438071966171265,-0.1001291275024414,-0.13607482612133026
1771525733018955800,1.972955810546875,-0.31582552194595337,-0.12215709686279297,-0.06765016168355942
1771525733028958500,1.98295849609375,-0.23587024211883545,-0.15302181243896484,-0.01932002231478691
1771525733038961200,1.992961181640625,-0.11958718299865723,-0.13157939910888672,0.051956795156002045
1771525733048963800,2.0029638671875,-0.14097195863723755,-0.1152791976928711,0.028015054762363434
1771525733058966500,2.012966552734375,-0.1487065553665161,-0.05679893493652344,-0.023552250117063522
1771525733068969200,2.02296923828125,-0.01599252223968506,-0.03687572479248047,-0.008168540894985199
1771525733078972000,2.032971923828125,0.10621011257171631,-0.02680683135986328,0.026057593524456024
1771525733088974600,2.042974609375,0.016447007656097412,0.006455421447753906,0.007945507764816284
1771525733098977300,2.052977294921875,-0.13773232698440552,0.04857826232910156,0.013984359800815582
1771525733108980000,2.06297998046875,-0.12689977884292603,0.06196308135986328,-0.04093509539961815
1771525733118983000,2.07298291015625,0.028795897960662842,0.07521247863769531,-0.08575575798749924
1771525733128985600,2.082985595703125,0.06511318683624268,0.06932640075683594,-0.05531562492251396
1771525733138988300,2.09298828125,-0.02547997236251831,0.06817340850830078,0.0022786036133766174
1771525733148991000,2.102990966796875,-0.10043054819107056,0.038788795471191406,0.016431111842393875
1771525733158993700,2.11299365234375,-0.09491568803787231,0.047636985778808594,0.035376422107219696
1771525733168996400,2.122996337890625,-0.04241633415222168,0.023375511169433594,0.049851130694150925
1771525733178999000,2.1329990234375,-0.03265845775604248,0.027723312377929688,0.040280673652887344
1771525733189001700,2.143001708984375,-0.06523627042770386,0.027273178100585938,0.035391733050346375
1771525733199004400,2.15300439453125,-0.13473236560821533,0.03151988983154297,0.04949309676885605
1771525733209007000,2.163007080078125,-0.15158343315124512,0.02159881591796875,0.04912153631448746
1771525733219009800,2.173009765625,-0.08872699737548828,-0.00693511962890625,0.03937684744596481
1771525733229012500,2.183012451171875,0.015350639820098877,-0.0067310333251953125,-0.003286406397819519
1771525733239015400,2.193015380859375,0.033964574337005615,-0.0019140243530273438,-0.017257701605558395
1771525733249018000,2.20301806640625,-0.03156173229217529,-0.006678581237792969,-0.021775133907794952
1771525733259020800,2.213020751953125,-0.07317006587982178,0.02166461944580078,-0.026460755616426468
1771525733269023500,2.2230234375,-0.08184325695037842,0.021348953247070312,0.02551877498626709
1771525733279026200,2.233026123046875,-0.05332517623901367,-0.011868476867675781,0.04896971955895424
1771525733289028900,2.24302880859375,0.03540831804275513,0.012013435363769531,-0.021318819373846054
1771525733299031600,2.253031494140625,0.07128298282623291,0.03075122833251953,-0.13296270370483398
1771525733309034200,2.2630341796875,0.06030231714248657,0.030271530151367188,-0.15879550576210022
1771525733319037000,2.273036865234375,0.059439122676849365,0.020338058471679688,-0.07625570893287659
1771525733329039600,2.28303955078125,0.021854877471923828,0.02931976318359375,-0.061247289180755615
1771525733339042300,2.293042236328125,-0.05307817459106445,0.024051666259765625,-0.003635246306657791
1771525733349045000,2.303044921875,-0.05286836624145508,0.04254150390625,-0.016620445996522903
1771525733359047700,2.313047607421875,0.1118202805519104,0.04191398620605469,-0.019175268709659576
1771525733369050600,2.323050537109375,0.16312283277511597,0.022246360778808594,0.03033209964632988
1771525733379053300,2.33305322265625,0.060547709465026855,0.0026865005493164062,0.08413584530353546
1771525733389056000,2.343055908203125,-0.06294107437133789,-0.05430316925048828,0.10504639148712158
1771525733399058700,2.35305859375,-0.08539843559265137,-0.05385017395019531,0.08899417519569397
1771525733409061400,2.363061279296875,-0.2017497420310974,-0.025137901306152344,0.02580173686146736
1771525733419064000,2.37306396484375,-0.27102071046829224,-0.0014295578002929688,-0.046981409192085266
1771525733429066800,2.383066650390625,-0.22481077909469604,-0.0060596466064453125,-0.1290249228477478
1771525733439069400,2.3930693359375,0.021045207977294922,-0.024552345275878906,-0.13056975603103638
1771525733449072000,2.403072021484375,0.14172208309173584,-0.005185127258300781,-0.09038162976503372
1771525733459074800,2.41307470703125,0.05046349763870239,-0.0051479339599609375,-0.07052531093358994
1771525733469077500,2.423077392578125,-0.005900681018829346,-0.019273757934570312,-0.0650029107928276
1771525733479080200,2.433080078125,0.008681833744049072,-0.033110618591308594,-0.06371287256479263
1771525733489083100,2.443083251953125,0.10879707336425781,-0.0656442642211914,0.027519093826413155
1771525733499085800,2.4530859375,0.07745349407196045,-0.07898426055908203,0.04236505925655365
1771525733509088500,2.463088623046875,-0.047027766704559326,-0.07802009582519531,-0.042134568095207214
1771525733519091200,2.47309130859375,-0.12347954511642456,-0.05342578887939453,-0.10688905417919159
1771525733529094000,2.483093994140625,-0.10654008388519287,-0.0667276382446289,-0.15709330141544342
1771525733539096600,2.4930966796875,-0.0772961974143982,-0.05141925811767578,-0.17435665428638458
1771525733549099300,2.503099365234375,-0.11046779155731201,-0.03159332275390625,-0.1261068731546402
1771525733559098600,2.5130986328125,-0.19099068641662598,-0.0355682373046875,-0.08358646929264069
1771525733579097600,2.53309765625,-0.04854261875152588,-0.014627456665039062,-0.08886197209358215
1771525733589098000,2.543097900390625,0.027531862258911133,-0.02337360382080078,-0.01913875713944435
1771525733599098600,2.5530986328125,-0.004521667957305908,-0.0273895263671875,0.04438376426696777
1771525733609100300,2.563100341796875,-0.07749712467193604,-0.022004127502441406,0.07009029388427734
1771525733619102200,2.573102294921875,-0.11681419610977173,0.016297340393066406,0.021139539778232574
1771525733629105200,2.583105224609375,-0.11883658170700073,0.049343109130859375,-0.021904580295085907
1771525733639108600,2.593108642578125,-0.08878922462463379,0.03483772277832031,-0.0033643171191215515
1771525733649112600,2.603112548828125,-0.1018257737159729,0.01117706298828125,-0.03253592178225517
1771525733659117000,2.613116943359375,-0.07247358560562134,0.0020599365234375,-0.06193061172962189
1771525733669122000,2.6231220703125,-0.05282074213027954,-0.02104473114013672,-0.025801928713917732
1771525733679127300,2.633127197265625,-0.10443013906478882,-0.043731689453125,-0.019423669204115868
1771525733689132800,2.6431328125,-0.11802226305007935,-0.05186271667480469,-0.022821206599473953
1771525733699138300,2.65313818359375,-0.07068973779678345,-0.06451606750488281,-0.011801894754171371
1771525733709143300,2.663143310546875,-0.02875053882598877,-0.05813026428222656,-0.0007600560784339905
1771525733719146000,2.67314599609375,-0.03407806158065796,-0.07543754577636719,-0.008895758539438248
1771525733729148700,2.683148681640625,-0.029591798782348633,-0.07364559173583984,-0.017071709036827087
1771525733739151400,2.6931513671875,-0.03910374641418457,-0.08131599426269531,-0.048575982451438904
1771525733749154000,2.703154052734375,-0.0809030532836914,-0.07477664947509766,-0.1126268208026886
1771525733759156700,2.71315673828125,-0.11678057909011841,-0.05426597595214844,-0.12437669932842255
1771525733769159400,2.723159423828125,-0.269161581993103,-0.06240367889404297,-0.13148990273475647
1771525733779162000,2.733162109375,-0.4478667378425598,-0.07034587860107422,-0.10085449367761612
1771525733789164800,2.743164794921875,-0.4939045310020447,-0.07794857025146484,-0.07073864340782166
1771525733799167500,2.75316748046875,-0.4092825651168823,-0.07111072540283203,-0.09319643676280975
1771525733809170200,2.763170166015625,-0.2846120595932007,-0.040747642517089844,-0.12534043192863464
1771525733819172900,2.7731728515625,-0.13816958665847778,0.012635231018066406,-0.14350968599319458
1771525733829175300,2.78317529296875,-0.08690637350082397,-0.005629539489746094,-0.11447473615407944
1771525733839178000,2.793177978515625,-0.05297267436981201,0.013854026794433594,-0.15166842937469482
1771525733849180700,2.8031806640625,-0.0877806544303894,-0.0001888275146484375,-0.16421917080879211
1771525733859183400,2.813183349609375,-0.2713474631309509,0.0047016143798828125,-0.13351616263389587
1771525733869186000,2.82318603515625,-0.39576244354248047,-0.013997077941894531,-0.09318061172962189
1771525733879188700,2.833188720703125,-0.44399839639663696,-0.0322723388671875,-0.08552563190460205
1771525733889191400,2.84319140625,-0.5063725709915161,-0.04075336456298828,-0.10105873644351959
1771525733899194000,2.853194091796875,-0.5310543775558472,-0.030157089233398438,-0.11671891063451767
1771525733909196500,2.863196533203125,-0.5238990783691406,-0.029006004333496094,-0.15126895904541016
1771525733929202000,2.883201904296875,-0.5411075353622437,-0.021646499633789062,-0.11750289797782898
1771525733939204600,2.89320458984375,-0.5970568060874939,-0.01571941375732422,-0.12026200443506241
1771525733949207300,2.903207275390625,-0.610721230506897,0.0278778076171875,-0.16072627902030945
1771525733959210000,2.9132099609375,-0.6631401777267456,0.04733562469482422,-0.16780489683151245
1771525733969212700,2.923212646484375,-0.6169268488883972,0.024200439453125,-0.11368514597415924
1771525733979215400,2.93321533203125,-0.5382131338119507,0.04379749298095703,-0.06468361616134644
1771525733989217800,2.9432177734375,-0.5681726932525635,0.0771017074584961,-0.030128538608551025
1771525733999220500,2.953220458984375,-0.6260725855827332,0.07689857482910156,0.04251684248447418
1771525734009223200,2.96322314453125,-0.637135922908783,0.08150482177734375,0.10156890004873276
1771525734019225900,2.973225830078125,-0.5508641004562378,0.11443614959716797,0.12834617495536804
1771525734029228500,2.983228515625,-0.45241618156433105,0.1280221939086914,0.1466902196407318
1771525734039231200,2.993231201171875,-0.3314676284790039,0.09893608093261719,0.13801658153533936
1771525734049234000,3.00323388671875,-0.17366105318069458,0.12671661376953125,0.07878237217664719
1771525734059236600,3.013236572265625,-0.1432781219482422,0.12555885314941406,0.020952686667442322
1771525734069239300,3.0232392578125,-0.21955972909927368,0.1195058822631836,0.006433233618736267
1771525734079242000,3.033241943359375,-0.32763731479644775,0.08531761169433594,0.053501129150390625
1771525734089244700,3.04324462890625,-0.35561662912368774,0.05658245086669922,0.07211751490831375
1771525734099247600,3.05324755859375,-0.2625575065612793,0.019098281860351562,0.053452469408512115
1771525734109250300,3.063250244140625,-0.13820791244506836,-0.05070781707763672,0.09731817245483398
1771525734119253000,3.0732529296875,-0.03825622797012329,-0.058258056640625,0.09445856511592865
1771525734129255700,3.083255615234375,-0.0421217679977417,-0.03756904602050781,0.06412515044212341
1771525734139258400,3.09325830078125,-0.09167224168777466,-0.007940292358398438,0.08690256625413895
1771525734149261000,3.103260986328125,-0.18572932481765747,0.05868721008300781,0.06770560890436172
1771525734159263700,3.113263671875,-0.3332633376121521,0.14760303497314453,0.044415850192308426
1771525734169266400,3.123266357421875,-0.5062659978866577,0.2114715576171875,0.110569529235363
1771525734179269000,3.13326904296875,-0.5690013766288757,0.18962669372558594,0.18449386954307556
1771525734189271800,3.143271728515625,-0.47663789987564087,0.20125293731689453,0.28919923305511475
1771525734199274500,3.1532744140625,-0.3339213728904724,0.0902566909790039,0.3770838677883148
1771525734209277200,3.163277099609375,-0.26176321506500244,0.09386348724365234,0.39675742387771606
1771525734219280000,3.17327978515625,-0.29961878061294556,0.04047393798828125,0.46125367283821106
1771525734229282800,3.18328271484375,-0.5354177355766296,-0.02655315399169922,0.4623510241508484
1771525734239285500,3.193285400390625,-0.8983079195022583,-0.036037445068359375,0.5239025950431824
1771525734249288200,3.2032880859375,-1.2801276445388794,-0.11113262176513672,0.5564521551132202
1771525734259291000,3.213290771484375,-1.4999068975448608,-0.12333393096923828,0.5147024393081665
1771525734269293600,3.22329345703125,-1.557584524154663,-0.10648441314697266,0.4095112085342407
1771525734279296300,3.233296142578125,-1.4840047359466553,-0.11759281158447266,0.2594638466835022
1771525734289299000,3.243298828125,-1.299466848373413,-0.15626049041748047,0.04576358199119568
1771525734299301600,3.253301513671875,-1.0606740713119507,-0.18920230865478516,-0.08134151995182037
1771525734309304300,3.26330419921875,-0.8556286692619324,-0.2120065689086914,-0.07760225236415863
1771525734319307000,3.27330712890625,-0.8101815581321716,-0.20606422424316406,-0.015900561586022377
1771525734329309700,3.283309814453125,-0.6826550364494324,-0.2423696517944336,-0.014299571514129639
1771525734339312400,3.2933125,-0.4345971345901489,-0.20269775390625,-0.03398760035634041
1771525734349315000,3.303315185546875,-0.2719331979751587,-0.22518539428710938,0.03907189890742302
1771525734359318000,3.313318115234375,-0.22457700967788696,-0.2336416244506836,0.1337614208459854
1771525734369320700,3.32332080078125,-0.35592353343963623,-0.23310089111328125,0.2509952187538147
1771525734379323400,3.333323486328125,-0.5987144708633423,-0.303619384765625,0.3727588355541229
1771525734389326000,3.343326171875,-0.812291145324707,-0.3119354248046875,0.4574289321899414
1771525734399328800,3.353328857421875,-0.9575029015541077,-0.31060123443603516,0.4673173427581787
1771525734409331500,3.36333154296875,-0.8998589515686035,-0.2902660369873047,0.41262876987457275
1771525734419334100,3.373334228515625,-0.8448987603187561,-0.27951812744140625,0.3874393403530121
1771525734429336800,3.3833369140625,-0.6885746717453003,-0.2829408645629883,0.39069730043411255
1771525734439339500,3.393339599609375,-0.44618988037109375,-0.1826162338256836,0.28895121812820435
1771525734449342200,3.40334228515625,-0.33934110403060913,-0.1969623565673828,0.18641917407512665
1771525734459345000,3.413344970703125,-0.3046620488166809,-0.14983844757080078,0.2860402464866638
1771525734469347600,3.42334765625,-0.33205658197402954,-0.11756229400634766,0.3453645706176758
1771525734479350500,3.4333505859375,-0.3212382197380066,-0.11876773834228516,0.3657943308353424
1771525734489353200,3.443353271484375,-0.2440129518508911,-0.06350326538085938,0.32478034496307373
1771525734499356000,3.45335595703125,-0.22760337591171265,0.023637771606445312,0.3081306219100952
1771525734509358600,3.463358642578125,-0.29943108558654785,0.09976482391357422,0.27282071113586426
1771525734519361300,3.473361328125,-0.35464006662368774,0.1603832244873047,0.26573050022125244
1771525734529364000,3.483364013671875,-0.42586076259613037,0.2198019027709961,0.2866811454296112
1771525734539366700,3.49336669921875,-0.48415690660476685,0.24503517150878906,0.29286104440689087
1771525734549369300,3.503369384765625,-0.5258393287658691,0.2885313034057617,0.25634264945983887
1771525734559372000,3.5133720703125,-0.6173396110534668,0.3500337600708008,0.15361657738685608
1771525734569374700,3.523374755859375,-0.7157002091407776,0.39162158966064453,0.14049389958381653
1771525734579377400,3.53337744140625,-0.8212147355079651,0.3948326110839844,0.22526434063911438
1771525734589380000,3.543380126953125,-0.9446202516555786,0.45931434631347656,0.35072043538093567
1771525734599382800,3.5533828125,-0.8740866780281067,0.47105979919433594,0.40367648005485535
1771525734609385700,3.5633857421875,-0.8285456895828247,0.5579662322998047,0.45183131098747253
1771525734619388400,3.573388427734375,-0.7739424705505371,0.6009540557861328,0.4869554042816162
1771525734639393800,3.593393798828125,-0.6082664132118225,0.7916450500488281,0.5253429412841797
1771525734649396500,3.603396484375,-0.69019615650177,0.9195594787597656,0.48239460587501526
1771525734659399200,3.613399169921875,-0.677821159362793,1.0642127990722656,0.4044719338417053
1771525734669401900,3.62340185546875,-0.5787038207054138,1.1924962997436523,0.3199843466281891
1771525734679404500,3.633404541015625,-0.3559724688529968,1.3847074508666992,0.24215573072433472
1771525734689407200,3.6434072265625,-0.2552567720413208,1.5314159393310547,0.17915281653404236
1771525734699410000,3.653409912109375,-0.24495548009872437,1.7232732772827148,0.16502121090888977
1771525734709412600,3.66341259765625,-0.28780317306518555,1.8144750595092773,0.15840917825698853
1771525734719415300,3.673415283203125,-0.3844437003135681,1.8674392700195312,0.03549593687057495
1771525734729418200,3.683418212890625,-0.34454333782196045,1.7963905334472656,-0.08850464224815369
1771525734739421000,3.6934208984375,-0.2549518346786499,1.692429542541504,-0.26080960035324097
1771525734749423600,3.703423583984375,-0.16401195526123047,1.4315299987792969,-0.46657124161720276
1771525734759426300,3.71342626953125,-0.13453274965286255,1.2004623413085938,-0.7014580368995667
1771525734769429000,3.723428955078125,-0.05762076377868652,0.9420557022094727,-0.8382419943809509
1771525734779431700,3.733431640625,0.04374682903289795,0.8282136917114258,-0.7289307713508606
1771525734789434400,3.743434326171875,-0.05925250053405762,0.6817760467529297,-0.4824792146682739
1771525734799437000,3.75343701171875,-0.039063334465026855,0.6081457138061523,-0.251094788312912
1771525734809439700,3.763439697265625,0.1944063901901245,0.5641212463378906,-0.10378283262252808
1771525734829445000,3.783445068359375,1.6545995473861694,0.33884429931640625,-0.016009658575057983
1771525734839447800,3.79344775390625,2.3601715564727783,0.08902168273925781,-0.12209087610244751
1771525734849450500,3.803450439453125,2.897801160812378,-0.1812591552734375,-0.3296429216861725
1771525734859453400,3.813453369140625,3.1472182273864746,-0.3625640869140625,-0.43988022208213806
1771525734869456100,3.8234560546875,2.8386282920837402,-0.41225242614746094,-0.4991067051887512
1771525734879458800,3.833458740234375,1.959404706954956,-0.42543601989746094,-0.42799216508865356
1771525734889461500,3.84346142578125,0.7708271741867065,-0.4202251434326172,-0.21244049072265625
1771525734899464200,3.853464111328125,-0.34421461820602417,-0.35732555389404297,-0.04638764262199402
1771525734909467000,3.863466796875,-1.1933259963989258,-0.2791004180908203,-0.14172857999801636
1771525734919469600,3.873469482421875,-1.523576021194458,-0.15659141540527344,-0.3201821446418762
1771525734929472300,3.88347216796875,-1.5562934875488281,-0.07117652893066406,-0.5620630979537964
1771525734939475000,3.893474853515625,-1.287448763847351,-0.09438133239746094,-0.8730247020721436
1771525734949477600,3.9034775390625,-0.7964522242546082,-0.1544504165649414,-1.1404507160186768
1771525734959480300,3.913480224609375,-0.14236438274383545,-0.26111602783203125,-1.1943755149841309
1771525734969483000,3.92348291015625,0.4491235017776489,-0.3811664581298828,-1.1517138481140137
1771525734979485700,3.933485595703125,0.7757240533828735,-0.5196151733398438,-1.0425257682800293
1771525734989488600,3.943488525390625,0.9880752563476562,-0.643214225769043,-0.8429481983184814
1771525734999491300,3.9534912109375,1.0640860795974731,-0.7140617370605469,-0.5849841833114624
1771525735019496700,3.97349658203125,0.992390513420105,-0.9049892425537109,-0.0892382562160492
1771525735029499400,3.98349951171875,0.7340871095657349,-0.992497444152832,0.05130350589752197
1771525735039502000,3.993502197265625,0.43537747859954834,-1.0476694107055664,0.08594107627868652
1771525735049504800,4.0035048828125,0.32842695713043213,-1.1084327697753906,-0.029756516218185425
1771525735059507500,4.013507568359375,0.34094691276550293,-1.2270698547363281,-0.2566382884979248
1771525735069510100,4.02351025390625,0.24334430694580078,-1.2408723831176758,-0.36374926567077637
1771525735079512800,4.033512939453125,0.16902589797973633,-1.3457250595092773,-0.5645553469657898
1771525735089515500,4.043515625,-0.04590713977813721,-1.3548688888549805,-0.6027570962905884
1771525735099518200,4.053518310546875,-0.2423321008682251,-1.449631690979004,-0.6018679141998291
1771525735109521200,4.063521240234375,-0.3941304087638855,-1.4002904891967773,-0.5413119792938232
1771525735119523800,4.07352392578125,-0.4062686562538147,-1.3505058288574219,-0.5159609317779541
1771525735129526500,4.083526611328125,-0.24928659200668335,-1.310007095336914,-0.49645471572875977
1771525735139529200,4.093529296875,-0.0833975076675415,-1.2361202239990234,-0.5206640958786011
1771525735149532000,4.103531982421875,-0.02070450782775879,-1.1435813903808594,-0.6167975664138794
1771525735159534600,4.11353466796875,-0.04642152786254883,-1.0372381210327148,-0.6695848703384399
1771525735169537300,4.123537353515625,-0.10841548442840576,-0.9217967987060547,-0.6510919332504272
1771525735179540000,4.1335400390625,-0.2053934931755066,-0.7782812118530273,-0.6721920967102051
1771525735189542700,4.143542724609375,-0.40028494596481323,-0.5875415802001953,-0.6799908876419067
1771525735199545300,4.15354541015625,-0.5670787692070007,-0.3636589050292969,-0.6933335661888123
1771525735209548000,4.163548095703125,-0.6737440228462219,-0.1495676040649414,-0.6356433629989624
1771525735219550700,4.17355078125,-0.5822408199310303,0.06909465789794922,-0.5878205895423889
1771525735229553400,4.183553466796875,-0.35821622610092163,0.2873239517211914,-0.5778794288635254
1771525735239556400,4.193556396484375,-0.14714264869689941,0.5478096008300781,-0.6014876961708069
1771525735249559000,4.20355908203125,-0.0667298436164856,0.7451972961425781,-0.6489899158477783
1771525735259561700,4.213561767578125,0.0030449628829956055,0.9942750930786133,-0.6966400146484375
1771525735269564400,4.223564453125,-0.014747083187103271,1.1803770065307617,-0.711570143699646
1771525735279567000,4.233567138671875,-0.12169456481933594,1.4232912063598633,-0.6419514417648315
1771525735289569800,4.24356982421875,-0.1390591263771057,1.6228227615356445,-0.6441568732261658
1771525735299572500,4.253572509765625,-0.0020528435707092285,1.8126516342163086,-0.6600197553634644
1771525735309575200,4.2635751953125,0.23694324493408203,1.935415267944336,-0.5271687507629395
1771525735319577900,4.273577880859375,0.5028072595596313,2.0150222778320312,-0.3563051223754883
1771525735329580500,4.28358056640625,0.7306118607521057,2.13260555267334,-0.16686920821666718
1771525735339583200,4.293583251953125,0.735210120677948,2.1829118728637695,0.0791616439819336
1771525735349586000,4.3035859375,0.5975515842437744,2.2569141387939453,0.40151113271713257
1771525735359588600,4.313588623046875,0.2502543330192566,2.3116321563720703,0.6331154108047485
1771525735369591300,4.32359130859375,-0.17545485496520996,2.165773391723633,0.9150425791740417
1771525735379594000,4.333593994140625,-0.3158961534500122,1.9347057342529297,0.9822598695755005
1771525735389596700,4.3435966796875,-0.1361560821533203,1.7286567687988281,0.8933862447738647
1771525735399599400,4.353599365234375,0.41418933868408203,1.4187288284301758,0.6293197870254517
1771525735409602000,4.36360205078125,1.3509984016418457,1.0576772689819336,0.12999293208122253
1771525735419604700,4.373604736328125,2.3700053691864014,0.7646598815917969,-0.28914764523506165
1771525735429607200,4.383607177734375,3.102491855621338,0.40988731384277344,-0.4741828441619873
1771525735439609900,4.39360986328125,3.2274460792541504,0.16958045959472656,-0.5571824312210083
1771525735449612500,4.403612548828125,2.45694637298584,0.09582042694091797,-0.3715883195400238
1771525735459615200,4.413615234375,1.0675933361053467,-0.07869911193847656,0.04763163626194
1771525735469618000,4.423617919921875,-0.09409600496292114,-0.15714645385742188,0.40402519702911377
1771525735479620600,4.43362060546875,-0.9348609447479248,-0.144134521484375,0.5531113743782043
1771525735489623300,4.443623291015625,-1.5035731792449951,-0.20202159881591797,0.6216490864753723
1771525735499626000,4.4536259765625,-1.6858271360397339,-0.23007583618164062,0.5630500316619873
1771525735509628400,4.46362841796875,-1.373840570449829,-0.4335908889770508,0.36059242486953735
1771525735519631000,4.473631103515625,-0.6955230832099915,-0.7022438049316406,0.24923379719257355
1771525735529633800,4.4836337890625,0.1710854172706604,-0.9643411636352539,0.19104883074760437
1771525735539636500,4.493636474609375,1.0545051097869873,-1.1533203125,0.001095607876777649
1771525735549639200,4.50363916015625,1.7079553604125977,-1.3844852447509766,-0.025395885109901428
1771525735559641900,4.513641845703125,1.9792269468307495,-1.605703353881836,0.09858070313930511
1771525735569644500,4.52364453125,1.9373900890350342,-1.7503767013549805,0.21305173635482788
1771525735579647200,4.533647216796875,1.7647085189819336,-1.938262939453125,0.22115272283554077
1771525735589649700,4.543649658203125,1.5151731967926025,-2.102642059326172,0.19716668128967285
1771525735599652400,4.55365234375,1.1425546407699585,-2.2629570960998535,0.22425934672355652
1771525735619657700,4.57365771484375,0.33008694648742676,-2.379753589630127,0.012991070747375488
1771525735629660400,4.583660400390625,0.17624437808990479,-2.3788962364196777,-0.1413484364748001
1771525735639663000,4.5936630859375,0.011132597923278809,-2.3210253715515137,-0.14685310423374176
1771525735649665800,4.603665771484375,-0.05191242694854736,-2.3111863136291504,-0.07165339589118958
1771525735659668500,4.61366845703125,0.04562985897064209,-2.325557231903076,-0.0918886661529541
1771525735669671000,4.6236708984375,-0.05483043193817139,-2.2016491889953613,-0.09822005033493042
1771525735679673600,4.633673583984375,-0.12532591819763184,-2.097203254699707,-0.0674784779548645
1771525735689676300,4.64367626953125,-0.11883032321929932,-1.9930086135864258,-0.027802079916000366
1771525735699679000,4.653678955078125,-0.09758830070495605,-1.8222417831420898,0.06019100546836853
1771525735709681700,4.663681640625,-0.09087461233139038,-1.6137065887451172,0.20221462845802307
1771525735719684400,4.673684326171875,0.03968071937561035,-1.4152641296386719,0.2886914312839508
1771525735729687300,4.683687255859375,0.26780539751052856,-1.2271480560302734,0.2288092076778412
1771525735739690000,4.69368994140625,0.21315336227416992,-0.9396343231201172,0.14176735281944275
1771525735749692700,4.703692626953125,0.1763240098953247,-0.6340055465698242,0.10301309823989868
1771525735759695400,4.7136953125,0.02826368808746338,-0.27679443359375,0.08255019783973694
1771525735769698000,4.723697998046875,-0.2130391001701355,0.041268348693847656,0.14241501688957214
1771525735779700700,4.73370068359375,-0.34532445669174194,0.3348674774169922,0.22145530581474304
1771525735789703400,4.743703369140625,-0.2359815239906311,0.6184167861938477,0.12939533591270447
1771525735799706000,4.7537060546875,-0.05656701326370239,0.934849739074707,0.052423328161239624
1771525735809708800,4.763708740234375,0.08798056840896606,1.2267942428588867,0.06535807251930237
1771525735819711500,4.77371142578125,0.2592669725418091,1.4370689392089844,0.14304903149604797
1771525735829714200,4.783714111328125,0.36168354749679565,1.5467586517333984,0.21858882904052734
1771525735839716900,4.793716796875,0.40773868560791016,1.7234220504760742,0.28232911229133606
1771525735849719600,4.803719482421875,0.4870043396949768,1.7950153350830078,0.17186501622200012
1771525735859722500,4.813722412109375,0.6281837821006775,1.9002971649169922,0.3413626253604889
1771525735869725200,4.82372509765625,0.900496244430542,1.914780616760254,0.37086522579193115
1771525735879727900,4.833727783203125,1.1501884460449219,2.077204704284668,0.390421599149704
1771525735889730600,4.84373046875,1.1371492147445679,2.3200559616088867,0.44903528690338135
1771525735899733200,4.853733154296875,0.7773192524909973,2.547427177429199,0.5156136155128479
1771525735909736000,4.86373583984375,0.3996676206588745,2.5969467163085938,0.3826114535331726
1771525735919738600,4.873738525390625,0.001679539680480957,2.612502098083496,0.12286549806594849
1771525735929741300,4.8837412109375,-0.3128909170627594,2.3604164123535156,-0.27590662240982056
1771525735939744000,4.893743896484375,-0.10793161392211914,2.0042381286621094,-0.8480271100997925
1771525735949746700,4.90374658203125,0.5703928470611572,1.5827255249023438,-1.4398517608642578
1771525735959749400,4.913749267578125,1.3422541618347168,1.1773796081542969,-1.7008132934570312
1771525735969752000,4.923751953125,2.0583927631378174,0.7977275848388672,-1.7281278371810913
1771525735979755000,4.933755126953125,2.2588629722595215,0.3671865463256836,-1.410080909729004
1771525735989757700,4.9437578125,1.9265518188476562,0.16760635375976562,-0.9031248092651367
1771525735999760400,4.953760498046875,1.3390371799468994,0.11710071563720703,-0.3983398377895355
1771525736009763000,4.96376318359375,0.8061398267745972,0.04796028137207031,0.039473116397857666
1771525736019765800,4.973765869140625,0.465185284614563,0.07942771911621094,0.31223899126052856
1771525736029768400,4.9837685546875,0.49304401874542236,0.029577255249023438,0.2848915755748749
1771525736039771100,4.993771240234375,0.7289491891860962,0.1229400634765625,0.3213258683681488
1771525736049773800,5.00377392578125,0.9317718744277954,0.13937759399414062,0.19390404224395752
1771525736059776500,5.013776611328125,1.1069879531860352,0.11266517639160156,0.013618826866149902
1771525736069779200,5.023779296875,1.2789921760559082,-0.06687355041503906,-0.23633351922035217
1771525736079782000,5.033781982421875,1.3196765184402466,-0.3128929138183594,-0.44798731803894043
1771525736089784600,5.04378466796875,1.3978207111358643,-0.6205549240112305,-0.6563968062400818
1771525736099787300,5.053787353515625,1.4094794988632202,-0.918177604675293,-0.8583815097808838
1771525736109790200,5.063790283203125,1.2981246709823608,-1.1437854766845703,-0.8161121606826782
1771525736119793000,5.07379296875,1.0574373006820679,-1.4359197616577148,-0.6501168012619019
1771525736129795600,5.083795654296875,0.8198819160461426,-1.7226486206054688,-0.48909837007522583
1771525736139798300,5.09379833984375,0.5477439165115356,-2.051881790161133,-0.3357385993003845
1771525736149801000,5.103801025390625,0.34742164611816406,-2.3091092109680176,-0.15852805972099304
1771525736159803600,5.1138037109375,0.14239871501922607,-2.494555950164795,-0.17626091837882996
1771525736169806300,5.123806396484375,-0.05422043800354004,-2.5413565635681152,-0.26560869812965393
1771525736179809000,5.13380908203125,-0.1481395959854126,-2.578644275665283,-0.2797389328479767
1771525736189811700,5.143811767578125,-0.21245580911636353,-2.5967307090759277,-0.21982122957706451
1771525736199814400,5.153814453125,-0.1849561333656311,-2.6339011192321777,-0.18600669503211975
1771525736209817000,5.163817138671875,-0.1409693956375122,-2.537437915802002,-0.10049217939376831
1771525736219819800,5.17381982421875,-0.1376734972000122,-2.451005458831787,0.051751792430877686
1771525736229822700,5.18382275390625,-0.19957029819488525,-2.2837882041931152,0.013928413391113281
1771525736239825400,5.193825439453125,-0.269902765750885,-2.083683967590332,-0.08896121382713318
1771525736249828000,5.203828125,-0.3163444995880127,-1.8745594024658203,-0.17034733295440674
1771525736259830800,5.213830810546875,-0.5126656293869019,-1.6896648406982422,-0.26003217697143555
1771525736269833500,5.22383349609375,-0.364113986492157,-1.4713935852050781,-0.3534855246543884
1771525736279836200,5.233836181640625,-0.004312336444854736,-1.1578216552734375,-0.5371959209442139
1771525736289838800,5.2438388671875,0.47786611318588257,-0.8496885299682617,-0.6784721612930298
1771525736299841500,5.253841552734375,0.8388816118240356,-0.5092172622680664,-0.8120137453079224
1771525736309844200,5.26384423828125,0.9485359191894531,-0.18932437896728516,-0.8755794763565063
1771525736319847000,5.273846923828125,0.7923540472984314,0.17697620391845703,-0.8205094933509827
1771525736329849600,5.283849609375,0.4062080383300781,0.5564117431640625,-0.6698662042617798
1771525736339852300,5.293852294921875,0.4078230857849121,0.8871297836303711,-0.5792107582092285
1771525736349855000,5.30385498046875,0.5179997086524963,1.1311044692993164,-0.6715497970581055
1771525736359858000,5.31385791015625,0.28772783279418945,1.5560741424560547,-0.5997699499130249
1771525736369860600,5.323860595703125,0.37095963954925537,1.7843313217163086,-0.4785900115966797
1771525736379863300,5.33386328125,0.6657348871231079,2.040959358215332,-0.46245086193084717
1771525736389866000,5.343865966796875,0.9736579060554504,2.2301836013793945,-0.3329651653766632
1771525736399868400,5.353868408203125,1.1482341289520264,2.3425378799438477,-0.19201265275478363
1771525736409871000,5.36387109375,1.2758187055587769,2.4929075241088867,-0.2946961224079132
1771525736419873800,5.373873779296875,1.2439429759979248,2.709784507751465,-0.25079578161239624
1771525736429876500,5.38387646484375,0.7516779899597168,2.9691991806030273,-0.07529890537261963
1771525736439879200,5.393879150390625,-0.018254518508911133,3.2092485427856445,0.28101441264152527
1771525736449881900,5.4038818359375,-0.7312443256378174,3.2964344024658203,0.8695701956748962
1771525736459884500,5.413884521484375,-0.9632832407951355,3.1786842346191406,1.2754348516464233
1771525736469887200,5.42388720703125,-0.48524951934814453,2.91385555267334,1.182781457901001
1771525736479889700,5.4338896484375,0.5573909282684326,2.4256105422973633,0.884782612323761
1771525736509897700,5.463897705078125,3.633929967880249,0.9862041473388672,-0.14146792888641357
1771525736519900400,5.473900390625,3.2224531173706055,0.7972269058227539,0.07777237892150879
1771525736529903000,5.483903076171875,2.066462278366089,0.5367059707641602,0.5323917865753174
1771525736539905800,5.49390576171875,0.7470606565475464,0.30071449279785156,0.8702298998832703
1771525736549908500,5.503908447265625,-0.23089295625686646,0.11805438995361328,1.007490634918213
1771525736559911000,5.513910888671875,-0.8207319378852844,-0.06372928619384766,1.0765304565429688
1771525736569913600,5.52391357421875,-1.0545650720596313,-0.20624065399169922,0.9725885391235352
1771525736579916300,5.533916259765625,-1.0007022619247437,-0.5004196166992188,0.7511532306671143
1771525736589919000,5.5439189453125,-0.5011855363845825,-0.8883495330810547,0.5038686990737915
1771525736599921700,5.553921630859375,0.17016339302062988,-1.2647247314453125,0.3450658321380615
1771525736609924400,5.56392431640625,0.7754618525505066,-1.6108055114746094,0.3289485275745392
1771525736619927000,5.573927001953125,1.1275004148483276,-1.9173879623413086,0.3245543837547302
1771525736639932200,5.59393212890625,1.3686449527740479,-2.523101329803467,0.47780653834342957
1771525736649934800,5.603934814453125,1.147359848022461,-2.73691463470459,0.5017642974853516
1771525736659937500,5.6139375,0.8757585287094116,-2.9411869049072266,0.37713423371315
1771525736669940200,5.623940185546875,0.7257554531097412,-3.107417106628418,0.2355881631374359
1771525736679943000,5.63394287109375,0.5561158657073975,-3.1787800788879395,0.06914806365966797
1771525736689945600,5.643945556640625,0.30427682399749756,-3.203307628631592,-0.07817289233207703
1771525736699948300,5.6539482421875,0.0883030891418457,-3.1809325218200684,-0.28824254870414734
1771525736709951000,5.663950927734375,-0.1806163787841797,-3.097031593322754,-0.40083837509155273
1771525736729956000,5.6839560546875,-0.32166045904159546,-2.9056692123413086,-0.3913220763206482
1771525736739958800,5.693958740234375,-0.26605021953582764,-2.7743091583251953,-0.2754218578338623
1771525736749961500,5.70396142578125,-0.19140738248825073,-2.5954527854919434,-0.1709945797920227
1771525736759964200,5.713964111328125,-0.06831085681915283,-2.4314627647399902,-0.07661876082420349
1771525736769966800,5.723966796875,0.008674860000610352,-2.225135326385498,-0.05371376872062683
1771525736779969500,5.733969482421875,0.04932284355163574,-1.9479284286499023,-0.0925929844379425
1771525736789972200,5.74397216796875,0.02469778060913086,-1.6142616271972656,-0.15578502416610718
1771525736799974700,5.753974609375,-0.026949167251586914,-1.2337722778320312,-0.17246803641319275
1771525736809977300,5.763977294921875,-0.21503305435180664,-0.8496236801147461,-0.1040228009223938
1771525736819980000,5.77397998046875,-0.30702245235443115,-0.4950990676879883,-0.09265404939651489
1771525736829983000,5.78398291015625,-0.23785167932510376,-0.107879638671875,-0.19026994705200195
1771525736839985700,5.793985595703125,-0.07428967952728271,0.2594108581542969,-0.25946637988090515
1771525736849988400,5.80398828125,0.20395588874816895,0.6162919998168945,-0.2493095099925995
1771525736859991000,5.813990966796875,0.5358104705810547,0.9148721694946289,-0.11658823490142822
1771525736879996400,5.833996337890625,0.9077258110046387,1.4228572845458984,0.34582096338272095
1771525736889999000,5.8439990234375,1.0369964838027954,1.6320743560791016,0.5349749326705933
1771525736900001800,5.854001708984375,0.9665753245353699,1.921280860900879,0.7364973425865173
1771525736910004500,5.86400439453125,0.7218267917633057,2.3050403594970703,0.9355423450469971
1771525736920007200,5.874007080078125,0.5547623038291931,2.468520164489746,0.8399004340171814
1771525736930009900,5.884009765625,0.7572593688964844,2.8472633361816406,0.9420225620269775
1771525736940012500,5.894012451171875,1.0162345170974731,3.0440359115600586,0.7623109817504883
1771525736950015200,5.90401513671875,1.192611813545227,3.589101791381836,0.7691277265548706
1771525736960018200,5.91401806640625,0.6534104347229004,3.5213937759399414,0.13955259323120117
1771525736970020900,5.924020751953125,0.32061636447906494,3.7170000076293945,0.16141146421432495
1771525736980023600,5.9340234375,0.20222800970077515,3.411219596862793,-0.2891799211502075
1771525736990026200,5.944026123046875,0.4762498736381531,3.154817581176758,-0.7853717803955078
1771525737000029000,5.95402880859375,1.342257022857666,2.6756973266601562,-1.1256213188171387
1771525737010031600,5.964031494140625,2.5384554862976074,2.1222124099731445,-1.2817997932434082
1771525737020034300,5.974034423828125,3.2625935077667236,1.4985332489013672,-1.132820725440979
1771525737030037000,5.984037109375,3.1988348960876465,1.0714960098266602,-0.8319202661514282
1771525737040039700,5.994039794921875,2.1890220642089844,0.9070396423339844,-0.3863016963005066
1771525737050042400,6.00404248046875,0.6963561773300171,0.7278861999511719,0.0417439341545105
1771525737060045000,6.014045166015625,-0.5285923480987549,0.5826311111450195,0.12650209665298462
1771525737070047700,6.0240478515625,-1.2734402418136597,0.4049263000488281,0.09927195310592651
1771525737080050700,6.03405078125,-1.6664918661117554,0.30025482177734375,0.07557451725006104
1771525737090053400,6.044053466796875,-1.8129422664642334,0.1257648468017578,0.001234203577041626
1771525737100056000,6.05405615234375,-1.184781551361084,-0.15121936798095703,-0.1847953498363495
1771525737110058800,6.064058837890625,-0.15800034999847412,-0.5356845855712891,-0.4328250586986542
1771525737120061400,6.0740615234375,0.727770209312439,-0.8755178451538086,-0.63055419921875
1771525737130064100,6.084064208984375,1.2222849130630493,-1.2386589050292969,-0.7833333015441895
1771525737140066800,6.09406689453125,1.2362306118011475,-1.4962949752807617,-0.9538472890853882
1771525737150069500,6.104069580078125,0.9887502193450928,-1.686802864074707,-0.7934316396713257
1771525737160072200,6.114072265625,0.8085973262786865,-2.015669822692871,-0.5740945339202881
1771525737170075000,6.124074951171875,0.7334780693054199,-2.1530232429504395,-0.524527907371521
1771525737180077600,6.13407763671875,0.7445968389511108,-2.3239798545837402,-0.5155913829803467
1771525737190080300,6.144080322265625,0.6665440797805786,-2.5096592903137207,-0.4849150776863098
1771525737200083000,6.1540830078125,0.5538607835769653,-2.657834053039551,-0.427877277135849
1771525737210086000,6.1640859375,0.41752755641937256,-2.8453149795532227,-0.24360759556293488
1771525737220088600,6.174088623046875,0.24203133583068848,-2.914229393005371,-0.15169912576675415
1771525737230091300,6.18409130859375,0.09334397315979004,-2.8838138580322266,-0.028208628296852112
1771525737240094000,6.194093994140625,0.050953030586242676,-2.754092216491699,0.13834311068058014
1771525737250096600,6.2040966796875,-0.024426579475402832,-2.740182876586914,0.15312570333480835
1771525737260099300,6.214099365234375,-0.07379889488220215,-2.4591526985168457,0.09785288572311401
1771525737270102000,6.22410205078125,0.028562545776367188,-2.3506293296813965,0.04580588638782501
1771525737280104700,6.234104736328125,0.11132872104644775,-2.032191276550293,-0.0664355456829071
1771525737290107400,6.244107421875,0.22312664985656738,-1.8913593292236328,-0.19172440469264984
1771525737300110000,6.254110107421875,0.303561806678772,-1.6413688659667969,-0.4207700490951538
1771525737330118100,6.2841181640625,0.4314146041870117,-0.7622261047363281,-0.7822520732879639
1771525737340120800,6.294120849609375,0.5207517147064209,-0.4962778091430664,-0.9034883379936218
1771525737350123500,6.30412353515625,0.630933403968811,-0.0831146240234375,-1.0977247953414917
1771525737360126200,6.314126220703125,0.7160487174987793,0.2378072738647461,-1.1824458837509155
1771525737370129000,6.32412890625,0.7251299619674683,0.6193866729736328,-1.2195791006088257
1771525737380131600,6.334131591796875,0.6434831619262695,0.9803972244262695,-1.2902724742889404
1771525737390134300,6.34413427734375,0.5552477836608887,1.3832988739013672,-1.1743221282958984
1771525737400136700,6.35413671875,0.4618033170700073,1.7281131744384766,-1.090731143951416
1771525737410139400,6.364139404296875,0.2877168655395508,2.1874256134033203,-0.9368821978569031
1771525737420142000,6.37414208984375,0.8816001415252686,2.4357099533081055,-0.5430115461349487
1771525737430144800,6.384144775390625,1.0589227676391602,2.6260929107666016,-0.262535035610199
1771525737440147500,6.3941474609375,1.1812865734100342,2.7780933380126953,-0.09536722302436829
1771525737450150100,6.404150146484375,1.3690190315246582,2.9633684158325195,-0.0658722072839737
1771525737460152800,6.41415283203125,1.1050519943237305,3.076399803161621,0.17275531589984894
1771525737470155500,6.424155517578125,0.43859660625457764,3.279787063598633,0.5039445161819458
1771525737480158000,6.434157958984375,-0.258620023727417,3.415848731994629,1.0398317575454712
1771525737490160600,6.44416064453125,-0.9190518856048584,3.3274240493774414,1.4328545331954956
1771525737500163300,6.454163330078125,-0.9759434461593628,3.173140525817871,1.2354906797409058
1771525737510166000,6.464166015625,-0.4206271767616272,2.967432975769043,0.859582781791687
1771525737520168700,6.474168701171875,0.528954803943634,2.5430688858032227,0.506766676902771
1771525737530171400,6.48417138671875,1.5895795822143555,2.158254623413086,0.01677355356514454
1771525737540174000,6.494174072265625,2.2857155799865723,1.8218612670898438,-0.28757697343826294
1771525737550176800,6.5041767578125,2.234509229660034,1.5143585205078125,-0.18040603399276733
1771525737560179200,6.51417919921875,2.485604763031006,1.0492734909057617,0.17450548708438873
1771525737570182000,6.524181884765625,0.04999351501464844,1.1485280990600586,0.34650444984436035
1771525737580184600,6.5341845703125,-0.7408592700958252,0.785099983215332,0.894795835018158
1771525737590187300,6.544187255859375,-0.9246727824211121,0.7343215942382812,0.6322816014289856
1771525737600190000,6.55418994140625,-0.8832905888557434,0.42237186431884766,0.33339303731918335
1771525737610192600,6.564192626953125,-0.14644956588745117,0.25571250915527344,0.15305547416210175
1771525737620195300,6.5741953125,0.5072271227836609,-0.2823038101196289,-0.0757199376821518
1771525737630198000,6.584197998046875,1.0356838703155518,-0.7899255752563477,-0.08805805444717407
1771525737650203100,6.604203125,1.751702070236206,-1.7964553833007812,-0.16382083296775818
1771525737660205800,6.614205810546875,2.0257604122161865,-2.128647804260254,-0.16477087140083313
1771525737670208500,6.62420849609375,2.097750663757324,-2.4223580360412598,-0.27654632925987244
1771525737680211200,6.634211181640625,1.8349696397781372,-2.739879608154297,-0.07959923148155212
1771525737690214000,6.6442138671875,1.471938133239746,-2.9949951171875,0.32056888937950134
1771525737700216600,6.654216552734375,1.0638127326965332,-3.264357089996338,0.5131064653396606
1771525737710219300,6.66421923828125,0.6788578629493713,-3.4285340309143066,0.6948713064193726
1771525737720221700,6.6742216796875,0.18134033679962158,-3.5258212089538574,0.7335779070854187
1771525737730224400,6.684224365234375,-0.17794257402420044,-3.6803598403930664,0.5717844367027283
1771525737740227000,6.69422705078125,-0.35251230001449585,-3.7438879013061523,0.36601001024246216
1771525737750229800,6.704229736328125,-0.5786021947860718,-3.73085880279541,0.09452781081199646
1771525737760232400,6.714232421875,-0.864483118057251,-3.6412129402160645,-0.22695842385292053
1771525737770235100,6.724235107421875,-0.9123519062995911,-3.532214641571045,-0.4378367066383362
1771525737780237800,6.73423779296875,-0.7460770606994629,-3.3753037452697754,-0.5099700689315796
1771525737790240500,6.744240478515625,-0.6034351587295532,-3.151599407196045,-0.36219435930252075
1771525737800243000,6.754242919921875,-0.40220773220062256,-2.8660812377929688,-0.256919264793396
1771525737810245600,6.76424560546875,-0.13567155599594116,-2.5906949043273926,-0.2079431116580963
1771525737820248300,6.774248291015625,-0.112559974193573,-2.253905773162842,-0.000003557652235031128
1771525737830251000,6.7842509765625,-0.10316383838653564,-1.8892498016357422,0.272628515958786
1771525737840253700,6.794253662109375,0.009070217609405518,-1.539947509765625,0.4258493185043335
1771525737850256400,6.80425634765625,0.05846971273422241,-1.0771827697753906,0.4862746298313141
1771525737860259000,6.814259033203125,-0.007989168167114258,-0.6206388473510742,0.6614966988563538
1771525737870261800,6.82426171875,-0.0005453824996948242,-0.08899879455566406,0.8996708393096924
1771525737880264400,6.834264404296875,-0.15063345432281494,0.05917930603027344,0.5634373426437378
1771525737890267100,6.84426708984375,0.2128545045852661,0.5033597946166992,0.6749497056007385
1771525737900269800,6.854269775390625,0.4265812635421753,0.9990386962890625,0.7542425394058228
1771525737910272500,6.8642724609375,0.45447635650634766,1.1399593353271484,0.5169920921325684
1771525737920275200,6.874275146484375,0.3901051878929138,1.5481653213500977,0.5041259527206421
1771525737930278000,6.88427783203125,0.37076377868652344,1.8266820907592773,0.3235207796096802
1771525737940280600,6.894280517578125,0.3285509943962097,2.1717710494995117,0.29494112730026245
1771525737950283300,6.904283203125,0.3521685004234314,2.521388053894043,0.289048433303833
1771525737960286000,6.914285888671875,0.5961772799491882,2.9374818801879883,0.2906724214553833
1771525737970288600,6.92428857421875,0.6426002979278564,3.2094078063964844,0.31188759207725525
1771525737980291300,6.934291259765625,0.5127084255218506,3.5379037857055664,0.11174751818180084
1771525737990294300,6.944294189453125,-0.017520904541015625,3.836836814880371,-0.12313582003116608
1771525738000297000,6.954296875,-0.5563665628433228,3.715184211730957,-0.31564921140670776
1771525738010299600,6.964299560546875,-0.8011581897735596,3.5043935775756836,-0.6025718450546265
1771525738030305000,6.984304931640625,0.47501158714294434,3.101689338684082,-0.9513257741928101
1771525738040307700,6.9943076171875,1.9690886735916138,2.7144861221313477,-0.9424631595611572
1771525738050310400,7.004310302734375,3.6628599166870117,2.2294235229492188,-0.8414145112037659
1771525738060313000,7.01431298828125,4.703441619873047,1.9260978698730469,-0.4239378869533539
1771525738070315800,7.024315673828125,4.3091936111450195,1.6205329895019531,0.3182266354560852
1771525738090321200,7.044321044921875,1.8027852773666382,1.0875186920166016,0.5915713310241699
1771525738100323800,7.05432373046875,1.1543326377868652,1.1284151077270508,0.5669717788696289
1771525738110326800,7.064326904296875,0.012434720993041992,0.4654827117919922,0.6626085042953491
1771525738130332200,7.084332275390625,-0.3989773988723755,0.4229116439819336,-0.26020681858062744
1771525738140334800,7.0943349609375,0.044213294982910156,0.02529621124267578,-0.6479637622833252
1771525738150337500,7.104337646484375,0.6109516620635986,-0.3320741653442383,-0.7916841506958008
1771525738160340200,7.11434033203125,0.9964920282363892,-0.7028770446777344,-0.9607930779457092
1771525738170343000,7.124343017578125,1.0799007415771484,-1.0876636505126953,-0.957870602607727
1771525738180345600,7.134345703125,0.9830924272537231,-1.4294586181640625,-1.008021354675293
1771525738190348300,7.144348388671875,0.6811486482620239,-1.7377128601074219,-1.0003408193588257
1771525738200351000,7.15435107421875,0.3491806983947754,-2.0169458389282227,-0.8425365686416626
1771525738210353700,7.164353759765625,0.19834434986114502,-2.267460346221924,-0.6381884217262268
1771525738230359000,7.184359130859375,-0.06465303897857666,-2.6070308685302734,-0.18207471072673798
1771525738240362000,7.194362060546875,-0.16138684749603271,-2.653707504272461,-0.11018463969230652
1771525738250364700,7.20436474609375,-0.2004246711730957,-2.682156562805176,-0.1271493285894394
1771525738260367400,7.214367431640625,-0.29644668102264404,-2.6159868240356445,-0.17625664174556732
1771525738270370000,7.2243701171875,-0.4228247404098511,-2.502737522125244,-0.2729574143886566
1771525738280372700,7.234372802734375,-0.43966758251190186,-2.3943581581115723,-0.342598021030426
1771525738290375400,7.24437548828125,-0.3707062005996704,-2.3051962852478027,-0.4066137671470642
1771525738300378000,7.254378173828125,-0.276128888130188,-2.230813503265381,-0.3457587957382202
1771525738310380500,7.264380615234375,-0.28468215465545654,-2.042269706726074,-0.32163357734680176
1771525738320383200,7.27438330078125,-0.4439687728881836,-1.8449153900146484,-0.2185879945755005
1771525738330386000,7.284385986328125,-0.7265176773071289,-1.662440299987793,-0.10519450902938843
1771525738340388600,7.294388671875,-0.8617381453514099,-1.3846797943115234,-0.13146911561489105
1771525738350391300,7.304391357421875,-0.7550421357154846,-1.0500450134277344,-0.1904115229845047
1771525738360394000,7.31439404296875,-0.40566349029541016,-0.6637125015258789,-0.3008849620819092
1771525738370396700,7.324396728515625,0.07327044010162354,-0.2022409439086914,-0.38783901929855347
1771525738380399400,7.3343994140625,0.6030515432357788,0.19525146484375,-0.4003882110118866
1771525738390401800,7.34440185546875,1.0703850984573364,0.5383176803588867,-0.5171943306922913
1771525738400404500,7.354404541015625,1.305571436882019,0.7838811874389648,-0.6211193799972534
1771525738410407200,7.3644072265625,1.2528178691864014,1.0802278518676758,-0.7045304775238037
1771525738420409900,7.374409912109375,0.9763907194137573,1.3896484375,-0.6438707709312439
1771525738430412500,7.38441259765625,0.5383396148681641,1.6890497207641602,-0.428020179271698
1771525738440415200,7.394415283203125,0.28199148178100586,1.9792003631591797,-0.2644532322883606
1771525738450418000,7.40441796875,0.28152620792388916,2.226808547973633,-0.13659922778606415
1771525738460420600,7.414420654296875,0.4887508153915405,2.3745346069335938,-0.11523561179637909
1771525738470423000,7.424423095703125,1.0141689777374268,2.5466156005859375,-0.12934575974941254
1771525738480425700,7.43442578125,1.4323750734329224,2.6945581436157227,-0.2150266021490097
1771525738490428400,7.444428466796875,1.247658133506775,2.8416566848754883,-0.03144536912441254
1771525738500431000,7.45443115234375,0.2793639898300171,2.8638553619384766,0.36752045154571533
1771525738510433800,7.464433837890625,-1.0212130546569824,2.75299072265625,0.9177998900413513
1771525738520436500,7.4744365234375,-1.872834324836731,2.563243865966797,1.2484418153762817
1771525738530439200,7.484439208984375,-1.6816961765289307,2.3719186782836914,1.0687366724014282
1771525738540441900,7.49444189453125,-0.4546319246292114,2.088350296020508,0.527287483215332
1771525738550444500,7.504444580078125,1.3695456981658936,1.693068504333496,-0.12331128865480423
1771525738560447000,7.514447021484375,3.0574450492858887,1.3043804168701172,-0.5477464199066162
1771525738570449700,7.52444970703125,3.960643768310547,0.9638652801513672,-0.49041059613227844
1771525738580452400,7.534452392578125,3.738504648208618,0.6369190216064453,-0.07550972700119019
1771525738590455000,7.544455078125,2.674306631088257,0.35214900970458984,0.404617041349411
1771525738600457700,7.554457763671875,1.390928864479065,0.12437248229980469,0.7924113869667053
1771525738610460400,7.56446044921875,0.18925917148590088,-0.0935983657836914,0.871468186378479
1771525738620463000,7.574463134765625,-0.6518593430519104,-0.11915779113769531,0.7259157299995422
1771525738630465800,7.5844658203125,-1.2321979999542236,-0.32477474212646484,0.5904616713523865
1771525738640468200,7.59446826171875,-1.292586088180542,-0.5613460540771484,0.21993614733219147
1771525738650471000,7.604470947265625,-0.7774706482887268,-0.8476343154907227,-0.27690589427948
1771525738660473600,7.6144736328125,-0.05061542987823486,-1.198603630065918,-0.5103424787521362
1771525738670476300,7.624476318359375,0.700076699256897,-1.4626789093017578,-0.6279205679893494
1771525738680479000,7.63447900390625,1.0261774063110352,-1.6936779022216797,-0.5265263915061951
1771525738690481700,7.644481689453125,0.9712597131729126,-1.9012775421142578,-0.31209343671798706
1771525738700484400,7.654484375,0.7837809324264526,-2.142754077911377,-0.0020142793655395508
1771525738710487000,7.664487060546875,0.531859278678894,-2.360900402069092,0.2542794942855835
1771525738720489500,7.674489501953125,0.27400267124176025,-2.47481107711792,0.26960650086402893
1771525738730492200,7.6844921875,0.07170581817626953,-2.5276637077331543,0.23760545253753662
1771525738740494800,7.694494873046875,-0.0902106761932373,-2.6341514587402344,0.2790452837944031
1771525738750497500,7.70449755859375,-0.16264760494232178,-2.6893815994262695,0.33735132217407227
1771525738760500200,7.714500244140625,-0.1879178285598755,-2.712794303894043,0.3562462031841278
1771525738770503000,7.7245029296875,-0.2868150472640991,-2.7042083740234375,0.25405922532081604
1771525738780505600,7.734505615234375,-0.354708194732666,-2.6778717041015625,0.14893777668476105
1771525738790508300,7.74450830078125,-0.4926072359085083,-2.638430595397949,0.09762022644281387
1771525738810513400,7.764513427734375,-0.9268207550048828,-2.3271985054016113,0.08829057961702347
1771525738820516000,7.77451611328125,-1.1772005558013916,-2.030545711517334,0.07627169042825699
1771525738830518800,7.784518798828125,-1.4178736209869385,-1.714468002319336,0.17800316214561462
1771525738840521500,7.794521484375,-1.3780488967895508,-1.3931407928466797,0.23195229470729828
1771525738850524200,7.804524169921875,-1.0467326641082764,-0.9762611389160156,0.26326602697372437
1771525738860526800,7.81452685546875,-0.6994267702102661,-0.5361385345458984,0.35809436440467834
1771525738870529500,7.824529541015625,-0.3438549041748047,-0.18779850006103516,0.3966487944126129
1771525738880532000,7.834531982421875,0.06956756114959717,0.10209941864013672,0.4507378041744232
1771525738890534700,7.84453466796875,0.5001766681671143,0.3380603790283203,0.5010250806808472
1771525738900537300,7.854537353515625,0.734050989151001,0.5821571350097656,0.46572548151016235
1771525738910540000,7.8645400390625,0.7439329624176025,0.7864961624145508,0.5212149024009705
1771525738920542700,7.874542724609375,0.6340075731277466,1.0517444610595703,0.4391697645187378
1771525738930545400,7.88454541015625,0.3952765464782715,1.402409553527832,0.21935169398784637
1771525738940548000,7.894548095703125,0.09935438632965088,1.67193603515625,0.15216286480426788
1771525738950550800,7.90455078125,0.08585786819458008,1.9805898666381836,0.04128611087799072
1771525738960553200,7.91455322265625,0.4688241481781006,2.35211181640625,-0.08584155142307281
1771525738970556000,7.924555908203125,0.7097634077072144,2.7430200576782227,0.003309383988380432
1771525738980558600,7.93455859375,0.9462915658950806,3.071533203125,0.19309790432453156
1771525738990561300,7.944561279296875,0.8190135955810547,3.4470863342285156,0.27013108134269714
1771525739000564000,7.95456396484375,0.33568692207336426,3.601734161376953,0.37950846552848816
1771525739010566700,7.964566650390625,-0.25721025466918945,3.6223907470703125,0.5472413301467896
1771525739020569300,7.9745693359375,-0.7265927195549011,3.3819570541381836,0.31283798813819885
1771525739030572000,7.984572021484375,-0.41391193866729736,3.1638011932373047,0.0002497732639312744
1771525739040574700,7.99457470703125,0.7036911249160767,2.576249122619629,-0.23401790857315063
1771525739050577400,8.004577392578126,2.330197334289551,1.9633121490478516,-0.5676634907722473
1771525739060580000,8.014580078125,3.6371917724609375,1.3516120910644531,-0.8354961276054382
1771525739070582800,8.024582763671875,4.1246209144592285,0.8682441711425781,-0.8706228733062744
1771525739080585500,8.03458544921875,3.390190601348877,0.568791389465332,-0.5292266607284546
1771525739090588200,8.044588134765625,1.8725883960723877,0.3481321334838867,-0.11018000543117523
1771525739100590800,8.0545908203125,0.43920254707336426,0.20269393920898438,0.2558964490890503
1771525739110593500,8.064593505859374,-0.8203566074371338,0.1436147689819336,0.5853407382965088
1771525739120596200,8.07459619140625,-1.6371729373931885,0.16810894012451172,0.5862432718276978
1771525739130599000,8.084598876953125,-1.5311570167541504,-0.02368640899658203,0.22870837152004242
1771525739140601600,8.0946015625,-0.6765767335891724,-0.34099769592285156,-0.20190614461898804
1771525739150604500,8.1046044921875,0.33164238929748535,-0.7657384872436523,-0.7471137642860413
1771525739160607200,8.114607177734374,1.1126704216003418,-1.0742769241333008,-1.2259955406188965
1771525739170610000,8.12460986328125,1.7258524894714355,-1.3923768997192383,-1.4243204593658447
1771525739180612600,8.134612548828125,1.8087036609649658,-1.7403192520141602,-1.0786911249160767
1771525739190615300,8.144615234375,1.3716528415679932,-2.0225772857666016,-0.6846408843994141
1771525739200618000,8.154617919921876,0.7210900783538818,-2.2143750190734863,-0.44927456974983215
1771525739210620700,8.16462060546875,0.21300339698791504,-2.4348082542419434,-0.1869395226240158
1771525739220623400,8.174623291015624,-0.16947078704833984,-2.5974178314208984,0.04446129500865936
1771525739230626000,8.1846259765625,-0.40644943714141846,-2.707408905029297,0.09418021142482758
1771525739240628700,8.194628662109375,-0.40631163120269775,-2.7604141235351562,0.04313157498836517
1771525739250631400,8.20463134765625,-0.30725932121276855,-2.761532783508301,-0.1393391340970993
1771525739260634000,8.214634033203126,-0.14997553825378418,-2.7257604598999023,-0.3319926857948303
1771525739270636800,8.22463671875,-0.019780874252319336,-2.615131378173828,-0.4654446840286255
1771525739280639700,8.2346396484375,-0.13358688354492188,-2.5105295181274414,-0.5325933694839478
1771525739290642400,8.244642333984375,-0.29730165004730225,-2.4496026039123535,-0.5621548295021057
1771525739300645000,8.25464501953125,-0.4444591999053955,-2.3365960121154785,-0.49522069096565247
1771525739310647800,8.264647705078126,-0.6663711071014404,-2.2384161949157715,-0.44406911730766296
1771525739320650500,8.274650390625,-0.7634807825088501,-2.054481029510498,-0.5021416544914246
1771525739330653200,8.284653076171875,-0.7883402109146118,-1.8424053192138672,-0.4820759892463684
1771525739340655900,8.29465576171875,-0.8936622142791748,-1.5259275436401367,-0.45491456985473633
1771525739350658600,8.304658447265625,-0.7461217641830444,-1.2244644165039062,-0.5685481429100037
1771525739360661200,8.3146611328125,-0.41659271717071533,-0.7758817672729492,-0.6415232419967651
1771525739370664000,8.324663818359374,-0.16566836833953857,-0.3625812530517578,-0.6598122715950012
1771525739380666600,8.33466650390625,0.017137527465820312,0.18254661560058594,-0.7181998491287231
1771525739390669300,8.34466943359375,0.25044524669647217,0.658782958984375,-0.7733922600746155
1771525739400672000,8.354672119140625,0.5256326198577881,1.0900278091430664,-0.836033046245575
1771525739420677400,8.374677490234374,0.6895314455032349,1.9761962890625,-0.8786590099334717
1771525739430680000,8.38468017578125,0.6154770851135254,2.3224706649780273,-0.6034553050994873
1771525739440682500,8.3946826171875,0.5802525281906128,2.578122138977051,-0.3165105879306793
1771525739450685200,8.404685302734375,0.8936108350753784,2.7768325805664062,-0.1114330142736435
1771525739460688000,8.41468798828125,1.2927865982055664,2.875530242919922,0.07070843875408173
1771525739470690600,8.424690673828126,1.9199315309524536,2.9262561798095703,0.1931632161140442
1771525739480693200,8.434693359375,2.2613823413848877,3.075871467590332,0.127565398812294
1771525739490696000,8.444696044921875,1.8403067588806152,3.208786964416504,0.1539643108844757
1771525739500698600,8.45469873046875,0.5833947658538818,3.325885772705078,0.3974077105522156
1771525739510701300,8.464701416015625,-1.1368181705474854,3.4912290573120117,0.8696439862251282
1771525739520703700,8.474703857421876,-2.4823195934295654,3.45828914642334,1.219391107559204
1771525739530706400,8.48470654296875,-2.505802631378174,3.3627891540527344,1.1904196739196777
1771525739540709000,8.494709228515624,-1.4112941026687622,3.0902366638183594,0.6157869696617126
1771525739550711800,8.5047119140625,0.47617530822753906,2.492177963256836,0.07873937487602234
1771525739560714500,8.514714599609375,2.5310285091400146,1.9118499755859375,-0.3752129077911377
1771525739570717200,8.52471728515625,4.136630058288574,1.2419681549072266,-0.601154088973999
1771525739580719900,8.534719970703126,4.645412445068359,0.6958322525024414,-0.15017105638980865
1771525739590722600,8.54472265625,3.9782705307006836,0.2912635803222656,0.4688307046890259
1771525739600725000,8.55472509765625,2.5940756797790527,0.06631851196289062,0.925736129283905
1771525739610727700,8.564727783203125,1.061098337173462,-0.12661266326904297,1.0941969156265259
1771525739620730400,8.57473046875,-0.3189769983291626,-0.22402286529541016,1.189992904663086
1771525739630733000,8.584733154296876,-1.226081371307373,-0.3153524398803711,1.0964057445526123
1771525739640735700,8.59473583984375,-1.5509045124053955,-0.5861034393310547,0.7849371433258057
1771525739650738400,8.604738525390625,-1.2098398208618164,-0.9207782745361328,0.15570053458213806
1771525739660741000,8.6147412109375,-0.4642266035079956,-1.2668848037719727,-0.44264841079711914
1771525739670743800,8.624743896484375,0.2742685079574585,-1.5964508056640625,-0.8241753578186035
1771525739680746200,8.634746337890626,0.7708876132965088,-2.072671890258789,-0.9617598056793213
1771525739690749000,8.6447490234375,0.9729410409927368,-2.352116107940674,-0.8872458934783936
1771525739700751600,8.654751708984374,0.7910412549972534,-2.626504898071289,-0.6959983110427856
1771525739710754300,8.66475439453125,0.4109112024307251,-2.8573455810546875,-0.4884151220321655
1771525739720757000,8.674757080078125,0.06391191482543945,-3.140585422515869,-0.10274149477481842
1771525739730759700,8.684759765625,-0.4066663980484009,-3.438167095184326,0.23844105005264282
1771525739740762400,8.694762451171876,-0.7292567491531372,-3.449063777923584,0.196318581700325
1771525739750765000,8.70476513671875,-0.8313999176025391,-3.5182905197143555,0.19523662328720093
1771525739760767500,8.714767578125,-0.6232006549835205,-3.516770362854004,0.1069759726524353
1771525739770770200,8.724770263671875,-0.29263007640838623,-3.459834575653076,0.06831628084182739
1771525739780772900,8.73477294921875,-0.13917160034179688,-3.5055675506591797,0.03842306137084961
1771525739790775600,8.744775634765626,0.010423898696899414,-3.4150023460388184,0.044317662715911865
1771525739800778200,8.7547783203125,-0.19828271865844727,-3.3171353340148926,0.08922472596168518
1771525739810781000,8.764781005859374,-0.6211913824081421,-3.077131748199463,0.033492594957351685
1771525739820783600,8.77478369140625,-1.0991485118865967,-2.8377676010131836,0.11416879296302795
1771525739830786300,8.784786376953125,-1.534754991531372,-2.536357879638672,0.21231889724731445
1771525739840788700,8.794788818359375,-1.9628421068191528,-2.0295939445495605,0.2200813889503479
1771525739850791400,8.80479150390625,-2.2999062538146973,-1.5325803756713867,0.24065065383911133
1771525739860794000,8.814794189453124,-2.2144980430603027,-0.9206743240356445,0.09765395522117615
1771525739870796800,8.824796875,-1.6837158203125,-0.3947887420654297,-0.15291209518909454
1771525739880799500,8.834799560546875,-0.9448029398918152,0.1403970718383789,-0.22273042798042297
1771525739890802200,8.84480224609375,-0.15381193161010742,0.6225004196166992,-0.24071823060512543
1771525739900804900,8.854804931640626,0.6450555324554443,0.9746360778808594,-0.1997741311788559
1771525739910807600,8.8648076171875,1.1548125743865967,1.3015594482421875,-0.0869671106338501
1771525739920810000,8.87481005859375,1.1773090362548828,1.507476806640625,0.32413914799690247
1771525739930812700,8.884812744140625,0.9216043949127197,1.7887792587280273,0.7141318321228027
1771525739940815400,8.8948154296875,0.7538793087005615,1.9926156997680664,0.8596000671386719
1771525739950818000,8.904818115234375,0.5210530757904053,2.305356979370117,1.0638041496276855
1771525739960820700,8.91482080078125,0.3918428421020508,2.440582275390625,1.1143697500228882
1771525739970823400,8.924823486328124,0.7033590078353882,2.7717323303222656,0.8027271032333374
1771525739980826000,8.934826171875,0.9741986989974976,2.992436408996582,0.5887733697891235
1771525739990828800,8.944828857421875,1.3159692287445068,3.212613105773926,0.5614798069000244
1771525740000831200,8.954831298828125,1.3946764469146729,3.5029773712158203,0.501133918762207
1771525740020836600,8.974836669921874,-0.37818002700805664,3.7839488983154297,0.07283616065979004
1771525740030839300,8.98483935546875,-0.9390270113945007,3.7401018142700195,-0.2813054323196411
1771525740040842000,8.994842041015625,-0.7591122388839722,3.4748334884643555,-0.5630494952201843
1771525740050844700,9.0048447265625,0.2632192373275757,3.061030387878418,-0.9934282302856445
1771525740060847400,9.014847412109376,1.907989263534546,2.479445457458496,-1.5386152267456055
1771525740070850000,9.02485009765625,3.274874687194824,1.8670282363891602,-1.5796490907669067
1771525740080852500,9.0348525390625,3.615851402282715,1.4225044250488281,-1.2056515216827393
1771525740090855200,9.044855224609375,3.141055107116699,1.0731134414672852,-0.7769736051559448
1771525740100857900,9.05485791015625,2.304985284805298,0.8662528991699219,-0.3917938470840454
1771525740110860500,9.064860595703125,1.4310461282730103,0.7059793472290039,-0.07792240381240845
1771525740120863200,9.07486328125,0.5486292839050293,0.5401067733764648,0.19507122039794922
1771525740130866000,9.084865966796874,-0.013973474502563477,0.4509706497192383,0.20470499992370605
1771525740140868600,9.09486865234375,-0.17085158824920654,0.24829483032226562,-0.026558667421340942
1771525740150871300,9.104871337890625,0.09529328346252441,-0.000293731689453125,-0.2688399851322174
1771525740160873700,9.114873779296875,0.5421197414398193,-0.3856010437011719,-0.47504183650016785
1771525740170876400,9.12487646484375,1.0112266540527344,-0.798126220703125,-0.7993639707565308
1771525740180879000,9.134879150390624,1.3537967205047607,-1.1096067428588867,-1.180272102355957
1771525740190881800,9.1448818359375,1.3970513343811035,-1.5073728561401367,-1.2348788976669312
1771525740200884500,9.154884521484375,0.9562873840332031,-1.8624725341796875,-0.9895904064178467
1771525740210887200,9.16488720703125,0.24559712409973145,-2.179394245147705,-0.6293007135391235
1771525740220889900,9.174889892578125,-0.4026583433151245,-2.5150461196899414,-0.3020039498806
1771525740230892500,9.184892578125,-0.8175654411315918,-2.80721378326416,0.02635595202445984
1771525740240895000,9.19489501953125,-0.9312690496444702,-3.085176944732666,0.2598403990268707
1771525740250897700,9.204897705078125,-0.9088541269302368,-3.2351107597351074,0.34373483061790466
1771525740260900400,9.214900390625,-1.0093932151794434,-3.290595531463623,0.4261689782142639
1771525740270903000,9.224903076171875,-0.8787683248519897,-3.261514186859131,0.4595213830471039
1771525740280905700,9.23490576171875,-0.9875977039337158,-3.229012966156006,0.39013731479644775
1771525740290908400,9.244908447265624,-1.0496572256088257,-2.9299793243408203,0.2191309928894043
1771525740300911000,9.2549111328125,-1.0341218709945679,-2.8421154022216797,0.012747466564178467
1771525740310913800,9.264913818359375,-0.9515563249588013,-2.630366325378418,-0.08561164140701294
1771525740320916200,9.274916259765625,-0.8728923797607422,-2.4815568923950195,-0.03245830535888672
1771525740330919000,9.2849189453125,-0.9041777849197388,-2.232964038848877,-0.11400318145751953
1771525740340921600,9.294921630859376,-0.7887496948242188,-1.9131183624267578,-0.33579641580581665
1771525740350924300,9.30492431640625,-0.5982996225357056,-1.5460805892944336,-0.5507760047912598
1771525740360927000,9.314927001953125,-0.48703932762145996,-1.1651296615600586,-0.6595007181167603
1771525740370929700,9.3249296875,-0.17813313007354736,-0.7702236175537109,-0.7676296234130859
1771525740380932400,9.334932373046875,0.16299641132354736,-0.4095315933227539,-0.9293924570083618
1771525740390935000,9.34493505859375,0.3704575300216675,-0.011527061462402344,-0.8831089735031128
1771525740400937500,9.3549375,0.4105731248855591,0.39038658142089844,-0.8588228821754456
1771525740410940200,9.364940185546875,0.37274062633514404,0.8300333023071289,-0.9865856170654297
1771525740420942800,9.37494287109375,0.374606728553772,1.374542236328125,-0.9888774752616882
1771525740430945500,9.384945556640625,0.3813450336456299,1.8136663436889648,-0.7886053323745728
1771525740440948200,9.3949482421875,0.648030161857605,2.2809438705444336,-0.5230333805084229
1771525740450951000,9.404950927734374,0.7133693695068359,2.627650260925293,-0.2289249300956726
1771525740460953600,9.41495361328125,0.8881587982177734,2.8301753997802734,-0.0008428692817687988
1771525740470956300,9.424956298828125,1.1791539192199707,3.065185546875,0.21880680322647095
1771525740480958700,9.434958740234375,1.2916488647460938,3.3466310501098633,0.4871872663497925
1771525740490961400,9.44496142578125,1.0363212823867798,3.6980342864990234,0.7521111965179443
1771525740500964000,9.454964111328126,0.4458514451980591,3.9809513092041016,1.07686448097229
1771525740510966800,9.464966796875,-0.2024247646331787,4.062559127807617,1.5027804374694824
1771525740520969500,9.474969482421875,-0.49393928050994873,4.020536422729492,1.56093430519104
1771525740530972200,9.48497216796875,-0.42428135871887207,3.8177452087402344,1.1465214490890503
1771525740540974800,9.494974853515625,0.202559232711792,3.226046562194824,0.5132007002830505
1771525740550977500,9.5049775390625,1.6909844875335693,2.470597267150879,-0.06419578194618225
1771525740560980000,9.51497998046875,3.2079198360443115,1.554443359375,-0.4063061475753784
1771525740570982700,9.524982666015624,3.8383116722106934,0.8295803070068359,-0.4150644540786743
1771525740580985300,9.5349853515625,3.25809907913208,0.4143695831298828,-0.0658126175403595
1771525740590988000,9.544988037109375,1.7839750051498413,0.2611675262451172,0.5504286289215088
1771525740600990700,9.55499072265625,0.17328870296478271,0.02180194854736328,1.0525598526000977
1771525740610993400,9.564993408203126,-1.1509504318237305,-0.11155128479003906,1.305526614189148
1771525740620996000,9.57499609375,-2.1176652908325195,-0.10907554626464844,1.2851853370666504
1771525740630998800,9.584998779296875,-2.423250675201416,-0.27574920654296875,1.216610074043274
1771525740641001500,9.59500146484375,-2.18092679977417,-0.5627641677856445,0.9907442927360535
1771525740651004000,9.60500390625,-1.3429863452911377,-0.9312829971313477,0.4186590313911438
1771525740661006600,9.615006591796876,-0.2546699047088623,-1.2906274795532227,-0.1700718104839325
1771525740671009300,9.62500927734375,0.7604697942733765,-1.732447624206543,-0.4574999213218689
1771525740681012000,9.635011962890625,1.5631264448165894,-2.057469367980957,-0.408949613571167
1771525740691014700,9.6450146484375,1.7875070571899414,-2.3915486335754395,-0.12332236766815186
1771525740701017300,9.655017333984375,1.615342617034912,-2.683138847351074,0.25652000308036804
1771525740711020000,9.66502001953125,1.2174880504608154,-2.9094200134277344,0.532406747341156
1771525740721022700,9.675022705078124,0.755608320236206,-3.0706734657287598,0.6827895641326904
1771525740731025400,9.685025390625,0.33960890769958496,-3.1912331581115723,0.8125582933425903
1771525740741028000,9.695028076171875,-0.1668720245361328,-3.194401264190674,0.7231676578521729
1771525740751030800,9.70503076171875,-0.5824985504150391,-3.1270222663879395,0.4417550563812256
1771525740761033500,9.715033447265625,-0.8108015060424805,-3.06473970413208,0.10866335034370422
1771525740771036400,9.725036376953126,-0.7911136150360107,-2.9163732528686523,-0.19066020846366882
1771525740781039000,9.7350390625,-0.6686915159225464,-2.8404531478881836,-0.2974106967449188
1771525740791041800,9.745041748046875,-0.47871577739715576,-2.5700321197509766,-0.4294552206993103
1771525740801044500,9.75504443359375,-0.4611610174179077,-2.3595852851867676,-0.4213574230670929
1771525740811047200,9.765047119140625,-0.4659343957901001,-2.1520400047302246,-0.3384755551815033
1771525740821049900,9.7750498046875,-0.6381105184555054,-1.8514461517333984,-0.35493871569633484
1771525740831052500,9.785052490234374,-0.7941855192184448,-1.638803482055664,-0.3630554676055908
1771525740841055200,9.79505517578125,-0.8738198280334473,-1.2460460662841797,-0.43214792013168335
1771525740851058000,9.805057861328125,-0.8777892589569092,-1.0795068740844727,-0.39331936836242676
1771525740861060600,9.815060546875,-0.649890661239624,-0.8087625503540039,-0.3276255130767822
1771525740871063300,9.825063232421876,-0.5529136657714844,-0.5200920104980469,-0.17054617404937744
1771525740881066000,9.83506591796875,-0.565047025680542,-0.2655038833618164,0.13875529170036316
1771525740891068700,9.845068603515625,-0.4437636137008667,0.06509017944335938,0.3593592345714569
1771525740901071600,9.855071533203125,-0.4548158645629883,0.31819629669189453,0.6407097578048706
1771525740911074300,9.86507421875,-0.521628737449646,0.6324844360351562,0.7077142596244812
1771525740921077000,9.875076904296876,-0.5540955066680908,0.9363031387329102,0.599648654460907
1771525740931079700,9.88507958984375,-0.7516435980796814,1.306757926940918,0.44061794877052307
1771525740941082400,9.895082275390624,-0.8269466757774353,1.5868473052978516,0.27717694640159607
1771525740951085000,9.9050849609375,-0.7823850512504578,1.791487693786621,0.006689399480819702
1771525740971090400,9.92509033203125,-0.33245110511779785,2.4346017837524414,-0.3436970114707947
1771525740981093000,9.935093017578126,-0.2386852502822876,2.872084617614746,-0.2722627818584442
1771525740991095800,9.945095703125,-0.45178794860839844,3.323972702026367,-0.23703177273273468
1771525741001098500,9.955098388671875,-0.8393976092338562,3.499161720275879,-0.102701336145401
1771525741011101200,9.96510107421875,-0.9624267816543579,3.599703788757324,0.19811350107192993
1771525741021103600,9.975103515625,-0.5917596817016602,3.4831056594848633,0.2885657250881195
1771525741031106300,9.985106201171876,0.6574339866638184,3.198033332824707,0.016821354627609253
1771525741041109000,9.99510888671875,2.490912437438965,2.6721696853637695,-0.5535439252853394
1771525741051111700,10.005111572265625,4.131248474121094,1.9797744750976562,-0.8829817771911621
1771525741061114400,10.0151142578125,4.876580715179443,1.3477458953857422,-0.8987454175949097
1771525741071117000,10.025116943359375,4.506752967834473,0.9700431823730469,-0.6527227163314819
1771525741081119700,10.03511962890625,3.2420825958251953,0.8460960388183594,-0.32645273208618164
1771525741091122400,10.045122314453126,1.4752250909805298,0.967747688293457,-0.05029040575027466
1771525741101124900,10.055124755859374,-0.13382983207702637,0.9359779357910156,0.25603988766670227
1771525741111127600,10.06512744140625,-1.0725795030593872,0.9253864288330078,0.3382135331630707
1771525741121130200,10.075130126953125,-1.103263258934021,0.836395263671875,0.2104528248310089
1771525741141135600,10.095135498046876,-0.06553447246551514,0.1410198211669922,-0.49164843559265137
1771525741151138300,10.10513818359375,0.4306858777999878,-0.35181427001953125,-0.8567240238189697
1771525741161141000,10.11514111328125,0.5219525098800659,-0.8818473815917969,-1.0209708213806152
1771525741171143700,10.125143798828125,0.6149896383285522,-1.2531375885009766,-0.9275830388069153
1771525741181146000,10.13514599609375,0.6580487489700317,-1.638218879699707,-0.6110748052597046
1771525741191148800,10.145148681640626,0.5042576789855957,-2.1185107231140137,-0.29118770360946655
1771525741201151500,10.1551513671875,0.10036361217498779,-2.383108615875244,-0.03319093585014343
1771525741211154200,10.165154296875,-0.3218824863433838,-2.594367027282715,0.11597169935703278
1771525741221156900,10.175156982421875,-0.506726861000061,-2.8045034408569336,0.2432216852903366
1771525741231159600,10.18515966796875,-0.43437659740448,-2.956470489501953,0.26814764738082886
1771525741241162200,10.195162353515625,-0.30238401889801025,-3.0655322074890137,0.23941384255886078
1771525741251165000,10.2051650390625,-0.1657555103302002,-3.103691577911377,0.17725929617881775
1771525741261167600,10.215167724609374,-0.07200098037719727,-3.1237425804138184,0.019878476858139038
1771525741271170000,10.225170166015625,-0.13024663925170898,-3.1401963233947754,0.10176917910575867
1771525741281172700,10.2351728515625,-0.2675670385360718,-3.1580519676208496,0.16049724817276
1771525741291175400,10.245175537109375,-0.662246823310852,-3.1244053840637207,0.09670388698577881
1771525741301178000,10.25517822265625,-1.0124878883361816,-2.96201753616333,-0.07921317219734192
1771525741311180800,10.265180908203124,-1.1197338104248047,-2.7806692123413086,-0.16151659190654755
1771525741321183500,10.27518359375,-1.1758065223693848,-2.5516929626464844,-0.33305612206459045
1771525741331186200,10.285186279296875,-1.253270149230957,-2.2129178047180176,-0.5566270351409912
1771525741341188900,10.29518896484375,-1.2010406255722046,-1.8597612380981445,-0.7659662365913391
1771525741351191300,10.30519140625,-0.9100855588912964,-1.3154048919677734,-0.9047163724899292
1771525741361194000,10.315194091796876,-0.4123619794845581,-0.8195791244506836,-1.015792965888977
1771525741371196700,10.32519677734375,0.09595537185668945,-0.31104373931884766,-1.0809576511383057
1771525741381199400,10.335199462890625,0.3968576192855835,0.11804389953613281,-0.9457244873046875
1771525741391202000,10.3452021484375,0.3873422145843506,0.5964622497558594,-0.7896243333816528
1771525741401204700,10.355204833984375,0.214402437210083,1.1244783401489258,-0.463654488325119
1771525741411207400,10.36520751953125,-0.07482993602752686,1.7222623825073242,-0.16866639256477356
1771525741421210000,10.375210205078124,-0.07453513145446777,2.194826126098633,-0.10031890869140625
1771525741431212500,10.385212646484375,0.08874273300170898,2.566683769226074,-0.04874339699745178
1771525741441215200,10.39521533203125,0.5125188827514648,2.8911027908325195,-0.18762680888175964
1771525741451218000,10.405218017578125,0.9970630407333374,3.0533246994018555,-0.18423286080360413
1771525741461220600,10.415220703125,1.6404218673706055,3.053274154663086,-0.15433722734451294
1771525741471223300,10.425223388671874,2.0511422157287598,3.033663749694824,-0.12670797109603882
1771525741481226000,10.43522607421875,1.6952016353607178,3.2372608184814453,0.021917402744293213
1771525741491228700,10.445228759765625,0.390926718711853,3.3200063705444336,0.31096750497817993
1771525741501231400,10.4552314453125,-1.1769073009490967,3.517979621887207,0.800040602684021
1771525741511233800,10.46523388671875,-2.339601516723633,3.5648727416992188,1.2423908710479736
1771525741521236500,10.475236572265626,-2.6603147983551025,3.529571533203125,1.0277912616729736
1771525741531239200,10.4852392578125,-1.451973795890808,3.155137062072754,0.1566827893257141
1771525741541241900,10.495241943359375,0.9101934432983398,2.498575210571289,-0.801480770111084
1771525741551244500,10.50524462890625,3.2672035694122314,1.7392444610595703,-1.0839781761169434
1771525741561247200,10.515247314453125,4.353901386260986,1.0514116287231445,-0.776881217956543
1771525741571250000,10.52525,3.8569860458374023,0.7158012390136719,0.1358749270439148
1771525741581252600,10.535252685546874,2.3282861709594727,0.5173425674438477,1.2245084047317505
1771525741591255000,10.545255126953125,0.7749098539352417,0.5235481262207031,1.7361208200454712
1771525741601257700,10.5552578125,-0.4281306266784668,0.5151205062866211,1.955869436264038
1771525741611260400,10.565260498046875,-1.0213046073913574,0.5315923690795898,1.9271275997161865
1771525741621263000,10.57526318359375,-0.9569205045700073,0.3589639663696289,1.442455768585205
1771525741641268500,10.5952685546875,0.19449138641357422,-0.5226554870605469,0.0004677772521972656
1771525741651271200,10.605271240234375,0.6989936828613281,-1.0749320983886719,-0.2916100025177002
1771525741661273900,10.61527392578125,0.9978270530700684,-1.4163475036621094,-0.43632540106773376
1771525741671276300,10.6252763671875,0.9160361289978027,-1.9109172821044922,-0.4737846255302429
1771525741681279000,10.635279052734376,0.7308452129364014,-2.0901827812194824,-0.27864664793014526
1771525741691281700,10.64528173828125,0.6244831085205078,-2.4614691734313965,-0.10352266579866409
1771525741701284400,10.655284423828125,0.09315872192382812,-2.5414915084838867,-0.03399118036031723
1771525741711287000,10.665287109375,-0.4730536937713623,-2.726813316345215,0.032539889216423035
1771525741731292400,10.68529248046875,-0.7293601036071777,-2.973794460296631,0.05318644642829895
1771525741741295000,10.695295166015624,-0.6405972242355347,-3.0274863243103027,0.023060709238052368
1771525741751297500,10.705297607421874,-0.7825332880020142,-3.0783610343933105,0.0750245600938797
1771525741761300200,10.71530029296875,-0.9861288070678711,-3.015685558319092,0.05574098229408264
1771525741771303000,10.725302978515625,-1.0606626272201538,-2.8718299865722656,-0.11372060328722
1771525741781305600,10.7353056640625,-0.8318232297897339,-2.679880142211914,-0.08239278197288513
1771525741791308300,10.745308349609376,-0.6185703277587891,-2.4547510147094727,0.05531279742717743
1771525741801311000,10.75531103515625,-0.6003360748291016,-2.2256884574890137,0.2907198667526245
1771525741811313700,10.765313720703125,-0.6852076053619385,-1.9976763725280762,0.37796610593795776
1771525741821316400,10.77531640625,-0.7977062463760376,-1.7226581573486328,0.2891259491443634
1771525741831318800,10.78531884765625,-0.8048526048660278,-1.4101018905639648,0.22521625459194183
1771525741841321500,10.795321533203126,-0.42370104789733887,-1.1225175857543945,0.15189246833324432
1771525741851324200,10.80532421875,-0.013622045516967773,-0.7844715118408203,0.07184767723083496
1771525741861326800,10.815326904296874,0.14011573791503906,-0.4584522247314453,-0.015644386410713196
1771525741871329500,10.82532958984375,0.03688454627990723,-0.20139217376708984,0.0857633501291275
1771525741881332200,10.835332275390625,-0.04320693016052246,0.025658607482910156,0.14810943603515625
1771525741891335000,10.8453349609375,-0.16326045989990234,0.30896949768066406,0.23973539471626282
1771525741901337600,10.855337646484376,-0.26388823986053467,0.6155452728271484,0.38198527693748474
1771525741911340000,10.865340087890624,-0.18546080589294434,0.9649686813354492,0.2942471206188202
1771525741921342700,10.8753427734375,0.16273093223571777,1.361800193786621,0.2533212900161743
1771525741931345400,10.885345458984375,0.5753927230834961,1.8917360305786133,0.21987396478652954
1771525741941348000,10.89534814453125,0.7117465734481812,1.9435129165649414,-0.31746047735214233
1771525741951350800,10.905350830078126,0.9091521501541138,2.364272117614746,-0.05461156368255615
1771525741961353500,10.915353515625,1.249932050704956,2.584451675415039,-0.0694890022277832
1771525741971356200,10.925356201171875,1.4667621850967407,2.8661270141601562,-0.0013789534568786621
1771525741981358800,10.93535888671875,1.1580055952072144,3.2512569427490234,-0.010561823844909668
1771525741991361300,10.945361328125,0.24461066722869873,3.6247406005859375,0.11074522137641907
1771525742001364000,10.955364013671876,-1.0338540077209473,3.935089111328125,0.3977780342102051
1771525742021369300,10.975369384765624,-2.0612144470214844,3.745697021484375,0.11969667673110962
1771525742031372000,10.9853720703125,-0.8623987436294556,3.546419143676758,-0.14061066508293152
1771525742041374700,10.995374755859375,1.2892528772354126,2.9025707244873047,-0.4421759247779846
1771525742051377400,11.00537744140625,3.3433375358581543,2.032075881958008,-0.6050641536712646
1771525742061380000,11.015380126953126,4.219653606414795,1.3436613082885742,-0.5369057655334473
1771525742071382500,11.025382568359374,3.7468113899230957,0.9783706665039062,0.10913532972335815
1771525742081385200,11.03538525390625,2.363945960998535,0.8543758392333984,0.5874017477035522
1771525742091388000,11.045387939453125,0.9233224391937256,0.7195158004760742,0.6013346910476685
1771525742101390600,11.055390625,-0.1577451229095459,0.7042312622070312,0.5287659168243408
1771525742111393300,11.065393310546876,-0.7814954519271851,0.5564584732055664,0.40815505385398865
1771525742121396000,11.07539599609375,-0.5086556673049927,0.3636150360107422,0.053827136754989624
1771525742131398700,11.085398681640624,0.2717165946960449,0.020172119140625,-0.3604097068309784
1771525742141401300,11.0954013671875,0.8615713119506836,-0.3023681640625,-0.612304151058197
1771525742151403800,11.10540380859375,1.2933435440063477,-0.5856409072875977,-0.670762300491333
1771525742161406500,11.115406494140625,1.5509545803070068,-0.8590631484985352,-0.660211980342865
1771525742171409200,11.1254091796875,1.4703612327575684,-1.1807069778442383,-0.551010012626648
1771525742181411800,11.135411865234374,1.0139079093933105,-1.4979705810546875,-0.36064445972442627
1771525742191414500,11.14541455078125,0.44294071197509766,-1.8629426956176758,-0.15472427010536194
1771525742201417200,11.155417236328125,-0.0667412281036377,-2.1750245094299316,-0.03574484586715698
1771525742211420000,11.165419921875,-0.5536757707595825,-2.353166103363037,-0.0022941529750823975
1771525742231425000,11.185425048828124,-0.711467981338501,-2.6369590759277344,-0.3544684052467346
1771525742241427700,11.195427734375,-0.4690079689025879,-2.7154340744018555,-0.286307692527771
1771525742251430400,11.205430419921875,-0.46462368965148926,-2.666274070739746,-0.246534064412117
1771525742261433000,11.21543310546875,-0.5903137922286987,-2.5846710205078125,-0.26486819982528687
1771525742271435800,11.225435791015625,-0.6263530254364014,-2.5996170043945312,-0.21146026253700256
1771525742281438500,11.2354384765625,-0.4681175947189331,-2.534158706665039,-0.4142131209373474
1771525742291441200,11.245441162109374,-0.4253833293914795,-2.4173293113708496,-0.6453357934951782
1771525742301443800,11.25544384765625,-0.7030845880508423,-2.296938419342041,-0.6872171759605408
1771525742311446300,11.2654462890625,-1.064868450164795,-2.1865906715393066,-0.6198921203613281
1771525742321449000,11.275448974609375,-1.1794852018356323,-2.066439151763916,-0.6428296566009521
1771525742331451600,11.28545166015625,-0.9889414310455322,-1.8460884094238281,-0.5452085733413696
1771525742341454300,11.295454345703124,-0.8255933523178101,-1.6554746627807617,-0.23006656765937805
1771525742351457000,11.30545703125,-0.6479748487472534,-1.2887821197509766,-0.3471467196941376
1771525742361459700,11.315459716796875,-0.3260692358016968,-0.9519681930541992,-0.47254711389541626
1771525742371462400,11.32546240234375,-0.026084423065185547,-0.5688142776489258,-0.5681234002113342
1771525742391467500,11.345467529296876,0.29865431785583496,0.4934120178222656,-0.6783865690231323
1771525742401470200,11.35547021484375,0.33811283111572266,1.058598518371582,-0.7277646064758301
1771525742411473000,11.365472900390625,0.6608532667160034,1.4751062393188477,-0.6632271409034729
1771525742421475600,11.3754755859375,0.9893379211425781,1.7957963943481445,-0.5714867115020752
1771525742431478300,11.385478271484375,1.3928781747817993,2.092021942138672,-0.48588475584983826
1771525742441481000,11.39548095703125,1.4114961624145508,2.272378921508789,-0.2534523606300354
1771525742451483600,11.405483642578124,1.2132177352905273,2.332343101501465,-0.025377631187438965
1771525742461486300,11.415486328125,0.9151266813278198,2.411322593688965,-0.19351600110530853
1771525742471489000,11.425489013671875,0.4586571455001831,2.500123977661133,-0.18669630587100983
1771525742481491500,11.435491455078125,-0.3878812789916992,2.7044057846069336,-0.06475374102592468
1771525742491494100,11.445494140625,-1.2816191911697388,2.953465461730957,0.26752421259880066
1771525742501496800,11.455496826171874,-1.9367040395736694,3.157294273376465,0.6077871322631836
1771525742511499500,11.46549951171875,-1.7310885190963745,3.2973098754882812,0.8167101144790649
1771525742521502200,11.475502197265625,-0.5243836641311646,3.1818466186523438,0.696751594543457
1771525742531505000,11.4855048828125,1.2612042427062988,2.762019157409668,0.4961235821247101
1771525742541507600,11.495507568359375,2.842958450317383,2.1368541717529297,0.16760578751564026
1771525742551510300,11.50551025390625,3.6386256217956543,1.5056848526000977,0.07407256960868835
1771525742561512700,11.5155126953125,3.2504758834838867,1.087982177734375,0.3680267930030823
1771525742571515400,11.525515380859375,1.8632984161376953,0.7741127014160156,0.7835352420806885
1771525742581518000,11.53551806640625,0.1292351484298706,0.6370525360107422,1.066257119178772
1771525742591520800,11.545520751953125,-1.2598071098327637,0.5828037261962891,1.2659900188446045
1771525742601523500,11.5555234375,-1.9192876815795898,0.44985198974609375,1.224456548690796
1771525742611526100,11.565526123046874,-1.9871282577514648,0.31067657470703125,0.8785030841827393
1771525742621528800,11.57552880859375,-1.4769847393035889,-0.016251564025878906,0.4480493664741516
1771525742631531500,11.585531494140625,-0.532591700553894,-0.3783760070800781,0.11747395992279053
1771525742641534000,11.595533935546875,0.2826828956604004,-0.7384576797485352,-0.1034054160118103
1771525742651536600,11.60553662109375,0.872732400894165,-1.0972671508789062,-0.06956636905670166
1771525742661539300,11.615539306640626,1.2575857639312744,-1.4321784973144531,0.20420271158218384
1771525742671542000,11.6255419921875,1.2300364971160889,-1.6963119506835938,0.5205165147781372
1771525742681544700,11.635544677734375,0.9772233963012695,-1.947366714477539,0.6345720291137695
1771525742691547400,11.64554736328125,0.5498263835906982,-2.1515097618103027,0.5249672532081604
1771525742701549800,11.6555498046875,0.10835599899291992,-2.3179030418395996,0.493521124124527
1771525742711552500,11.665552490234376,-0.027435779571533203,-2.5946197509765625,0.29524028301239014
1771525742721555200,11.67555517578125,-0.1620173454284668,-2.690511703491211,0.2401416003704071
1771525742731557600,11.6855576171875,-0.3275413513183594,-2.864304542541504,0.16064506769180298
1771525742741560300,11.695560302734375,-0.47629237174987793,-2.9676918983459473,0.05637285113334656
1771525742751563000,11.70556298828125,-0.4850344657897949,-3.0102028846740723,-0.05262628197669983
1771525742761565400,11.7155654296875,-0.6790978908538818,-2.977565288543701,-0.09070318937301636
1771525742771568000,11.725568115234376,-0.8985836505889893,-2.9408679008483887,-0.07188239693641663
1771525742781570800,11.73557080078125,-0.9154863357543945,-2.8854494094848633,-0.23510944843292236
1771525742791573200,11.7455732421875,-0.8923759460449219,-2.7111101150512695,-0.2554416060447693
1771525742801576000,11.755575927734375,-1.0594890117645264,-2.4703845977783203,-0.2019888013601303
1771525742811578600,11.76557861328125,-1.193520188331604,-2.1821141242980957,-0.14221340417861938
1771525742821581000,11.7755810546875,-1.1863335371017456,-1.8986072540283203,-0.07993626594543457
1771525742831583700,11.785583740234374,-0.9325917959213257,-1.6152915954589844,0.03399476408958435
1771525742841586400,11.79558642578125,-0.6781567335128784,-1.2183713912963867,0.058361202478408813
1771525742851588900,11.8055888671875,-0.24560046195983887,-0.7322244644165039,0.023103982210159302
1771525742861591600,11.815591552734375,0.0312497615814209,-0.2193603515625,0.056800633668899536
1771525742871594200,11.82559423828125,0.2998802661895752,0.2535543441772461,0.06788656115531921
1771525742881596700,11.8355966796875,0.41125011444091797,0.7203235626220703,0.13206985592842102
1771525742891599400,11.845599365234374,0.5406146049499512,1.143136978149414,0.19253617525100708
1771525742901602000,11.85560205078125,0.6682784557342529,1.531733512878418,0.1877489686012268
1771525742911604500,11.8656044921875,0.9573969841003418,1.8335304260253906,0.15044671297073364
1771525742921607200,11.875607177734375,1.152104139328003,2.1246252059936523,0.19559824466705322
1771525742931609900,11.88560986328125,1.1272473335266113,2.534242630004883,0.23279321193695068
1771525742941612300,11.8956123046875,1.1916354894638062,2.7903966903686523,0.3126349449157715
1771525742951615000,11.905614990234374,1.1513698101043701,3.0220422744750977,0.41954320669174194
1771525742961617700,11.91561767578125,0.7308589220046997,3.3245038986206055,0.4919937252998352
1771525742971620400,11.925620361328125,-0.10398209095001221,3.731257438659668,0.6898872256278992
1771525742981623000,11.935623046875,-1.0595877170562744,3.893988609313965,0.9332736134529114
1771525742991625700,11.945625732421876,-1.7642757892608643,4.062680244445801,0.9283091425895691
1771525743001628200,11.955628173828124,-1.7892224788665771,3.922898292541504,0.644839346408844
1771525743011630800,11.965630859375,-1.0149869918823242,3.6384925842285156,0.12515676021575928
1771525743021633500,11.975633544921875,0.5185939073562622,3.0134897232055664,-0.24169421195983887
1771525743031636200,11.98563623046875,2.256093978881836,2.176116943359375,-0.5632485747337341
1771525743041639000,11.995638916015626,3.354165554046631,1.4494314193725586,-0.7005704641342163
1771525743051641600,12.0056416015625,3.1620984077453613,0.960601806640625,-0.18537595868110657
1771525743061644300,12.015644287109374,1.9281288385391235,0.5850687026977539,0.4928596019744873
1771525743071647000,12.02564697265625,0.6970357894897461,0.38588523864746094,0.4848991632461548
1771525743081649400,12.0356494140625,-0.14005577564239502,0.2345256805419922,0.39829209446907043
1771525743091652000,12.045652099609375,-0.7217733860015869,0.13637161254882812,0.32572293281555176
1771525743101654800,12.05565478515625,-0.7680624723434448,-0.045897483825683594,0.05087009072303772
1771525743111657500,12.065657470703124,-0.1167372465133667,-0.27845191955566406,-0.5473347902297974
1771525743121660200,12.07566015625,0.533236026763916,-0.5235233306884766,-1.0282132625579834
1771525743131662800,12.085662841796875,0.9271697998046875,-0.8436756134033203,-1.191894769668579
1771525743141665500,12.09566552734375,1.1447107791900635,-1.162867546081543,-1.1549772024154663
1771525743151668200,12.105668212890626,1.143463373184204,-1.495530128479004,-1.0706032514572144
1771525743161670700,12.115670654296874,0.8807239532470703,-1.8798332214355469,-0.9143219590187073
1771525743171673300,12.12567333984375,0.4137139320373535,-2.220057964324951,-0.39665424823760986
1771525743181676000,12.135676025390625,-0.010967731475830078,-2.5207271575927734,-0.07284432649612427
1771525743191678700,12.1456787109375,-0.23426461219787598,-2.753643035888672,0.09206229448318481
1771525743201681400,12.155681396484376,-0.22513127326965332,-2.9245052337646484,0.25429725646972656
1771525743211684000,12.16568408203125,-0.11023211479187012,-2.9529943466186523,0.19089633226394653
1771525743221686800,12.175686767578124,-0.14084434509277344,-2.9737067222595215,0.1553034782409668
1771525743231689500,12.185689453125,-0.20840978622436523,-2.9671454429626465,-0.025697141885757446
1771525743241692000,12.19569189453125,-0.40548455715179443,-2.899394989013672,-0.2594335079193115
1771525743251694600,12.205694580078125,-0.600340723991394,-2.865542411804199,-0.39458388090133667
1771525743261697300,12.215697265625,-0.7256791591644287,-2.7987308502197266,-0.4360218048095703
1771525743271700000,12.225699951171874,-0.9743351936340332,-2.693934440612793,-0.3925882875919342
1771525743281702700,12.23570263671875,-1.0754976272583008,-2.522233009338379,-0.43083903193473816
1771525743291705300,12.245705322265625,-1.110572338104248,-2.360278606414795,-0.3731861412525177
1771525743301708000,12.2557080078125,-1.1035890579223633,-2.126857280731201,-0.43012264370918274
1771525743311710700,12.265710693359376,-1.068394422531128,-1.8366031646728516,-0.5010268688201904
1771525743321713200,12.275713134765626,-0.9670795202255249,-1.5039901733398438,-0.5417049527168274
1771525743331715800,12.2857158203125,-0.681242823600769,-1.0334339141845703,-0.6711882948875427
1771525743341718500,12.295718505859375,-0.23753750324249268,-0.6502799987792969,-0.7370318174362183
1771525743351721200,12.30572119140625,0.1516420841217041,-0.1638631820678711,-0.7682751417160034
1771525743361724000,12.315723876953125,0.3671836853027344,0.43513011932373047,-0.7851586937904358
1771525743371726600,12.3257265625,0.5031454563140869,0.9940423965454102,-0.8224420547485352
1771525743381729300,12.335729248046874,0.6081032752990723,1.4412059783935547,-0.7605211138725281
1771525743391732000,12.34573193359375,0.6630715131759644,1.8246726989746094,-0.6903229355812073
1771525743401734400,12.355734375,0.7384383678436279,2.259547233581543,-0.5405942797660828
1771525743411737000,12.365737060546875,0.7175159454345703,2.6505861282348633,-0.27336400747299194
1771525743421739800,12.37573974609375,0.8718467950820923,2.854702949523926,0.09420129656791687
1771525743431742500,12.385742431640624,1.0109474658966064,3.015382766723633,0.305497407913208
1771525743441745200,12.3957451171875,1.0847110748291016,3.0366992950439453,0.33327382802963257
1771525743451747800,12.405747802734375,0.803130030632019,3.066866874694824,0.33051764965057373
1771525743461750500,12.41575048828125,-0.0018848180770874023,3.1541013717651367,0.385489821434021
1771525743471753200,12.425753173828125,-1.0401519536972046,3.2089109420776367,0.5587639212608337
1771525743481755600,12.435755615234376,-1.836364984512329,3.246973991394043,0.6707754731178284
1771525743491758300,12.44575830078125,-1.8150241374969482,3.231156349182129,0.571980357170105
1771525743501761000,12.455760986328125,-0.5981868505477905,3.060850143432617,0.21534055471420288
1771525743511763700,12.465763671875,1.0332735776901245,2.644106864929199,-0.15021294355392456
1771525743521766400,12.475766357421875,2.3702950477600098,2.0566492080688477,-0.3347008228302002
1771525743531769000,12.48576904296875,3.1638031005859375,1.3643264770507812,-0.3477562963962555
1771525743541771800,12.495771728515624,2.932128429412842,0.886566162109375,-0.09062248468399048
1771525743551774500,12.5057744140625,1.7815717458724976,0.6228780746459961,0.39792829751968384
1771525743561777000,12.51577685546875,0.22896695137023926,0.44455814361572266,0.8792716264724731
1771525743571779600,12.525779541015625,-1.0747255086898804,0.36717796325683594,1.2039843797683716
1771525743581782300,12.5357822265625,-1.818235993385315,0.2868061065673828,1.2382712364196777
1771525743591785000,12.545784912109376,-1.7439219951629639,0.1469583511352539,0.9297745227813721
1771525743601787600,12.55578759765625,-1.032881259918213,-0.18120193481445312,0.40123042464256287
1771525743611790300,12.565790283203125,-0.02499103546142578,-0.4972114562988281,-0.15570485591888428
1771525743621793000,12.57579296875,0.6642448902130127,-0.8690032958984375,-0.33621394634246826
1771525743631795700,12.585795654296875,0.9378175735473633,-1.2635498046875,-0.27133429050445557
1771525743641798100,12.595798095703126,1.0216655731201172,-1.5853872299194336,-0.19208067655563354
1771525743651800800,12.60580078125,0.9402029514312744,-1.9111719131469727,-0.13689234852790833
1771525743661803500,12.615803466796875,0.5984394550323486,-2.188478946685791,0.10197898745536804
1771525743671806200,12.62580615234375,0.3545339107513428,-2.469933032989502,0.3848424553871155
1771525743681809000,12.635808837890625,0.36907005310058594,-2.694369316101074,0.5201312899589539
1771525743691811600,12.6458115234375,0.3684065341949463,-2.863091468811035,0.5973638296127319
1771525743701814300,12.655814208984374,0.23171353340148926,-2.9771523475646973,0.5881433486938477
1771525743711817000,12.66581689453125,0.06072688102722168,-3.060899257659912,0.4783290922641754
1771525743721819600,12.675819580078125,-0.2796480655670166,-3.118842601776123,0.3545882999897003
1771525743731822000,12.685822021484375,-0.5261169672012329,-3.049464702606201,0.11873054504394531
1771525743741824800,12.69582470703125,-0.7465454339981079,-3.0390725135803223,0.09892648458480835
1771525743751827500,12.705827392578126,-0.9341994524002075,-2.9148755073547363,0.008744955062866211
1771525743761830100,12.715830078125,-1.0290520191192627,-2.7769107818603516,-0.10999986529350281
1771525743771832800,12.725832763671875,-1.0557291507720947,-2.625033378601074,-0.2635495662689209
1771525743781835500,12.73583544921875,-1.216383934020996,-2.3777003288269043,-0.391660213470459
1771525743791838200,12.745838134765625,-1.3793971538543701,-2.0728249549865723,-0.4847511649131775
1771525743801841000,12.7558408203125,-1.4366185665130615,-1.7627439498901367,-0.44246286153793335
1771525743811843300,12.76584326171875,-1.2955818176269531,-1.347686767578125,-0.2538899779319763
1771525743821846000,12.775845947265625,-1.1485729217529297,-0.8039140701293945,-0.28169167041778564
1771525743831848700,12.7858486328125,-0.677620530128479,-0.3366727828979492,-0.4409772455692291
1771525743841851400,12.795851318359375,-0.05269217491149902,0.09189414978027344,-0.37535184621810913
1771525743851854000,12.80585400390625,0.4605579376220703,0.48621082305908203,-0.2482231855392456
1771525743871859500,12.825859375,1.0867635011672974,1.1271800994873047,0.23582816123962402
1771525743881862100,12.835862060546875,1.2156966924667358,1.4645051956176758,0.2015751600265503
1771525743891864600,12.845864501953125,1.358008623123169,1.776209831237793,0.24234703183174133
1771525743901867300,12.8558671875,1.2344162464141846,1.9948854446411133,0.5179954767227173
1771525743911870000,12.865869873046876,0.9177128076553345,2.2744522094726562,0.5945521593093872
1771525743931875300,12.885875244140625,0.9899952411651611,2.623141288757324,0.4130414128303528
1771525743941878000,12.8958779296875,1.4399775266647339,2.7403345108032227,0.4037492871284485
1771525743951880700,12.905880615234375,1.877711534500122,2.8854551315307617,0.3162154257297516
1771525743961883400,12.91588330078125,1.826974868774414,2.995232582092285,0.3182760179042816
1771525743971885800,12.9258857421875,1.3236271142959595,3.0886430740356445,0.2597140967845917
1771525743981888500,12.935888427734374,0.44283318519592285,3.080167770385742,0.149105966091156
1771525743991891200,12.94589111328125,-0.5443557500839233,3.038174629211426,-0.007380813360214233
1771525744001894000,12.955893798828125,-1.0987498760223389,2.8880510330200195,-0.2966844141483307
1771525744011896600,12.965896484375,-0.9404752850532532,2.630955696105957,-0.4405776858329773
1771525744021899300,12.975899169921876,-0.2288883924484253,2.2241640090942383,-0.49689751863479614
1771525744031902000,12.98590185546875,0.638191819190979,1.7055768966674805,-0.5800819396972656
1771525744041904600,12.995904541015625,1.2506375312805176,1.2036142349243164,-0.5830104351043701
1771525744051907000,13.005906982421875,1.187604308128357,0.7272634506225586,-0.41536328196525574
1771525744061909800,13.01590966796875,0.5707398653030396,0.31444740295410156,-0.039283931255340576
1771525744071912400,13.025912353515626,-0.060486793518066406,0.031821250915527344,0.33321917057037354
1771525744081915100,13.0359150390625,-0.6755095720291138,-0.2067117691040039,0.5159553289413452
1771525744091917800,13.045917724609374,-1.168634057044983,-0.28615665435791016,0.5166854858398438
1771525744101920500,13.05592041015625,-1.4566617012023926,-0.4262704849243164,0.46520209312438965
1771525744111923200,13.065923095703125,-1.2119019031524658,-0.6170015335083008,0.0639631450176239
1771525744121926000,13.07592578125,-0.6938276886940002,-0.8108062744140625,-0.3667462468147278
1771525744131928300,13.08592822265625,-0.2249356508255005,-0.9075508117675781,-0.5357006788253784
1771525744141931000,13.095930908203124,0.19563889503479004,-1.0077438354492188,-0.6755348443984985
1771525744151933700,13.10593359375,0.6290345191955566,-1.1357965469360352,-0.7492671012878418
1771525744161936400,13.115936279296875,0.7631140947341919,-1.3303794860839844,-0.6192071437835693
1771525744171939000,13.12593896484375,0.7184953689575195,-1.5819129943847656,-0.4620686173439026
1771525744181941800,13.135941650390626,0.4287978410720825,-1.7614030838012695,-0.08958455920219421
1771525744191944400,13.1459443359375,0.20866453647613525,-2.0838379859924316,0.06954485177993774
1771525744211949600,13.165949462890625,-0.22292852401733398,-2.4715142250061035,0.7409555912017822
1771525744221952300,13.1759521484375,-0.4519171714782715,-2.594975471496582,0.9184620380401611
1771525744231955000,13.185954833984376,-0.5601874589920044,-2.552281379699707,0.7580850720405579
1771525744241957600,13.19595751953125,-0.6356688737869263,-2.5106210708618164,0.6356737613677979
1771525744251960300,13.205960205078124,-0.48390817642211914,-2.4887776374816895,0.35364171862602234
1771525744261963000,13.215962890625,-0.3046262264251709,-2.4725117683410645,-0.03409081697463989
1771525744271965700,13.225965576171875,-0.1496434211730957,-2.452322483062744,-0.28607720136642456
1771525744281968400,13.235968505859375,-0.1468275785446167,-2.4857101440429688,-0.3270854949951172
1771525744291970800,13.245970703125,-0.2627376317977905,-2.467390537261963,-0.39109304547309875
1771525744301973500,13.255973388671874,-0.25220656394958496,-2.421700954437256,-0.53773033618927
1771525744311976200,13.26597607421875,-0.2048323154449463,-2.2917237281799316,-0.6118459105491638
1771525744321979000,13.275978759765625,-0.25471317768096924,-2.1300950050354004,-0.7329455614089966
1771525744331981600,13.285981689453125,-0.5699628591537476,-1.8601093292236328,-0.7730759382247925
1771525744341984000,13.29598388671875,-1.1976544857025146,-1.5240306854248047,-0.8001539707183838
1771525744351986700,13.305986572265626,-1.6141302585601807,-1.1255111694335938,-0.6795705556869507
1771525744361989400,13.3159892578125,-1.6320991516113281,-0.664280891418457,-0.5439841151237488
1771525744371991800,13.32599169921875,-1.2955307960510254,-0.19794750213623047,-0.5072152018547058
1771525744381994500,13.335994384765625,-0.8941220641136169,0.31592655181884766,-0.6495022177696228
1771525744391997200,13.3459970703125,-0.5137397050857544,0.7530193328857422,-0.594406008720398
1771525744401999600,13.35599951171875,-0.0677495002746582,1.1755285263061523,-0.5772420167922974
1771525744412002300,13.366002197265624,0.23249125480651855,1.5837106704711914,-0.5943604707717896
1771525744422005000,13.3760048828125,0.5741405487060547,1.8438434600830078,-0.47978514432907104
1771525744432007400,13.38600732421875,0.8967446088790894,1.999013900756836,-0.28171539306640625
1771525744442010000,13.396010009765625,1.0781651735305786,2.201991081237793,-0.2579732835292816
1771525744452012800,13.4060126953125,1.1578001976013184,2.538534164428711,-0.3131639361381531
1771525744462015200,13.41601513671875,0.7475497722625732,2.988682746887207,-0.18029186129570007
1771525744472018000,13.426017822265624,-0.21332299709320068,3.4421138763427734,0.3579985499382019
1771525744482020600,13.4360205078125,-1.1082713603973389,3.679759979248047,0.7717605233192444
1771525744492023000,13.44602294921875,-1.6099655628204346,3.841586112976074,1.114028811454773
1771525744502025700,13.456025634765625,-1.3232965469360352,3.7185211181640625,1.1523125171661377
1771525744512028400,13.4660283203125,0.026845574378967285,3.416841506958008,0.8725548982620239
1771525744522031000,13.476031005859374,1.8818604946136475,2.8884735107421875,0.49220848083496094
1771525744532033500,13.486033447265624,3.5552098751068115,2.1607446670532227,0.3587051033973694
1771525744542036200,13.4960361328125,4.2471723556518555,1.6283588409423828,0.5622223019599915
1771525744552039000,13.506038818359375,3.5744590759277344,1.2998781204223633,0.9069045782089233
1771525744562041300,13.516041259765625,2.075502395629883,1.1131458282470703,1.1515357494354248
1771525744572044000,13.5260439453125,0.6087851524353027,0.9781570434570312,1.1532096862792969
1771525744582046700,13.536046630859374,-0.3892090320587158,0.8195705413818359,1.0764272212982178
1771525744592049200,13.546049072265625,-0.8686342239379883,0.6328973770141602,0.8467884063720703
1771525744602051800,13.5560517578125,-1.108133316040039,0.3229398727416992,0.5962586402893066
1771525744612054500,13.566054443359375,-1.163224220275879,-0.16635704040527344,0.38532570004463196
1771525744622057000,13.576056884765626,-0.8860061168670654,-0.7339296340942383,0.10296452045440674
1771525744642062300,13.596062255859374,-0.4413278102874756,-1.6598396301269531,-0.20118679106235504
1771525744652064800,13.606064697265625,-0.2942321300506592,-2.0611367225646973,-0.24379420280456543
1771525744662067500,13.6160673828125,-0.027596235275268555,-2.3068699836730957,-0.32667648792266846
1771525744672070100,13.626070068359375,0.3916780948638916,-2.4415459632873535,-0.21366475522518158
1771525744682072800,13.63607275390625,0.5945296287536621,-2.6337833404541016,-0.1671352982521057
1771525744692075500,13.646075439453124,0.8052153587341309,-2.5465831756591797,0.09549134969711304
1771525744702078000,13.656077880859375,0.3648693561553955,-2.8070688247680664,0.3308555483818054
1771525744712080600,13.66608056640625,-0.07704472541809082,-2.7264089584350586,0.3654416799545288
1771525744722083300,13.676083251953125,-0.5972632169723511,-2.700674057006836,0.25245770812034607
1771525744732086000,13.6860859375,-0.8223739862442017,-2.685453414916992,-0.06013894081115723
1771525744742088700,13.696088623046874,-0.962975263595581,-2.6567068099975586,-0.2510089874267578
1771525744752091400,13.70609130859375,-1.174363613128662,-2.561206817626953,-0.34730422496795654
1771525744762094000,13.716093994140625,-1.3152981996536255,-2.3554301261901855,-0.4573630690574646
1771525744772096800,13.7260966796875,-1.3166557550430298,-2.077253818511963,-0.40980759263038635
1771525744782099200,13.73609912109375,-0.9585728645324707,-1.774759292602539,-0.34329330921173096
1771525744792102000,13.746101806640626,-0.5900281667709351,-1.415980339050293,-0.08467382192611694
1771525744802104600,13.7561044921875,-0.4851999282836914,-1.0400981903076172,0.35351860523223877
1771525744812107300,13.766107177734375,-0.4057283401489258,-0.6756715774536133,0.5581645965576172
1771525744822110000,13.77610986328125,-0.06450629234313965,-0.3085031509399414,0.6215594410896301
1771525744832112600,13.786112548828125,0.42611098289489746,0.04153919219970703,0.6307172775268555
1771525744842115300,13.796115234375,0.8297722339630127,0.36429405212402344,0.6714946031570435
1771525744852118000,13.806117919921874,0.9801654815673828,0.664607048034668,0.5895721912384033
1771525744862120400,13.816120361328124,0.8097774982452393,0.9669036865234375,0.4797379970550537
1771525744872123100,13.826123046875,0.41993117332458496,1.219853401184082,0.5421456098556519
1771525744882125800,13.836125732421875,0.20810985565185547,1.4197568893432617,0.520217776298523
1771525744892128500,13.84612841796875,0.19021916389465332,1.6293678283691406,0.29156291484832764
1771525744902131200,13.856131103515626,0.4507625102996826,1.8584346771240234,0.16640982031822205
1771525744912134000,13.8661337890625,0.7422401905059814,2.05889892578125,-0.15429729223251343
1771525744922136600,13.876136474609375,0.9277142286300659,2.1971521377563477,-0.4241795837879181
1771525744932139300,13.88613916015625,0.9532067775726318,2.3263139724731445,-0.4255985915660858
1771525744942141700,13.8961416015625,0.8814123868942261,2.5180301666259766,-0.317824125289917
1771525744952144400,13.906144287109376,0.4554351568222046,2.7146997451782227,-0.24045875668525696
1771525744962147000,13.91614697265625,-0.34798169136047363,3.069088935852051,-0.014296293258666992
1771525744972149800,13.926149658203125,-1.0539321899414062,3.1895179748535156,0.2944878339767456
1771525744982152400,13.93615234375,-1.4019018411636353,3.235020637512207,0.3958057761192322
1771525744992155100,13.946155029296875,-0.9360688328742981,3.149463653564453,0.08177042007446289
1771525745002157800,13.95615771484375,0.19622504711151123,2.8468761444091797,-0.2158103883266449
1771525745012160500,13.966160400390624,1.5794315338134766,2.4035110473632812,-0.5288475155830383
1771525745022163000,13.976162841796874,2.892329692840576,1.7849292755126953,-0.7717446088790894
1771525745032165600,13.98616552734375,3.2270989418029785,1.2288217544555664,-0.7421647310256958
1771525745042168300,13.996168212890625,2.475620746612549,0.7723598480224609,-0.3387700915336609
1771525745052171000,14.0061708984375,0.9465717077255249,0.4014453887939453,-0.06137889623641968
1771525745062173700,14.016173583984376,-0.5320166349411011,0.2606382369995117,-0.012447208166122437
1771525745072176400,14.02617626953125,-1.5753271579742432,0.16416454315185547,0.22225606441497803
1771525745082179000,14.036178955078125,-2.2332394123077393,-0.00649261474609375,0.20427364110946655
1771525745092181800,14.046181640625,-1.9989008903503418,-0.1739053726196289,-0.25465792417526245
1771525745102184200,14.05618408203125,-1.3862841129302979,-0.41483211517333984,-0.524150013923645
1771525745112187000,14.066186767578126,-0.7214603424072266,-0.6626920700073242,-0.6670231819152832
1771525745122189600,14.076189453125,-0.04869115352630615,-0.9418878555297852,-0.8861526846885681
1771525745132192300,14.086192138671874,0.5479907989501953,-1.2059545516967773,-0.8653287887573242
1771525745142195000,14.09619482421875,0.8725993633270264,-1.4225263595581055,-0.8622438311576843
1771525745162200300,14.116200439453126,0.8219766616821289,-2.1025500297546387,-0.7254177331924438
1771525745172203000,14.126203125,0.2771430015563965,-2.049072742462158,-0.44309377670288086
1771525745182205400,14.136205322265624,0.20952510833740234,-2.6172237396240234,-0.34923598170280457
1771525745192208100,14.1462080078125,-0.023940563201904297,-2.7982311248779297,-0.18257328867912292
1771525745202210800,14.1562109375,-0.3208780288696289,-3.032905101776123,0.15244567394256592
1771525745212213500,14.166213623046875,-0.7837879657745361,-3.100982189178467,0.3811233937740326
1771525745222216200,14.17621630859375,-1.3060816526412964,-3.107120990753174,0.4896450638771057
1771525745232219000,14.186218994140624,-1.591030240058899,-3.1078858375549316,0.5184144973754883
1771525745242221600,14.1962216796875,-1.6355786323547363,-3.0124287605285645,0.5420347452163696
1771525745252224300,14.206224365234375,-1.4644484519958496,-2.8830080032348633,0.4262753129005432
1771525745262226700,14.216226806640625,-1.15744149684906,-2.7296152114868164,0.06935364007949829
1771525745272229400,14.2262294921875,-0.9769991636276245,-2.4616050720214844,-0.2718653380870819
1771525745282232000,14.236232177734376,-0.6884804964065552,-2.1366095542907715,-0.5311111807823181
1771525745292234800,14.24623486328125,-0.39048051834106445,-1.7790870666503906,-0.7664846181869507
1771525745302237400,14.256237548828125,-0.2104330062866211,-1.3894882202148438,-0.9207997918128967
1771525745312240000,14.266240234375,0.009572029113769531,-1.0108871459960938,-1.0897878408432007
1771525745322242800,14.276242919921875,0.2609560489654541,-0.6148862838745117,-1.096287727355957
1771525745332245500,14.28624560546875,0.4318556785583496,-0.30259132385253906,-0.9777600765228271
1771525745342248000,14.296248046875,0.520695686340332,0.00666046142578125,-0.9299065470695496
1771525745352250600,14.306250732421875,0.38417530059814453,0.38939571380615234,-0.9290882349014282
1771525745362253300,14.31625341796875,0.01544046401977539,0.7744464874267578,-0.7456920742988586
1771525745372256000,14.326256103515625,-0.31358909606933594,1.1297626495361328,-0.6239994764328003
1771525745382258700,14.3362587890625,-0.2870025634765625,1.5041799545288086,-0.47915682196617126
1771525745392261400,14.346261474609374,-0.12618470191955566,1.8070707321166992,-0.23511293530464172
1771525745402264000,14.35626416015625,0.23058557510375977,2.076770782470703,-0.02039852738380432
1771525745412266800,14.366266845703125,0.7460775375366211,2.322559356689453,0.03141576051712036
1771525745422269400,14.37626953125,1.5427374839782715,2.4338836669921875,0.11604642868041992
1771525745432272000,14.38627197265625,2.357668161392212,2.4146604537963867,0.23846793174743652
1771525745442274600,14.396274658203126,2.8436992168426514,2.531247138977051,0.3331034183502197
1771525745452277200,14.40627734375,2.5539467334747314,2.495509147644043,0.4811704754829407
1771525745462279700,14.41627978515625,1.1900501251220703,2.609853744506836,0.5731438994407654
1771525745472282400,14.426282470703125,-0.4983634948730469,2.8003101348876953,0.6856704950332642
1771525745482285000,14.43628515625,-1.8440768718719482,2.906536102294922,1.0029571056365967
1771525745492287500,14.44628759765625,-2.251699924468994,2.9877843856811523,1.0396232604980469
1771525745502290200,14.456290283203124,-1.5690160989761353,2.9298906326293945,0.7049844861030579
1771525745512292900,14.46629296875,-0.09302139282226562,2.512298583984375,0.32154911756515503
1771525745522295300,14.47629541015625,1.419716238975525,2.049624443054199,0.02626258134841919
1771525745532298000,14.486298095703125,2.217639923095703,1.6314401626586914,-0.1822100579738617
1771525745542300700,14.49630078125,2.291501045227051,1.1758804321289062,-0.11130040884017944
1771525745552303000,14.50630322265625,1.628412127494812,0.8740034103393555,0.2704436182975769
1771525745562305800,14.516305908203124,0.614152193069458,0.6062459945678711,0.6695700883865356
1771525745572308500,14.52630859375,-0.2666550874710083,0.41104602813720703,0.8268767595291138
1771525745582311000,14.536310791015625,-0.8370727300643921,0.3653898239135742,0.6689658164978027
1771525745592313600,14.546313720703125,-1.1200345754623413,0.1830768585205078,0.35708746314048767
1771525745602316300,14.55631640625,-1.1153315305709839,-0.11639976501464844,0.03671908378601074
1771525745612318700,14.566318603515626,-0.7826124429702759,-0.3945446014404297,-0.31530869007110596
1771525745622321400,14.5763212890625,-0.36264264583587646,-0.6614885330200195,-0.4360818862915039
1771525745632324000,14.586323974609375,-0.12457156181335449,-0.932194709777832,-0.29095759987831116
1771525745642326800,14.596326904296875,-0.13928771018981934,-1.297454833984375,-0.10166546702384949
1771525745652329200,14.6063291015625,-0.29891324043273926,-1.4651126861572266,0.2090025544166565
1771525745662332000,14.616331787109376,-0.43939435482025146,-1.7836112976074219,0.19524556398391724
1771525745672334600,14.62633447265625,-0.033295392990112305,-1.652115821838379,0.2540748715400696
1771525745682337000,14.6363369140625,-0.041663169860839844,-2.109719753265381,0.753656268119812
1771525745712344800,14.6663447265625,0.10202765464782715,-2.1537222862243652,0.23339611291885376
1771525745722347500,14.676347412109376,0.238419771194458,-2.1580538749694824,0.07643204927444458
1771525745732350200,14.68635009765625,0.14664554595947266,-2.2847495079040527,0.06077471375465393
1771525745742352600,14.6963525390625,-0.0463259220123291,-2.2796730995178223,-0.10127407312393188
1771525745752355300,14.706355224609375,-0.3041222095489502,-2.2857327461242676,-0.23116174340248108
1771525745762358000,14.71635791015625,-0.5581247806549072,-2.2589802742004395,-0.3878842294216156
1771525745772360400,14.7263603515625,-0.8628469705581665,-2.2036890983581543,-0.34797433018684387
1771525745782363100,14.736363037109374,-0.9706645011901855,-2.086341381072998,-0.13401871919631958
1771525745792365800,14.74636572265625,-0.943425178527832,-1.8834824562072754,-0.05994483828544617
1771525745802368300,14.7563681640625,-1.0337737798690796,-1.6051464080810547,0.03340572118759155
1771525745812371000,14.766370849609375,-1.0603896379470825,-1.3231277465820312,-0.02928948402404785
1771525745822373600,14.77637353515625,-0.9088187217712402,-1.0326881408691406,-0.07503989338874817
1771525745832376000,14.7863759765625,-0.6364810466766357,-0.748286247253418,-0.13219943642616272
1771525745842378800,14.796378662109374,-0.24772024154663086,-0.4318504333496094,-0.16284632682800293
1771525745852381400,14.80638134765625,0.20551347732543945,-0.11702442169189453,-0.26845815777778625
1771525745862384000,14.816384033203125,0.5236756801605225,0.22466182708740234,-0.2589484751224518
1771525745882389500,14.836389404296876,0.5970206260681152,0.904118537902832,-0.3006177544593811
1771525745892392200,14.84639208984375,0.6678612232208252,1.2096309661865234,-0.20840618014335632
1771525745902394600,14.85639453125,0.8507804870605469,1.4576635360717773,-0.10130637884140015
1771525745912397300,14.866397216796875,1.0790672302246094,1.7293634414672852,-0.08806729316711426
1771525745922400000,14.87639990234375,1.492973804473877,1.9287338256835938,-0.0730443000793457
1771525745932402700,14.886402587890625,1.909515142440796,2.1219797134399414,-0.07467865943908691
1771525745942405400,14.8964052734375,1.8599369525909424,2.4182662963867188,-0.04211580753326416
1771525745952408000,14.906407958984374,1.2219057083129883,2.688272476196289,0.006439387798309326
1771525745962410800,14.91641064453125,0.18878960609436035,3.080984115600586,-0.01396554708480835
1771525745972413400,14.926413330078125,-0.6906784772872925,3.2247915267944336,-0.09279224276542664
1771525745982416000,14.936415771484375,-1.2284536361694336,3.312588691711426,-0.3131645917892456
1771525745992418600,14.94641845703125,-1.102479100227356,3.2263011932373047,-0.5901041030883789
1771525746002421200,14.956421142578124,-0.4161149263381958,2.971554756164551,-0.6612399816513062
1771525746012424000,14.966423828125,0.4221794605255127,2.5770606994628906,-0.5441201329231262
1771525746022426600,14.976426513671875,0.8764166831970215,2.104755401611328,-0.33539918065071106
1771525746032429300,14.98642919921875,0.8346805572509766,1.7599124908447266,-0.025533705949783325
1771525746042432000,14.996431884765625,0.5988301038742065,1.4609041213989258,0.3518221378326416
1771525746052434700,15.0064345703125,0.44290828704833984,1.1592121124267578,0.7340284585952759
1771525746062437000,15.01643701171875,0.5265450477600098,0.9352293014526367,0.9282594919204712
1771525746072439800,15.026439697265625,0.770405650138855,0.7738056182861328,0.8995791077613831
1771525746082442500,15.0364423828125,1.175742745399475,0.598057746887207,0.8204344511032104
1771525746092445200,15.046445068359375,1.7361266613006592,0.3166837692260742,0.5314511060714722
1771525746102447900,15.05644775390625,2.227735757827759,-0.004238128662109375,0.15418380498886108
1771525746112450600,15.066450439453124,2.219444751739502,-0.3365669250488281,-0.08480626344680786
1771525746122453200,15.076453369140625,1.725036382675171,-0.7036600112915039,-0.3563949167728424
1771525746132456000,15.0864560546875,1.1623051166534424,-1.0662956237792969,-0.5970823168754578
1771525746142458400,15.096458251953125,0.5463986396789551,-1.4522943496704102,-0.6393487453460693
1771525746152461000,15.1064609375,0.014251947402954102,-1.665262222290039,-0.6648589372634888
1771525746162463700,15.116463623046876,-0.4638044834136963,-2.1640820503234863,-0.40019601583480835
1771525746172466400,15.126466552734374,-0.7073342800140381,-2.3556418418884277,-0.46534547209739685
1771525746182469000,15.13646923828125,-0.9184176921844482,-2.4554505348205566,-0.44470059871673584
1771525746192471800,15.146471923828125,-0.8489015102386475,-2.573598861694336,-0.2900063693523407
1771525746202474500,15.156474609375,-0.7119497060775757,-2.791806221008301,-0.2537492513656616
1771525746222479600,15.176479736328124,-0.22001922130584717,-2.699141502380371,0.024000108242034912
1771525746232482300,15.186482421875,-0.1758861541748047,-2.6049375534057617,0.06547725200653076
1771525746242485000,15.196485107421875,-0.41335785388946533,-2.459531307220459,0.03688719868659973
1771525746252487700,15.20648779296875,-0.7456799745559692,-2.266732692718506,-0.16723600029945374
1771525746262490400,15.216490478515626,-0.8648353815078735,-2.035630702972412,-0.2843584716320038
1771525746272493000,15.2264931640625,-0.7918933629989624,-1.7994508743286133,-0.4015968441963196
1771525746282495700,15.236495849609375,-0.5795881748199463,-1.5439071655273438,-0.5397787094116211
1771525746292498400,15.24649853515625,-0.26994967460632324,-1.2692670822143555,-0.5672359466552734
1771525746302500900,15.2565009765625,-0.08123612403869629,-1.1191883087158203,-0.37087106704711914
1771525746312503600,15.266503662109375,-0.0036205053329467773,-0.8879976272583008,-0.1697344034910202
1771525746322506200,15.27650634765625,0.047884464263916016,-0.5804777145385742,0.11484766006469727
1771525746332509000,15.286509033203124,-0.023667573928833008,-0.15832042694091797,0.37821540236473083
1771525746342511600,15.29651171875,0.09323906898498535,0.3550863265991211,0.5881392955780029
1771525746352514300,15.306514404296875,0.5553478002548218,0.9595117568969727,0.8433716893196106
1771525746362517000,15.31651708984375,0.936123251914978,1.5678625106811523,1.0019184350967407
1771525746372519700,15.326519775390626,0.5830082893371582,2.3947486877441406,0.8777545690536499
1771525746382522000,15.336522216796874,-0.3465917110443115,3.140167236328125,0.6910885572433472
1771525746392524800,15.34652490234375,-0.2410036325454712,3.5721588134765625,0.5414309501647949
1771525746402527500,15.356527587890625,1.070021629333496,3.8253469467163086,0.2520163059234619
1771525746412530000,15.366530029296875,2.7463676929473877,3.7556028366088867,0.18854275345802307
1771525746422532600,15.37653271484375,4.541207313537598,3.3279027938842773,0.20879730582237244
1771525746432535300,15.386535400390626,5.6559343338012695,2.802615165710449,0.4056091904640198
1771525746442537700,15.396537841796874,4.8502302169799805,2.1297426223754883,0.8108193874359131
1771525746452540400,15.40654052734375,2.8404550552368164,1.530172348022461,1.7658133506774902
1771525746462543000,15.416543212890625,0.5719058513641357,1.0912704467773438,2.1221060752868652
1771525746472545800,15.4265458984375,-1.2849552631378174,0.7761669158935547,2.1048355102539062
1771525746482548200,15.43654833984375,-2.7047829627990723,0.6195993423461914,2.108485221862793
1771525746492551000,15.446551025390624,-3.4691505432128906,0.37979984283447266,1.9208937883377075
1771525746502553600,15.4565537109375,-3.0359420776367188,0.11573219299316406,1.4213943481445312
1771525746512556000,15.46655615234375,-1.565691590309143,-0.20195579528808594,0.7366641759872437
1771525746522558700,15.476558837890625,0.1780087947845459,-0.5375642776489258,0.30041640996932983
1771525746532561400,15.4865615234375,1.0886919498443604,-0.8939943313598633,0.0704721212387085
1771525746542563800,15.496563720703126,1.229520559310913,-1.2436304092407227,-0.029342234134674072
1771525746552566500,15.50656640625,0.8792448043823242,-1.5579814910888672,-0.13863122463226318
1771525746562569200,15.5165693359375,0.3801720142364502,-1.826986312866211,-0.37758997082710266
1771525746572571600,15.526571533203125,-0.24114370346069336,-2.054966449737549,-0.5995195508003235
1771525746582574300,15.53657421875,-0.9508111476898193,-2.202578067779541,-0.8134679198265076
1771525746592577000,15.546576904296876,-1.3326895236968994,-2.335649013519287,-1.035550832748413
1771525746602579500,15.556579345703126,-1.560544490814209,-2.3439202308654785,-1.1306571960449219
1771525746612582100,15.56658203125,-1.67399263381958,-2.31807279586792,-1.1540420055389404
1771525746622584800,15.576584716796875,-1.6114122867584229,-2.1196045875549316,-1.1491082906723022
1771525746642590000,15.59658984375,-1.1346144676208496,-1.5377159118652344,-0.7181726694107056
1771525746652592600,15.606592529296876,-1.0106745958328247,-1.136002540588379,-0.49891388416290283
1771525746662595000,15.616594970703124,-0.9336673021316528,-0.7306718826293945,-0.36788490414619446
1771525746672597800,15.62659765625,-0.8865014314651489,-0.2640247344970703,-0.32896915078163147
1771525746682600400,15.636600341796875,-0.703788161277771,0.19248676300048828,-0.46323108673095703
1771525746692603000,15.646602783203125,-0.3430016040802002,0.5194253921508789,-0.5359885096549988
1771525746702605600,15.65660546875,0.08634984493255615,0.8315219879150391,-0.5614392757415771
1771525746712608300,15.666608154296876,0.6055817604064941,1.0662260055541992,-0.6064947247505188
1771525746722610700,15.676610595703124,1.1382547616958618,1.2754087448120117,-0.7006325721740723
1771525746732613400,15.68661328125,1.109716534614563,1.4205856323242188,-0.7509658932685852
1771525746742616000,15.696615966796875,0.7248854637145996,1.5454645156860352,-0.6873692274093628
1771525746752618500,15.706618408203125,0.295215368270874,1.5649700164794922,-0.681333601474762
1771525746762621200,15.71662109375,-0.0019685029983520508,1.5804338455200195,-0.5754934549331665
1771525746772624000,15.726623779296874,-0.1257181167602539,1.496495246887207,-0.23064807057380676
1771525746782626300,15.736626220703124,-0.3113234043121338,1.485280990600586,0.010534942150115967
1771525746792629000,15.74662890625,-0.7874912023544312,1.422262191772461,0.2394801378250122
1771525746802631700,15.756631591796875,-1.4210550785064697,1.3361730575561523,0.5162378549575806
1771525746812634000,15.766634033203125,-1.929999828338623,1.2179365158081055,0.6098175644874573
1771525746822636800,15.77663671875,-1.6779831647872925,1.0351715087890625,0.10651832818984985
1771525746832639500,15.786639404296874,-0.4694092273712158,0.8024921417236328,-0.887901246547699
1771525746842642000,15.796641845703125,0.8347300291061401,0.6482810974121094,-1.6010255813598633
1771525746852644600,15.80664453125,1.410420298576355,0.5521068572998047,-1.6954900026321411
1771525746862647300,15.816647216796875,0.8834669589996338,0.45566463470458984,-1.1455516815185547
1771525746872649700,15.826649658203126,-0.14742720127105713,0.34978771209716797,-0.317076712846756
1771525746882652400,15.83665234375,-0.913320004940033,0.3635587692260742,0.45415639877319336
1771525746892655000,15.846655029296874,-1.414088249206543,0.434539794921875,0.8670207858085632
1771525746902657800,15.85665771484375,-1.8336296081542969,0.4916200637817383,0.9155867695808411
1771525746912660500,15.866660400390625,-1.891465187072754,0.3637256622314453,0.6294743418693542
1771525746922663200,15.8766630859375,-1.3924909830093384,0.05649852752685547,0.04825317859649658
1771525746932665600,15.88666552734375,-0.3228245973587036,-0.25313568115234375,-0.379323810338974
1771525746942668300,15.896668212890624,-0.2826753854751587,-0.7429838180541992,-1.0189846754074097
1771525746952671000,15.9066708984375,-0.061360955238342285,-1.116689682006836,-0.8817665576934814
1771525746962673700,15.916673583984375,-0.19961249828338623,-1.2894868850708008,-0.5742537975311279
1771525746972676400,15.92667626953125,-0.8704742193222046,-1.686844825744629,-0.004734605550765991
1771525746982679000,15.936678955078126,-1.3703196048736572,-1.882598876953125,0.5152348279953003
1771525746992681700,15.946681640625,-1.7156174182891846,-2.082557201385498,1.0756514072418213
1771525747002684400,15.956684326171874,-1.7854138612747192,-2.229076862335205,1.3789048194885254
1771525747012686800,15.966686767578125,-1.510703206062317,-2.370598316192627,1.3549209833145142
1771525747022689500,15.976689453125,-1.2169948816299438,-2.4410996437072754,1.3711671829223633
1771525747032692200,15.986692138671875,-0.9068349003791809,-2.3409810066223145,1.4144270420074463
1771525747042695000,15.99669482421875,-0.7819124460220337,-2.1087794303894043,1.1940984725952148
1771525747052697600,16.006697509765626,-0.8190786242485046,-1.9594411849975586,0.9092425107955933
1771525747062700300,16.0167001953125,-0.9899218082427979,-1.7970457077026367,0.5683243274688721
1771525747072703000,16.026702880859375,-1.2862058877944946,-1.520991325378418,0.10887843370437622
1771525747082705700,16.03670556640625,-1.6476047039031982,-1.1120033264160156,-0.20250561833381653
1771525747092708000,16.0467080078125,-1.8779261112213135,-0.727142333984375,-0.4867030680179596
1771525747102710800,16.056710693359374,-1.620328426361084,-0.2322988510131836,-0.9417331218719482
1771525747112713500,16.06671337890625,-1.1540815830230713,0.18540573120117188,-1.2205822467803955
1771525747122716200,16.076716064453127,-0.6273946762084961,0.7401046752929688,-1.136125087738037
1771525747132718800,16.08671875,-0.337921142578125,1.024740219116211,-0.9261489510536194
1771525747142721500,16.096721435546876,-0.08448362350463867,1.3790607452392578,-0.7327346801757812
1771525747152724200,16.10672412109375,0.1130073070526123,1.683548927307129,-0.5536773800849915
1771525747162727000,16.116726806640624,0.18594646453857422,1.9720277786254883,-0.2917405664920807
1771525747172729300,16.126729248046875,0.036528944969177246,2.2258949279785156,0.10559588670730591
1771525747182732000,16.13673193359375,-0.2427588701248169,2.4075927734375,0.38567185401916504
1771525747192734700,16.146734619140624,-0.4349764585494995,2.5654497146606445,0.5409285426139832
1771525747202737400,16.1567373046875,-0.37468254566192627,2.666128158569336,0.5933148860931396
1771525747212740000,16.166739990234376,0.12002360820770264,2.6475229263305664,0.34179651737213135
1771525747222742800,16.17674267578125,0.9813426733016968,2.662278175354004,0.011734962463378906
1771525747232745500,16.186745361328125,1.3356750011444092,2.872103691101074,-0.07785654067993164
1771525747242748200,16.196748046875,0.915231466293335,3.042203903198242,0.33176296949386597
1771525747252750600,16.20675048828125,-0.00597691535949707,3.087294578552246,1.1716045141220093
1771525747262753300,16.216753173828124,-0.5533950924873352,3.185396194458008,1.6860876083374023
1771525747272756000,16.226755859375,-0.3553609848022461,3.054788589477539,1.7825489044189453
1771525747282758700,16.236758544921877,0.2912667989730835,2.7722654342651367,1.639129638671875
1771525747292761300,16.24676123046875,1.2252297401428223,2.1329240798950195,1.1165921688079834
1771525747302764000,16.256763916015625,2.4822211265563965,1.390873908996582,0.33225321769714355
1771525747312766700,16.2667666015625,3.3248093128204346,0.6601638793945312,-0.00019800662994384766
1771525747322769400,16.276769287109374,3.2941880226135254,0.05983543395996094,0.16074466705322266
1771525747332771800,16.286771728515625,2.388145923614502,-0.3286466598510742,0.5515158176422119
1771525747342774500,16.2967744140625,1.200534462928772,-0.5435600280761719,1.0971308946609497
1771525747352777200,16.306777099609373,0.12638282775878906,-0.6236982345581055,1.4672261476516724
1771525747362779600,16.316779541015624,-0.7753422856330872,-0.6075248718261719,1.553941249847412
1771525747372782300,16.3267822265625,-1.4355007410049438,-0.6001796722412109,1.332076072692871
1771525747382785000,16.336784912109376,-1.7446411848068237,-0.6342306137084961,0.887152910232544
1771525747392787500,16.346787353515627,-1.5218019485473633,-0.7227373123168945,0.3520059585571289
1771525747402790100,16.3567900390625,-0.596664309501648,-1.0320310592651367,-0.10034176707267761
1771525747412792800,16.366792724609375,0.5051083564758301,-1.2420310974121094,-0.2707388401031494
1771525747422795300,16.376795166015626,1.3167617321014404,-1.583012580871582,-0.38850557804107666
1771525747432798000,16.3867978515625,1.9176135063171387,-1.7692012786865234,-0.22966864705085754
1771525747442800600,16.396800537109375,1.9574576616287231,-1.9794015884399414,0.16756683588027954
1771525747452803000,16.406802978515625,1.5619136095046997,-2.148200511932373,0.5289223194122314
1771525747462805800,16.4168056640625,0.9393339157104492,-2.367495059967041,0.5804176330566406
1771525747472808400,16.426808349609374,0.20367074012756348,-2.5226993560791016,0.4647045135498047
1771525747482811000,16.436810791015624,-0.3188437223434448,-2.64200496673584,0.21529871225357056
1771525747492813600,16.4468134765625,-0.6752285957336426,-2.6816701889038086,-0.10834088921546936
1771525747502816300,16.456816162109376,-0.9873336553573608,-2.736736297607422,-0.3439658284187317
1771525747512818700,16.466818603515627,-1.142892599105835,-2.7874393463134766,-0.44194093346595764
1771525747522821400,16.4768212890625,-1.1374588012695312,-2.7812023162841797,-0.5710604786872864
1771525747532824000,16.486823974609376,-1.0767993927001953,-2.660778045654297,-0.4973777234554291
1771525747542826500,16.496826416015626,-0.999750018119812,-2.507568359375,-0.39291828870773315
1771525747552829200,16.5068291015625,-1.04970383644104,-2.3263802528381348,-0.38255372643470764
1771525747562832000,16.516831787109375,-1.1852941513061523,-2.093021869659424,-0.2981046140193939
1771525747572834300,16.526834228515625,-1.221879243850708,-1.7642860412597656,-0.16742905974388123
1771525747582837000,16.5368369140625,-1.116432547569275,-1.4456043243408203,-0.047056764364242554
1771525747592839700,16.546839599609374,-1.001738429069519,-1.0226097106933594,0.06340718269348145
1771525747602842000,16.556842041015624,-0.8927314281463623,-0.5814580917358398,0.2888563871383667
1771525747622847500,16.576847412109377,-0.11852443218231201,0.15433883666992188,0.47593897581100464
1771525747632850000,16.586849853515623,0.3600729703903198,0.4004535675048828,0.3608739376068115
1771525747652855300,16.606855224609376,0.9775763750076294,0.8827352523803711,0.2680519223213196
1771525747662857700,16.616857666015626,1.26177179813385,1.1427431106567383,0.19716238975524902
1771525747672860400,16.6268603515625,1.329959750175476,1.3432197570800781,0.23872947692871094
1771525747682863000,16.636863037109375,1.0330955982208252,1.570633888244629,0.34565240144729614
1771525747692865800,16.64686572265625,0.6402015686035156,1.7444772720336914,0.5484541058540344
1771525747702868200,16.6568681640625,0.49167323112487793,1.9227609634399414,0.6107673048973083
1771525747712871000,16.666870849609374,0.31892502307891846,2.0816850662231445,0.7237364053726196
1771525747722873600,16.67687353515625,0.2781102657318115,2.240589141845703,0.6493627429008484
1771525747732876000,16.6868759765625,0.5805944204330444,2.489978790283203,0.4113498330116272
1771525747742878700,16.696878662109373,0.543124794960022,2.7906484603881836,0.3761707544326782
1771525747752881400,16.70688134765625,-0.22267091274261475,3.0562620162963867,0.1601218581199646
1771525747762883800,16.7168837890625,-1.3718739748001099,3.2210683822631836,-0.04642534255981445
1771525747772886500,16.726886474609376,-2.636486053466797,3.3255109786987305,-0.08823108673095703
1771525747782889200,16.73688916015625,-2.91402268409729,3.328441619873047,-0.34811562299728394
1771525747792891600,16.7468916015625,-1.7808785438537598,3.039379119873047,-0.8058022856712341
1771525747802894300,16.756894287109375,0.17198896408081055,2.62056827545166,-0.9272110462188721
1771525747812897000,16.76689697265625,2.1425657272338867,1.9374094009399414,-1.0727591514587402
1771525747822899500,16.7768994140625,3.5766377449035645,1.3900232315063477,-1.3046765327453613
1771525747832902100,16.786902099609375,3.8961830139160156,0.9235248565673828,-1.1039350032806396
1771525747842904800,16.79690478515625,2.9816417694091797,0.5894546508789062,-0.5369415283203125
1771525747852907300,16.8069072265625,1.561476230621338,0.3972454071044922,-0.10052061080932617
1771525747872912600,16.82691259765625,-0.5461901426315308,0.1298818588256836,-0.02975037693977356
1771525747882915000,16.8369150390625,-1.2017624378204346,-0.11972522735595703,0.04337391257286072
1771525747892917800,16.846917724609376,-1.1900349855422974,-0.45766735076904297,-0.1833033263683319
1771525747902920400,16.85692041015625,-0.6770281195640564,-0.9792470932006836,-0.7218101024627686
1771525747912923000,16.8669228515625,-0.13484954833984375,-1.2979059219360352,-0.8758126497268677
1771525747922925600,16.876925537109376,-0.08896219730377197,-1.7205419540405273,-0.8693921566009521
1771525747932928300,16.88692822265625,-0.17879152297973633,-2.080002784729004,-0.6493538618087769
1771525747942930700,16.8969306640625,-0.3466383218765259,-2.476929187774658,-0.3894425630569458
1771525747952933400,16.906933349609375,-0.504644513130188,-2.71109676361084,-0.17617973685264587
1771525747962936000,16.91693603515625,-0.6904423236846924,-2.869140625,0.02697312831878662
1771525747972938800,16.926938720703124,-0.9465779066085815,-2.7985620498657227,0.3888354003429413
1771525747982941200,16.936941162109374,-1.3596826791763306,-3.2736458778381348,0.18435150384902954
1771525747992943900,16.94694384765625,-1.6036324501037598,-3.2643656730651855,0.1173865795135498
1771525748002946600,16.956946533203126,-1.5029573440551758,-3.115774631500244,0.5047353506088257
1771525748012949200,16.96694921875,-1.49998939037323,-3.0244059562683105,0.49251627922058105
1771525748022952000,16.976951904296875,-1.1645371913909912,-2.9472131729125977,0.4034275710582733
1771525748032954600,16.98695458984375,-0.7810415625572205,-2.7128543853759766,0.19209527969360352
1771525748042957300,16.996957275390624,-0.4954514503479004,-2.3985209465026855,-0.03684702515602112
1771525748052960000,17.0069599609375,-0.23058772087097168,-2.1047511100769043,-0.3228246569633484
1771525748062962400,17.01696240234375,-0.23840594291687012,-1.8125371932983398,-0.5379135012626648
1771525748072965000,17.026965087890623,-0.3144524097442627,-1.5168046951293945,-0.6057920455932617
1771525748082967800,17.0369677734375,-0.19280707836151123,-1.2124919891357422,-0.5167825222015381
1771525748092970500,17.046970458984376,0.08919632434844971,-0.8760404586791992,-0.5568190813064575
1771525748102973200,17.05697314453125,0.19388282299041748,-0.5030593872070312,-0.6399087309837341
1771525748112976000,17.066975830078125,-0.05192255973815918,-0.1554412841796875,-0.579241931438446
1771525748122978600,17.076978515625,-0.3729398250579834,0.19118213653564453,-0.5033042430877686
1771525748132981200,17.086981201171874,-0.3941948413848877,0.5610189437866211,-0.5153268575668335
1771525748142983700,17.096983642578124,-0.15567004680633545,1.054520606994629,-0.5919477343559265
1771525748152986400,17.106986328125,0.2280120849609375,1.4946222305297852,-0.5197017192840576
1771525748162989000,17.116989013671876,0.575951337814331,1.890890121459961,-0.4907790422439575
1771525748172991700,17.12699169921875,1.0520437955856323,2.2097291946411133,-0.41393938660621643
1771525748182994400,17.136994384765625,1.3232898712158203,2.393707275390625,-0.24106332659721375
1771525748192997000,17.1469970703125,1.6926782131195068,2.4523658752441406,-0.05692565441131592
1771525748202999800,17.156999755859374,1.9860535860061646,2.452381134033203,0.10583287477493286
1771525748213002500,17.16700244140625,2.099526882171631,2.441586494445801,0.18441128730773926
1771525748223005000,17.1770048828125,1.8334178924560547,2.563422203063965,0.153009831905365
1771525748233007600,17.187007568359373,0.9220994710922241,2.6648454666137695,0.16655254364013672
1771525748243010300,17.19701025390625,-0.3903576135635376,2.9523487091064453,0.45335376262664795
1771525748253013000,17.207012939453126,-1.5925557613372803,3.087738037109375,0.9861714243888855
1771525748263015700,17.217015625,-2.0437099933624268,3.1295366287231445,1.1861379146575928
1771525748273018400,17.227018310546875,-1.483634114265442,2.972710609436035,0.9845605492591858
1771525748283021000,17.23702099609375,-0.2714390754699707,2.5499868392944336,0.8736172914505005
1771525748293023700,17.247023681640623,0.9728156328201294,1.994877815246582,0.6648756861686707
1771525748303026200,17.257026123046874,1.8602745532989502,1.340280532836914,0.29332512617111206
1771525748313028900,17.26702880859375,1.9312176704406738,0.8490467071533203,0.07006680965423584
1771525748323031600,17.277031494140626,1.1038618087768555,0.46393394470214844,0.42285430431365967
1771525748333034200,17.2870341796875,-0.11539351940155029,0.23305606842041016,0.749457061290741
1771525748343037000,17.297036865234375,-1.0586347579956055,0.10395145416259766,0.703404426574707
1771525748353039400,17.307039306640625,-1.6066365242004395,0.048186302185058594,0.7747586369514465
1771525748363042000,17.3170419921875,-1.8428936004638672,-0.13486576080322266,0.768772542476654
1771525748373044700,17.327044677734374,-1.6682007312774658,-0.3586864471435547,0.28411591053009033
1771525748383047200,17.337047119140625,-1.034560203552246,-0.6467647552490234,-0.2663431167602539
1771525748393049900,17.3470498046875,-0.09116566181182861,-0.9608335494995117,-0.5214553475379944
1771525748403052500,17.357052490234373,0.766584038734436,-1.282400131225586,-0.6586320996284485
1771525748413055000,17.367054931640624,1.4211279153823853,-1.7652931213378906,-0.6993582844734192
1771525748423057700,17.3770576171875,1.466223955154419,-1.889286994934082,-0.20975136756896973
1771525748433060400,17.387060302734376,1.1581882238388062,-2.228111743927002,-0.05877825617790222
1771525748443062800,17.397062744140626,0.8989967107772827,-2.3754305839538574,0.18699127435684204
1771525748453065500,17.4070654296875,0.5330173969268799,-2.556894302368164,0.3493419289588928
1771525748463068200,17.417068115234375,0.08535480499267578,-2.658318519592285,0.40411555767059326
1771525748473070600,17.427070556640626,-0.32430124282836914,-2.742198944091797,0.3149096369743347
1771525748483073300,17.4370732421875,-0.5959352254867554,-2.8850574493408203,0.16838061809539795
1771525748493076000,17.447075927734375,-0.8074619770050049,-2.94321346282959,0.0307503342628479
1771525748503078400,17.457078369140625,-0.9705779552459717,-2.906778335571289,-0.1530970335006714
1771525748513081000,17.4670810546875,-0.9785823822021484,-2.789583206176758,-0.27501752972602844
1771525748523083800,17.477083740234374,-0.8990947008132935,-2.6202611923217773,-0.29952070116996765
1771525748543089000,17.4970888671875,-0.7786122560501099,-2.096961498260498,-0.1520824432373047
1771525748553091600,17.507091552734376,-0.8466633558273315,-1.7723255157470703,0.032779574394226074
1771525748563094000,17.517093994140627,-0.7966004610061646,-1.382411003112793,0.0949050784111023
1771525748573096700,17.5270966796875,-0.7756451368331909,-0.9180965423583984,-0.007692992687225342
1771525748583099400,17.537099365234376,-0.900759220123291,-0.46016788482666016,-0.09951543807983398
1771525748593101800,17.547101806640626,-0.7831398248672485,-0.08428001403808594,-0.1772676706314087
1771525748603104500,17.5571044921875,-0.39867663383483887,0.19534683227539062,-0.1991652250289917
1771525748623109600,17.577109619140625,0.6457284688949585,0.7897853851318359,-0.23372149467468262
1771525748633112300,17.5871123046875,1.0185959339141846,1.003535270690918,-0.12783467769622803
1771525748643115000,17.597114990234374,0.9960864782333374,1.2251367568969727,0.17332839965820312
1771525748653117400,17.607117431640624,0.7050658464431763,1.3738069534301758,0.438046932220459
1771525748663120100,17.6171201171875,0.42444300651550293,1.5505666732788086,0.5489758253097534
1771525748673122800,17.627122802734377,0.26973605155944824,1.8132658004760742,0.5266261100769043
1771525748683125200,17.637125244140623,0.4952946901321411,2.0572052001953125,0.42761796712875366
1771525748693128000,17.6471279296875,0.8440406322479248,2.267909049987793,0.2545793652534485
1771525748703130600,17.657130615234376,1.171202540397644,2.4927377700805664,0.15353631973266602
1771525748713133000,17.667133056640626,1.104396939277649,2.9267101287841797,0.1570134162902832
1771525748723135700,17.6771357421875,0.4020075798034668,3.3160057067871094,0.15015023946762085
1771525748733138400,17.687138427734375,-0.5226988792419434,3.589536666870117,0.26507461071014404
1771525748743140900,17.697140869140625,-1.3596885204315186,3.7728471755981445,0.15742647647857666
1771525748753143600,17.7071435546875,-1.168673038482666,3.6669788360595703,-0.36600300669670105
1771525748763146200,17.717146240234374,-0.1574852466583252,3.2681808471679688,-0.9930000305175781
1771525748773148700,17.727148681640625,1.3144958019256592,2.7155609130859375,-1.4371925592422485
1771525748783151400,17.7371513671875,2.5293331146240234,2.204374313354492,-1.6972427368164062
1771525748793154000,17.747154052734373,3.0050902366638184,1.6806449890136719,-1.6443744897842407
1771525748803156500,17.757156494140624,2.461918354034424,1.4729576110839844,-1.181882619857788
1771525748813159200,17.7671591796875,1.300072193145752,1.2939205169677734,-0.5777574777603149
1771525748823161900,17.777161865234376,0.24689161777496338,1.1053657531738281,-0.2027154266834259
1771525748833164500,17.78716455078125,-0.3382751941680908,1.0173377990722656,0.16477304697036743
1771525748843167000,17.7971669921875,-0.6652721166610718,0.8056707382202148,0.3962002992630005
1771525748853169700,17.807169677734375,-0.4938443899154663,0.41898155212402344,0.19666582345962524
1771525748863172400,17.81717236328125,0.07828903198242188,-0.1042470932006836,-0.1817745864391327
1771525748873174800,17.8271748046875,0.5347287654876709,-0.59234619140625,-0.42897921800613403
1771525748883177500,17.837177490234374,0.5632846355438232,-1.0457420349121094,-0.5347750186920166
1771525748893180200,17.84718017578125,0.2546842098236084,-1.512007713317871,-0.43408507108688354
1771525748903182600,17.8571826171875,-0.1240384578704834,-1.8810930252075195,-0.17356154322624207
1771525748913185300,17.867185302734374,-0.5310405492782593,-2.253465175628662,0.07298541069030762
1771525748923188000,17.87718798828125,-0.7125289440155029,-2.538722038269043,0.2853870987892151
1771525748933190400,17.8871904296875,-0.8868812322616577,-2.780668258666992,0.3895214796066284
1771525748943193000,17.897193115234376,-0.9969190359115601,-2.9268712997436523,0.3664783835411072
1771525748953195800,17.90719580078125,-0.8518404960632324,-3.0014901161193848,0.26474183797836304
1771525748963198200,17.9171982421875,-0.3915133476257324,-2.9961094856262207,0.12401670217514038
1771525748973201000,17.927200927734376,-0.1333293914794922,-2.969151020050049,0.06684732437133789
1771525748983203600,17.93720361328125,-0.07256507873535156,-2.915797710418701,0.05927395820617676
1771525748993206000,17.9472060546875,-0.07177472114562988,-2.8596372604370117,-0.051814138889312744
1771525749003208700,17.957208740234375,-0.055632829666137695,-2.8194427490234375,-0.2333238422870636
1771525749013211400,17.96721142578125,-0.011019229888916016,-2.6705408096313477,-0.49672049283981323
1771525749023213800,17.9772138671875,-0.18690752983093262,-2.5275564193725586,-0.7147079110145569
1771525749033216500,17.987216552734374,-0.3546783924102783,-2.3376994132995605,-0.7622369527816772
1771525749043219200,17.99721923828125,-0.47601258754730225,-2.1633858680725098,-0.7328555583953857
1771525749053221600,18.0072216796875,-0.6140058040618896,-1.8181896209716797,-0.6394956111907959
1771525749063224300,18.017224365234377,-0.6162619590759277,-1.4648714065551758,-0.5245120525360107
1771525749073227000,18.02722705078125,-0.5458221435546875,-1.0937995910644531,-0.5687450170516968
1771525749083229400,18.0372294921875,-0.25531864166259766,-0.7000617980957031,-0.6148378849029541
1771525749093232000,18.047232177734376,0.07492780685424805,-0.2697010040283203,-0.5729714632034302
1771525749103234800,18.05723486328125,0.30597901344299316,0.24042034149169922,-0.5742811560630798
1771525749113237200,18.0672373046875,0.3035149574279785,0.7253074645996094,-0.4239726960659027
1771525749123240000,18.077239990234375,0.3623783588409424,1.094620704650879,-0.2790570855140686
1771525749133242600,18.08724267578125,0.6981761455535889,1.5346183776855469,-0.1712489128112793
1771525749143245000,18.0972451171875,1.0406608581542969,1.9537601470947266,0.0337376594543457
1771525749153247700,18.107247802734374,1.2238702774047852,2.3184356689453125,0.15407395362854004
1771525749163250400,18.11725048828125,1.2483413219451904,2.6049728393554688,0.20353341102600098
1771525749173252900,18.1272529296875,1.1146622896194458,2.8135128021240234,0.34570688009262085
1771525749183255600,18.137255615234373,0.7827305793762207,3.044994354248047,0.3331734538078308
1771525749193258200,18.14725830078125,0.39875221252441406,3.3429126739501953,0.21797800064086914
1771525749203260700,18.1572607421875,-0.5575727224349976,3.722522735595703,0.3217613697052002
1771525749213263400,18.167263427734376,-1.5753098726272583,3.9755020141601562,0.6195648908615112
1771525749223266000,18.17726611328125,-1.966473937034607,4.051177024841309,0.7971925139427185
1771525749233268500,18.1872685546875,-1.2823035717010498,3.740285873413086,0.6097800731658936
1771525749243271200,18.197271240234375,0.35860395431518555,3.3339452743530273,0.20905601978302002
1771525749253273900,18.20727392578125,2.3840599060058594,2.749267578125,0.05310600996017456
1771525749263276300,18.2172763671875,3.8856582641601562,2.117936134338379,-0.017821460962295532
1771525749273279000,18.227279052734374,4.371866226196289,1.532827377319336,0.33125215768814087
1771525749283281700,18.23728173828125,3.4811463356018066,1.1119508743286133,0.8749853372573853
1771525749293284000,18.2472841796875,1.7366046905517578,0.936492919921875,1.2630369663238525
1771525749303286800,18.257286865234374,0.16469907760620117,0.9075679779052734,1.299910545349121
1771525749313289500,18.26728955078125,-1.1403157711029053,0.7689733505249023,1.2417106628417969
1771525749323292000,18.2772919921875,-1.747560977935791,0.46532630920410156,0.9318299889564514
1771525749333294600,18.287294677734376,-1.5182764530181885,0.13658714294433594,0.536859393119812
1771525749343297300,18.29729736328125,-0.8233133554458618,-0.2125387191772461,0.41888633370399475
1771525749353299700,18.3072998046875,-0.06698036193847656,-0.6596965789794922,0.2502870261669159
1771525749363302400,18.317302490234376,0.35471391677856445,-1.0003528594970703,0.26719096302986145
1771525749373305000,18.32730517578125,0.4061605930328369,-1.3929595947265625,0.6385393142700195
1771525749383307500,18.3373076171875,0.37995338439941406,-1.6658172607421875,0.93494713306427
1771525749393310200,18.347310302734375,0.37206125259399414,-1.9150142669677734,0.9170716404914856
1771525749403313000,18.35731298828125,0.4779820442199707,-2.069060802459717,0.7688835859298706
1771525749413315600,18.367315673828124,0.6190705299377441,-2.233938694000244,0.5953415632247925
1771525749423318000,18.377318115234374,0.6215455532073975,-2.3768649101257324,0.2995680570602417
1771525749433320700,18.38732080078125,0.3037097454071045,-2.488125801086426,-0.0775805413722992
1771525749443323400,18.397323486328126,-0.0499422550201416,-2.605283737182617,-0.2693468928337097
1771525749453325800,18.407325927734377,-0.3177785873413086,-2.6560192108154297,-0.4536665678024292
1771525749463328500,18.41732861328125,-0.5536954402923584,-2.702286720275879,-0.6218178272247314
1771525749473331200,18.427331298828125,-0.5525021553039551,-2.8252220153808594,-0.7177242636680603
1771525749483334000,18.437333984375,-0.591081976890564,-2.886240005493164,-0.8380406498908997
1771525749493336600,18.447336669921874,-0.7649484872817993,-2.875861167907715,-0.8403622508049011
1771525749503339300,18.45733935546875,-1.0325511693954468,-2.8273143768310547,-0.6471831798553467
1771525749513342000,18.467342041015623,-1.07627534866333,-2.7210493087768555,-0.4864549934864044
1771525749523344600,18.4773447265625,-1.0447449684143066,-2.552496910095215,-0.2894456088542938
1771525749533347000,18.48734716796875,-1.042508602142334,-2.345942974090576,-0.025167882442474365
1771525749543349800,18.497349853515626,-1.0521800518035889,-2.082123279571533,0.10333526134490967
1771525749553352400,18.5073525390625,-0.9067254066467285,-1.7659797668457031,0.2211250364780426
1771525749563355100,18.517355224609375,-0.5442349910736084,-1.3833608627319336,0.39919617772102356
1771525749573357800,18.52735791015625,-0.0016276836395263672,-1.0064144134521484,0.3783263862133026
1771525749583360500,18.537360595703124,0.5620487928390503,-0.5784435272216797,0.2613867521286011
1771525749593363200,18.54736328125,1.0072462558746338,-0.17184162139892578,0.3047289252281189
1771525749603366000,18.557365966796876,0.9526968002319336,0.20861339569091797,0.44149503111839294
1771525749613368300,18.567368408203127,0.675013542175293,0.5489082336425781,0.555316686630249
1771525749623371000,18.57737109375,0.3540719747543335,0.9163713455200195,0.5722312331199646
1771525749633373700,18.587373779296875,-0.09447121620178223,1.230332374572754,0.5454204082489014
1771525749643376400,18.59737646484375,-0.4699786901473999,1.5777816772460938,0.44119420647621155
1771525749653379000,18.607379150390624,-0.6815427541732788,1.8590545654296875,0.3015778958797455
1771525749663381800,18.6173818359375,-0.463783860206604,2.088916778564453,0.20575320720672607
1771525749673384400,18.627384521484377,0.08045089244842529,2.2383432388305664,0.2035481035709381
1771525749683387100,18.63738720703125,0.49531805515289307,2.4933176040649414,0.2973477244377136
1771525749693389600,18.6473896484375,0.7327136993408203,2.7716827392578125,0.4828324615955353
1771525749703392300,18.657392333984376,0.5733362436294556,3.062973976135254,0.44232216477394104
1771525749713395000,18.66739501953125,-0.010424494743347168,3.199848175048828,0.28477612137794495
1771525749723397600,18.677397705078125,-0.7135658264160156,3.245637893676758,0.13790380954742432
1771525749733400300,18.687400390625,-1.0008783340454102,3.249669075012207,-0.19739368557929993
1771525749743402800,18.69740283203125,-0.6331493258476257,3.0359020233154297,-0.4317917227745056
1771525749753405400,18.707405517578124,0.3233475685119629,2.60477352142334,-0.5366767048835754
1771525749773410600,18.72741064453125,1.9114431142807007,1.5052528381347656,-0.7379324436187744
1771525749783413200,18.737413330078127,2.0871331691741943,1.0409889221191406,-0.4069361984729767
1771525749793416000,18.747416015625,1.6498595476150513,0.7153310775756836,0.05247262120246887
1771525749803418400,18.75741845703125,0.7271430492401123,0.4994831085205078,0.4350394010543823
1771525749813421000,18.767421142578126,-0.2788424491882324,0.3363323211669922,0.7233975529670715
1771525749823423700,18.777423828125,-0.9449556469917297,0.28397083282470703,0.7159423828125
1771525749833426200,18.78742626953125,-1.174142837524414,0.1761770248413086,0.4550609588623047
1771525749843428900,18.797428955078125,-0.8023853898048401,0.008976936340332031,0.027502626180648804
1771525749853431600,18.807431640625,-0.09353756904602051,-0.20357131958007812,-0.4142063856124878
1771525749873436700,18.827436767578124,1.0088037252426147,-0.6478719711303711,-0.6788969039916992
1771525749883439400,18.837439453125,1.1341060400009155,-0.8619270324707031,-0.6696757674217224
1771525749893441800,18.84744189453125,1.1677156686782837,-1.0806388854980469,-0.6009194254875183
1771525749903444500,18.857444580078123,1.1937029361724854,-1.3715085983276367,-0.4663923978805542
1771525749913447200,18.867447265625,0.9674363136291504,-1.6874408721923828,-0.3133564591407776
1771525749923449900,18.877449951171876,0.47094130516052246,-1.976078987121582,-0.15513059496879578
1771525749933452300,18.887452392578126,-0.01045680046081543,-2.194161891937256,-0.03515493869781494
1771525749943455000,18.897455078125,-0.45143091678619385,-2.379427433013916,0.07979980111122131
1771525749953457700,18.907457763671875,-0.8061294555664062,-2.603213310241699,0.1412210762500763
1771525749963460000,18.917460205078125,-1.1772197484970093,-2.6643447875976562,0.20576274394989014
1771525749973462800,18.927462890625,-1.3621160984039307,-2.725048065185547,0.1538296639919281
1771525749983465500,18.937465576171874,-1.4675195217132568,-2.742093086242676,0.23382338881492615
1771525749993468000,18.947468017578124,-1.402375340461731,-2.7730979919433594,0.3091156780719757
1771525750003470600,18.957470703125,-1.2610316276550293,-2.6847076416015625,0.2768078148365021
1771525750013473300,18.967473388671873,-1.0376383066177368,-2.5539112091064453,0.10411781072616577
1771525750023475700,18.977475830078124,-0.8029872179031372,-2.4192118644714355,-0.056356340646743774
1771525750033478400,18.987478515625,-0.6039823293685913,-2.2043204307556152,-0.2822183668613434
1771525750043481000,18.997481201171876,-0.4023493528366089,-1.9189014434814453,-0.4222143292427063
1771525750053483500,19.0074833984375,-0.2510775327682495,-1.620260238647461,-0.4549100995063782
1771525750063486200,19.017486328125,-0.21145892143249512,-1.332444190979004,-0.3898777663707733
1771525750073489000,19.027489013671875,-0.1734609603881836,-1.0506744384765625,-0.412143737077713
1771525750083491300,19.0374912109375,-0.17520356178283691,-0.7033462524414062,-0.39116793870925903
1771525750093494000,19.047493896484376,-0.18897271156311035,-0.3143339157104492,-0.19698739051818848
1771525750103496700,19.05749658203125,-0.12969112396240234,0.030424118041992188,-0.20625969767570496
1771525750113499100,19.0674990234375,-0.13142621517181396,0.4314289093017578,-0.18558451533317566
1771525750123501800,19.077501708984375,-0.177146315574646,0.8555221557617188,-0.11124953627586365
1771525750133504500,19.08750439453125,-0.10670828819274902,1.279160499572754,-0.10736766457557678
1771525750143507000,19.0975068359375,0.274425745010376,1.616546630859375,-0.19818253815174103
1771525750153509600,19.107509521484374,0.8382986783981323,1.9535856246948242,-0.2269541472196579
1771525750163512300,19.11751220703125,1.2145450115203857,2.1704025268554688,-0.14622947573661804
1771525750173514800,19.1275146484375,1.575083613395691,2.329432487487793,-0.10327064990997314
1771525750183517400,19.137517333984373,2.041696786880493,2.4208812713623047,-0.1890026479959488
1771525750193520000,19.14752001953125,2.007749080657959,2.6161699295043945,-0.14837566018104553
1771525750203522600,19.1575224609375,1.0059534311294556,2.7958383560180664,0.035003662109375
1771525750223528000,19.17752783203125,-1.239708662033081,3.074892044067383,0.6478525400161743
1771525750233530400,19.1875302734375,-1.340137243270874,3.152153968811035,0.9048835039138794
1771525750243533000,19.197532958984375,-0.5946107506752014,3.0496063232421875,0.5816587805747986
1771525750253535700,19.20753564453125,0.622604250907898,2.6954421997070312,0.3439238965511322
1771525750263538200,19.2175380859375,1.9826830625534058,2.213648796081543,0.29635560512542725
1771525750273540900,19.227540771484374,2.9069581031799316,1.6366872787475586,0.13729628920555115
1771525750283543600,19.23754345703125,2.9972944259643555,1.2885456085205078,0.27524515986442566
1771525750303548700,19.257548583984374,0.29084277153015137,1.0685338973999023,1.2583162784576416
1771525750313551400,19.26755126953125,-0.741748034954071,1.0556297302246094,1.3921310901641846
1771525750323553800,19.2775537109375,-1.0661611557006836,1.0017833709716797,1.4376187324523926
1771525750333556500,19.287556396484376,-0.9378154277801514,0.8260746002197266,1.0362777709960938
1771525750343559200,19.29755908203125,-0.4167264699935913,0.5812168121337891,0.4987919330596924
1771525750353561600,19.3075615234375,0.13663029670715332,0.26247692108154297,0.10898858308792114
1771525750363564300,19.317564208984376,0.7780871391296387,-0.02035236358642578,-0.2548846900463104
1771525750373567000,19.32756689453125,1.1731417179107666,-0.4305076599121094,-0.3662711977958679
1771525750383569400,19.3375693359375,1.4562479257583618,-0.8205842971801758,-0.1570557802915573
1771525750393572000,19.347572021484375,1.540202260017395,-1.1341304779052734,0.17015984654426575
1771525750403574800,19.35757470703125,1.3979130983352661,-1.457716941833496,0.4746714234352112
1771525750413577200,19.3675771484375,1.0980061292648315,-1.7774085998535156,0.7016585469245911
1771525750423580000,19.377579833984374,0.6395180225372314,-2.097877025604248,0.7673588395118713
1771525750433582600,19.38758251953125,0.37599706649780273,-2.4000658988952637,0.7070050239562988
1771525750443585000,19.3975849609375,0.1376349925994873,-2.6894216537475586,0.7270838022232056
1771525750453587700,19.407587646484377,-0.1918584108352661,-2.850982666015625,0.5538082718849182
1771525750463590400,19.41759033203125,-0.4531899690628052,-2.9368371963500977,0.3578743040561676
1771525750473592800,19.4275927734375,-0.7311979532241821,-2.979830741882324,0.286202609539032
1771525750493598200,19.44759814453125,-1.017016887664795,-2.940399169921875,0.12497824430465698
1771525750503601000,19.457600830078125,-0.9028136730194092,-2.876955032348633,0.04977971315383911
1771525750513603300,19.467603271484375,-0.7806947231292725,-2.727336883544922,0.010991543531417847
1771525750523606000,19.47760595703125,-0.644978404045105,-2.534940719604492,0.01346355676651001
1771525750533608700,19.487608642578124,-0.5086402893066406,-2.309765338897705,0.05862995982170105
1771525750543611100,19.497611083984374,-0.5234079360961914,-2.0425877571105957,0.13743644952774048
1771525750553613800,19.50761376953125,-0.5121678113937378,-1.7908611297607422,0.14078527688980103
1771525750563616500,19.517616455078127,-0.47029411792755127,-1.5019893646240234,0.12151214480400085
1771525750573619000,19.527618896484373,-0.39300084114074707,-1.1425580978393555,0.06341347098350525
1771525750583621600,19.53762158203125,-0.3440377712249756,-0.8030719757080078,0.09778273105621338
1771525750593624300,19.547624267578126,-0.18029391765594482,-0.45475101470947266,0.17640149593353271
1771525750603626800,19.557626708984376,-0.09242808818817139,-0.10734844207763672,0.4151168465614319
1771525750623632100,19.577632080078125,0.04908955097198486,0.5707406997680664,0.9283567667007446
1771525750643637200,19.59763720703125,0.2941715717315674,1.3540925979614258,1.185603141784668
1771525750653640000,19.607639892578124,0.3615761995315552,1.6719703674316406,1.3839030265808105
1771525750663642400,19.617642333984374,0.3381049633026123,2.031865119934082,1.4711382389068604
1771525750673645000,19.62764501953125,0.2876574993133545,2.3005666732788086,1.4081406593322754
1771525750683647700,19.637647705078123,0.3799309730529785,2.450119972229004,1.246315360069275
1771525750693650200,19.647650146484374,0.37127184867858887,2.624100685119629,0.9035773277282715
1771525750703652900,19.65765283203125,0.043613433837890625,2.793633460998535,0.6506888270378113
1771525750713655600,19.667655517578126,-0.5083537101745605,2.9638776779174805,0.5956107974052429
1771525750723658000,19.677657958984376,-1.0313289165496826,3.0401601791381836,0.505099356174469
1771525750733660700,19.68766064453125,-1.0574512481689453,2.9518165588378906,0.3205035328865051
1771525750743663400,19.697663330078125,-0.32359111309051514,2.9197072982788086,-0.011020004749298096
1771525750753665800,19.707665771484375,1.063610553741455,2.5036869049072266,-0.19536957144737244
1771525750763668500,19.71766845703125,2.268846035003662,2.075397491455078,-0.12135890126228333
1771525750773671200,19.727671142578124,3.0358669757843018,1.537236213684082,0.19060039520263672
1771525750783673600,19.737673583984375,3.210951089859009,1.1024837493896484,0.7006710171699524
1771525750793676300,19.74767626953125,2.8657188415527344,0.7409191131591797,1.0377339124679565
1771525750803679000,19.757678955078124,1.8792753219604492,0.6100931167602539,1.0547960996627808
1771525750813681400,19.767681396484374,0.7651371955871582,0.43898963928222656,0.7241087555885315
1771525750823684000,19.77768408203125,-0.015132904052734375,0.21502208709716797,0.26364296674728394
1771525750833686800,19.787686767578126,-0.6283602714538574,0.006127357482910156,-0.30470994114875793
1771525750843689200,19.797689208984377,-1.0161075592041016,-0.09606647491455078,-0.9510661959648132
1771525750863694600,19.817694580078125,-1.3449680805206299,-0.33586883544921875,-1.5066982507705688
1771525750873697000,19.827697021484376,-1.1166706085205078,-0.5061655044555664,-1.5939369201660156
1771525750883699700,19.83769970703125,-0.42612266540527344,-0.5730199813842773,-1.6095061302185059
1771525750893702400,19.847702392578125,0.3967444896697998,-0.8339500427246094,-1.2909555435180664
1771525750903704800,19.857704833984375,1.0767333507537842,-0.9079523086547852,-0.6510030031204224
1771525750913707500,19.86770751953125,1.3477275371551514,-1.097956657409668,-0.1445227861404419
1771525750923710200,19.877710205078124,1.5707237720489502,-1.203751564025879,0.2950584292411804
1771525750933712600,19.887712646484374,1.5374500751495361,-1.3694915771484375,0.6515814661979675
1771525750943715300,19.89771533203125,1.384232759475708,-1.5956182479858398,0.8595689535140991
1771525750953718000,19.907718017578127,0.9537253379821777,-1.7960786819458008,0.9061866402626038
1771525750963720400,19.917720458984373,0.4520118236541748,-2.012704372406006,0.8385608792304993
1771525750973723100,19.92772314453125,0.03305172920227051,-2.1727166175842285,0.7022157907485962
1771525750983725800,19.937725830078126,-0.24381446838378906,-2.2898449897766113,0.5143634080886841
1771525750993728300,19.947728271484376,-0.3700634241104126,-2.43565034866333,0.32264459133148193
1771525751003731000,19.95773095703125,-0.5982213020324707,-2.4956045150756836,0.10764235258102417
1771525751013733600,19.967733642578125,-0.9156382083892822,-2.474179744720459,-0.07933473587036133
1771525751023736000,19.977736083984375,-1.1947529315948486,-2.4619603157043457,-0.2196316421031952
1771525751033738800,19.98773876953125,-1.3108665943145752,-2.3778204917907715,-0.2614414691925049
1771525751043741400,19.997741455078124,-1.619248628616333,-2.126133441925049,-0.19550096988677979
1771525751053744000,20.007744140625,-1.9187490940093994,-1.8114995956420898,-0.10775372385978699
1771525751063746600,20.01774658203125,-2.0307867527008057,-1.4861297607421875,-0.09356850385665894
1771525751073749200,20.027749267578123,-1.737465739250183,-1.135528564453125,-0.1671142876148224
1771525751083752000,20.037751953125,-1.1903594732284546,-0.7745265960693359,-0.28122007846832275
1771525751093754400,20.04775439453125,-0.5102214813232422,-0.38002490997314453,-0.27389034628868103
1771525751103757000,20.057757080078126,0.010175228118896484,-0.000553131103515625,-0.13614368438720703
1771525751113759700,20.067759765625,0.39177000522613525,0.4114103317260742,-0.1163347065448761
1771525751123762200,20.07776220703125,0.5543285608291626,0.8508672714233398,0.04922068119049072
1771525751133764900,20.087764892578125,0.5172238349914551,1.2603759765625,0.3907153606414795
1771525751143767600,20.097767578125,0.4165397882461548,1.659505844116211,0.5808447599411011
1771525751153770000,20.10777001953125,0.532289981842041,1.933889389038086,0.6504566073417664
1771525751163772700,20.117772705078124,0.7997416257858276,2.1454038619995117,0.5806188583374023
1771525751173775400,20.127775390625,0.919980525970459,2.2986249923706055,0.49903833866119385
1771525751183777800,20.13777783203125,1.1292937994003296,2.4841270446777344,0.40510714054107666
1771525751193780500,20.147780517578123,1.1329843997955322,2.601327896118164,0.2110995054244995
1771525751203783200,20.157783203125,0.6392631530761719,2.8704214096069336,0.09235596656799316
1771525751213785600,20.16778564453125,-0.27392399311065674,3.024519920349121,0.22878551483154297
1771525751223788300,20.177788330078126,-1.066675066947937,3.1030092239379883,0.3930997848510742
1771525751233791000,20.187791015625,-1.309586763381958,3.078120231628418,0.411504864692688
1771525751243793400,20.19779345703125,-0.7337759733200073,2.883462905883789,0.14326804876327515
1771525751253796000,20.207796142578125,0.8594270944595337,2.4710874557495117,-0.0801016092300415
1771525751263798800,20.217798828125,2.612545967102051,1.8641395568847656,-0.1509525179862976
1771525751273801200,20.22780126953125,3.7255430221557617,1.1327037811279297,0.03029841184616089
1771525751283804000,20.237803955078125,3.6527276039123535,0.6386785507202148,0.8173258900642395
1771525751293806600,20.247806640625,2.2990550994873047,0.27149391174316406,1.7345134019851685
1771525751303809000,20.25780908203125,0.5376707315444946,0.050660133361816406,2.073305368423462
1771525751313811700,20.267811767578124,-1.0184109210968018,-0.051967620849609375,2.035780906677246
1771525751323814400,20.277814453125,-2.0845839977264404,-0.11114311218261719,1.5809749364852905
1771525751333816800,20.28781689453125,-2.3139376640319824,-0.34530067443847656,0.6531699299812317
1771525751343819500,20.297819580078126,-2.0378224849700928,-0.6147842407226562,-0.5201520323753357
1771525751353822200,20.307822265625,-1.4843194484710693,-0.8759078979492188,-1.2532426118850708
1771525751363824600,20.31782470703125,-0.9476077556610107,-1.0950698852539062,-1.6474285125732422
1771525751373827300,20.327827392578126,-0.7473747730255127,-1.2291021347045898,-1.6567494869232178
1771525751383829800,20.337829833984376,-0.5638213157653809,-1.3401784896850586,-1.2807068824768066
1771525751393832400,20.34783251953125,-0.20882940292358398,-1.4146804809570312,-0.8382470607757568
1771525751403835000,20.3578349609375,0.37432289123535156,-1.4634246826171875,-0.4047781229019165
1771525751413837600,20.367837646484375,0.9341137409210205,-1.5407390594482422,-0.07114464044570923
1771525751423840000,20.377840087890625,1.4298412799835205,-1.6627264022827148,0.04189753532409668
1771525751433842700,20.3878427734375,1.5245494842529297,-1.7308759689331055,0.09968876838684082
1771525751443845000,20.39784521484375,1.196523666381836,-1.7936105728149414,0.17460793256759644
1771525751453847800,20.407847900390625,0.4625589847564697,-1.8405113220214844,0.20138466358184814
1771525751463850200,20.417850341796875,-0.268172025680542,-1.8839836120605469,0.16187256574630737
1771525751473853000,20.42785302734375,-0.7009090185165405,-1.9368171691894531,0.08335298299789429
1771525751483855400,20.43785546875,-0.8515918254852295,-1.9461464881896973,0.07403987646102905
1771525751493857800,20.44785791015625,-0.8589498996734619,-1.8834381103515625,0.11754351854324341
1771525751503860500,20.457860595703124,-0.8522951602935791,-1.7727088928222656,0.09798210859298706
1771525751513863000,20.46786279296875,-0.7970178127288818,-1.6908512115478516,0.15017253160476685
1771525751523865600,20.477865478515625,-0.6717277765274048,-1.5811758041381836,0.24743884801864624
1771525751533868000,20.487867919921875,-0.6179549694061279,-1.3679008483886719,0.3915526270866394
1771525751543870700,20.49787060546875,-0.7600339651107788,-1.1037836074829102,0.5401833057403564
1771525751553873200,20.507873046875,-0.9524835348129272,-0.8025999069213867,0.637026846408844
1771525751563875800,20.517875732421874,-0.82704758644104,-0.49205493927001953,0.5676321983337402
1771525751573878300,20.527878173828125,-0.3606438636779785,-0.15768814086914062,0.5159820318222046
1771525751583881000,20.537880859375,0.06610631942749023,0.18572521209716797,0.5556723475456238
1771525751593883400,20.54788330078125,0.41554999351501465,0.45210742950439453,0.542870044708252
1771525751603886000,20.557885986328124,0.7370641231536865,0.722468376159668,0.6889842748641968
1771525751613888500,20.567888427734374,0.8651759624481201,0.8959817886352539,0.9052486419677734
1771525751623891200,20.57789111328125,0.9092142581939697,1.0589313507080078,1.0031155347824097
1771525751643896000,20.59789599609375,1.0665879249572754,1.2773056030273438,0.9134482741355896
1771525751653898800,20.607898681640624,1.2974019050598145,1.375138282775879,0.7657874226570129
1771525751663901400,20.6179013671875,1.189424991607666,1.523782730102539,0.7032149434089661
1771525751673904000,20.627904052734376,0.6985106468200684,1.6710624694824219,0.6585766673088074
1771525751683906600,20.637906494140626,0.020854949951171875,1.8373594284057617,0.3729572892189026
1771525751693909200,20.6479091796875,-0.7661136388778687,2.0953454971313477,0.08333885669708252
1771525751703912000,20.657911865234375,-1.5477745532989502,2.3360729217529297,-0.0875018835067749
1771525751713914400,20.667914306640625,-2.1515443325042725,2.527012825012207,-0.264384388923645
1771525751723917000,20.6779169921875,-2.2226085662841797,2.57818603515625,-0.624036967754364
1771525751733919700,20.687919677734374,-1.6492016315460205,2.504892349243164,-0.9823062419891357
1771525751743922200,20.697922119140625,-0.21348309516906738,2.2305116653442383,-1.0849719047546387
1771525751753924900,20.7079248046875,1.3152596950531006,1.7772216796875,-0.9106994271278381
1771525751763927600,20.717927490234374,2.533029317855835,1.2573919296264648,-0.5358365774154663
1771525751773930000,20.727929931640624,3.028596878051758,0.8406476974487305,0.015981554985046387
1771525751783932700,20.7379326171875,2.797548294067383,0.5728788375854492,0.47980576753616333
1771525751793935400,20.747935302734376,1.887753963470459,0.38188838958740234,0.5267302393913269
1771525751803937800,20.757937744140627,0.7581586837768555,0.1681833267211914,0.07681030035018921
1771525751813940500,20.7679404296875,0.02534198760986328,0.07141494750976562,-0.40841010212898254
1771525751823943200,20.777943115234375,-0.7209018468856812,0.011162757873535156,-0.9980919361114502
1771525751833945600,20.787945556640626,-1.334867000579834,-0.03416919708251953,-1.7037560939788818
1771525751843948300,20.7979482421875,-1.5929632186889648,-0.12957000732421875,-2.2136454582214355
1771525751853951000,20.807950927734375,-1.5845947265625,-0.28348827362060547,-2.396287679672241
1771525751873956000,20.8279560546875,-0.7794510126113892,-0.6181755065917969,-2.1656641960144043
1771525751883958800,20.837958740234374,-0.130418062210083,-0.8388004302978516,-1.7224910259246826
1771525751893961200,20.847961181640624,0.5108418464660645,-1.0592870712280273,-1.213860034942627
1771525751903964000,20.8579638671875,0.859442949295044,-1.2433481216430664,-0.5396081209182739
1771525751913966600,20.867966552734377,0.7797970771789551,-1.3776264190673828,0.055717527866363525
1771525751923969000,20.877968994140623,0.3864572048187256,-1.5721015930175781,0.48046422004699707
1771525751943974400,20.897974365234376,-0.4812887907028198,-1.8615798950195312,0.5391646027565002
1771525751963979500,20.9179794921875,-0.9805513620376587,-2.0996270179748535,0.2814803719520569
1771525751973982200,20.927982177734375,-1.142541766166687,-2.1340651512145996,0.001885831356048584
1771525751983984600,20.937984619140625,-1.321151614189148,-2.105363368988037,-0.23326155543327332
1771525751993987300,20.9479873046875,-1.4213247299194336,-2.0947632789611816,-0.3816125988960266
1771525752003990000,20.957989990234374,-1.4487018585205078,-1.958815097808838,-0.5052715539932251
1771525752013992400,20.967992431640624,-1.3315629959106445,-1.7552385330200195,-0.5086854696273804
1771525752023995100,20.9779951171875,-1.1640872955322266,-1.527597427368164,-0.4302694797515869
1771525752033997800,20.987997802734377,-1.1804230213165283,-1.1805047988891602,-0.283313512802124
1771525752044000300,20.998000244140623,-1.1381676197052002,-0.8285865783691406,0.038234591484069824
1771525752054003000,21.0080029296875,-0.9516801834106445,-0.5005807876586914,0.27778536081314087
1771525752064005600,21.018005615234376,-0.5425015687942505,-0.2113780975341797,0.28400087356567383
1771525752074008000,21.028008056640626,-0.13292694091796875,0.033692359924316406,0.20110058784484863
1771525752084010800,21.0380107421875,0.29395079612731934,0.26285266876220703,0.09559237957000732
1771525752094013400,21.048013427734375,0.5013010501861572,0.5378360748291016,-0.009502112865447998
1771525752104016000,21.058015869140625,0.507667064666748,0.7298917770385742,-0.11993992328643799
1771525752114018600,21.0680185546875,0.4949002265930176,0.9203948974609375,-0.22960767149925232
1771525752124021200,21.078021240234374,0.5199594497680664,1.1046333312988281,-0.28042468428611755
1771525752134023700,21.088023681640625,0.6111390590667725,1.4118127822875977,-0.40356576442718506
1771525752144026400,21.0980263671875,0.42733287811279297,1.7084999084472656,-0.4201975166797638
1771525752154029000,21.108029052734373,0.0049495697021484375,1.9283475875854492,-0.13865137100219727
1771525752164031500,21.118031494140624,-0.3679373264312744,2.081747055053711,0.032032549381256104
1771525752174034200,21.1280341796875,-0.6466377973556519,2.341336250305176,0.16462844610214233
1771525752184036900,21.138036865234376,-0.583795428276062,2.4346437454223633,0.32230955362319946
1771525752194039300,21.148039306640626,-0.4941890239715576,2.4907474517822266,0.32827162742614746
1771525752204042000,21.1580419921875,-0.5380393266677856,2.514078140258789,0.28277313709259033
1771525752214044700,21.168044677734375,-0.8067694902420044,2.4857521057128906,0.23454731702804565
1771525752224047000,21.178047119140626,-0.8160983324050903,2.3443336486816406,0.12420785427093506
1771525752234049800,21.1880498046875,-0.027689576148986816,2.0663928985595703,-0.18626278638839722
1771525752244052500,21.198052490234375,1.489908218383789,1.7041921615600586,-0.3910636901855469
1771525752254055200,21.20805517578125,2.75352144241333,1.1411190032958984,-0.4431571364402771
1771525752264057600,21.2180576171875,3.269726037979126,0.7344245910644531,-0.2452172338962555
1771525752274060300,21.228060302734374,2.92795991897583,0.45458221435546875,0.29715412855148315
1771525752284063000,21.23806298828125,1.77018404006958,0.20600128173828125,0.9126021265983582
1771525752294065400,21.2480654296875,0.30483579635620117,0.0844717025756836,1.1330151557922363
1771525752304068000,21.258068115234376,-1.106991171836853,0.0191497802734375,1.1664707660675049
1771525752314070800,21.26807080078125,-2.063795328140259,0.035613059997558594,0.9569447040557861
1771525752324073200,21.2780732421875,-2.3802905082702637,-0.0850076675415039,0.5704821944236755
1771525752334076000,21.288075927734376,-2.078019857406616,-0.2940788269042969,-0.05900216102600098
1771525752344078600,21.29807861328125,-1.5003433227539062,-0.43820667266845703,-0.7930440306663513
1771525752354081000,21.3080810546875,-1.0768929719924927,-0.5982370376586914,-1.0552796125411987
1771525752364083700,21.318083740234375,-0.8119041919708252,-0.7787981033325195,-0.8503022193908691
1771525752374086400,21.32808642578125,-0.5561997890472412,-0.9228706359863281,-0.4290078580379486
1771525752384088800,21.3380888671875,-0.20666849613189697,-0.9836921691894531,0.08109956979751587
1771525752394091500,21.348091552734374,0.12920260429382324,-1.0243902206420898,0.4752727150917053
1771525752404094200,21.35809423828125,0.5987541675567627,-1.1082277297973633,0.8156500458717346
1771525752414096600,21.3680966796875,1.1068944931030273,-1.1935033798217773,0.8561905026435852
1771525752424099300,21.378099365234377,1.262669563293457,-1.377065658569336,0.9222414493560791
1771525752434102000,21.38810205078125,1.0679550170898438,-1.51568603515625,0.8657219409942627
1771525752444104400,21.3981044921875,0.7130324840545654,-1.6472253799438477,0.6612544059753418
1771525752454107100,21.408107177734376,0.3191800117492676,-1.7277717590332031,0.49265390634536743
1771525752464109800,21.41810986328125,0.05051088333129883,-1.7994318008422852,0.2547394037246704
1771525752474112300,21.4281123046875,-0.133040189743042,-1.857004165649414,0.10817265510559082
1771525752484115000,21.438114990234375,-0.418931245803833,-1.8716068267822266,0.032750457525253296
1771525752494117600,21.44811767578125,-0.807400107383728,-1.8289718627929688,0.01032644510269165
1771525752504120000,21.4581201171875,-1.1236324310302734,-1.6572132110595703,0.02837243676185608
1771525752514122800,21.468122802734374,-1.392878532409668,-1.4615345001220703,0.18336832523345947
1771525752524125400,21.47812548828125,-1.5588088035583496,-1.2083797454833984,0.3315974473953247
1771525752534127900,21.4881279296875,-1.742656946182251,-0.9358425140380859,0.4980113208293915
1771525752544130600,21.498130615234373,-1.373395323753357,-0.6531152725219727,0.4969901740550995
1771525752554133200,21.50813330078125,-0.6018571853637695,-0.3895893096923828,0.4956490993499756
1771525752564135700,21.5181357421875,0.07443928718566895,-0.12231254577636719,0.5210869908332825
1771525752574138400,21.528138427734376,0.43383002281188965,0.06702232360839844,0.538805365562439
1771525752584141000,21.53814111328125,0.6424931287765503,0.25549983978271484,0.38494229316711426
1771525752594143500,21.5481435546875,0.6569881439208984,0.43378734588623047,0.5132597088813782
1771525752604146200,21.558146240234375,0.45685088634490967,0.5974254608154297,0.7866489291191101
1771525752614148900,21.56814892578125,0.3573559522628784,0.7320423126220703,0.8691304326057434
1771525752624151300,21.5781513671875,0.0764009952545166,0.9091930389404297,0.9789090752601624
1771525752644156700,21.59815673828125,-0.08027613162994385,1.2353925704956055,0.6310245990753174
1771525752654159000,21.6081591796875,-0.1409238576889038,1.351853370666504,0.5084858536720276
1771525752664161800,21.618161865234374,-0.13249611854553223,1.4695730209350586,0.5524859428405762
1771525752674164500,21.62816455078125,0.09779155254364014,1.555119514465332,0.3945912718772888
1771525752684167000,21.6381669921875,0.28403985500335693,1.7323808670043945,0.49838757514953613
1771525752694169600,21.648169677734376,0.3646482229232788,1.8720626831054688,0.7208423018455505
1771525752704172300,21.65817236328125,0.6114974021911621,1.9121551513671875,0.8208354711532593
1771525752714174700,21.6681748046875,1.1587944030761719,1.9146480560302734,0.5438982844352722
1771525752724177400,21.678177490234376,2.0549707412719727,1.8163690567016602,0.11862283945083618
1771525752734180000,21.68818017578125,2.7791435718536377,1.5209436416625977,-0.3652503192424774
1771525752744182500,21.6981826171875,3.4098310470581055,1.3095664978027344,-0.6599472761154175
1771525752754185200,21.708185302734375,3.3166663646698,0.9134321212768555,-0.6176290512084961
1771525752764187600,21.718187744140625,2.485797166824341,0.7487211227416992,-0.4378397464752197
1771525752774190300,21.7281904296875,1.2687351703643799,0.5396041870117188,-0.38110390305519104
1771525752784192800,21.73819287109375,0.24700522422790527,0.4070005416870117,-0.5306723117828369
1771525752794195500,21.748195556640624,-0.4253929853439331,0.33693885803222656,-0.659543514251709
1771525752804198000,21.758197998046874,-0.8075706958770752,0.2959785461425781,-0.9581476449966431
1771525752814200600,21.76820068359375,-1.1161186695098877,0.2940187454223633,-1.4057281017303467
1771525752824203000,21.778203125,-1.2763102054595947,0.3076486587524414,-1.848948359489441
1771525752834205700,21.788205810546874,-1.6091456413269043,0.22728443145751953,-1.9288272857666016
1771525752844208000,21.7982080078125,-1.8642545938491821,0.10152149200439453,-1.7850332260131836
1771525752854210800,21.8082109375,-1.9439753293991089,-0.03568267822265625,-1.5128496885299683
1771525752864213200,21.818213134765625,-1.4865531921386719,-0.2510032653808594,-1.1601704359054565
1771525752874216000,21.8282158203125,-0.6704692840576172,-0.4543647766113281,-0.7548130750656128
1771525752884218400,21.83821826171875,0.040929317474365234,-0.6277847290039062,-0.2536727786064148
1771525752894220800,21.848220703125,0.6577169895172119,-0.8249902725219727,0.15835040807724
1771525752904223500,21.858223388671874,1.1032719612121582,-1.023061752319336,0.4734243154525757
1771525752914226000,21.868225830078124,1.2724225521087646,-1.2327394485473633,0.8292844891548157
1771525752924228600,21.878228515625,1.2347819805145264,-1.4356698989868164,1.0870959758758545
1771525752944233700,21.898233642578123,0.5589425563812256,-1.7532663345336914,1.0013442039489746
1771525752954236200,21.908236083984374,0.10843789577484131,-1.899118423461914,0.7144138813018799
1771525752964238800,21.91823876953125,-0.12181878089904785,-1.9582738876342773,0.37828975915908813
1771525752974241300,21.9282412109375,-0.41610467433929443,-2.0307059288024902,0.20976215600967407
1771525752984244000,21.938243896484376,-0.657427191734314,-2.006010055541992,0.150526225566864
1771525752994246400,21.948246337890627,-0.7606327533721924,-1.984701156616211,0.10111051797866821
1771525753004249000,21.9582490234375,-0.5000795125961304,-1.933762550354004,0.010823965072631836
1771525753014251500,21.96825146484375,-0.25936853885650635,-1.7777729034423828,-0.02307802438735962
1771525753024254200,21.978254150390626,-0.022244930267333984,-1.6129703521728516,-0.16644564270973206
1771525753034256600,21.988256591796876,0.09912407398223877,-1.4255475997924805,-0.2752074599266052
1771525753044259300,21.99825927734375,0.028348445892333984,-1.2536334991455078,-0.35056087374687195
1771525753054261800,22.00826171875,-0.14540112018585205,-1.0107669830322266,-0.4505389928817749
1771525753064264200,22.01826416015625,-0.36307692527770996,-0.658299446105957,-0.46975380182266235
1771525753074267000,22.028266845703126,-0.32686448097229004,-0.32016468048095703,-0.38360947370529175
1771525753084269300,22.038269287109376,-0.08409452438354492,0.02731037139892578,-0.3065900504589081
1771525753094272000,22.04827197265625,0.0984795093536377,0.35995960235595703,-0.12374916672706604
1771525753104274400,22.0582744140625,0.19203662872314453,0.7112407684326172,0.13701677322387695
1771525753114277000,22.068277099609375,0.41979801654815674,0.9858675003051758,0.20754528045654297
1771525753124279600,22.078279541015625,0.8308722972869873,1.1551532745361328,0.12037849426269531
1771525753134282200,22.0882822265625,1.107135534286499,1.3669347763061523,0.20183950662612915
1771525753144285000,22.098284912109374,1.282910943031311,1.4919986724853516,0.07964527606964111
1771525753154287600,22.10828759765625,1.4412109851837158,1.5112943649291992,-0.15683519840240479
1771525753164290000,22.1182900390625,1.3793002367019653,1.4820804595947266,-0.24216505885124207
1771525753174292700,22.128292724609373,0.9203208684921265,1.5432567596435547,-0.145420640707016
1771525753184295400,22.13829541015625,0.04698967933654785,1.7432012557983398,0.1214950680732727
1771525753194297900,22.1482978515625,-0.9452354907989502,1.8055524826049805,0.6845868229866028
1771525753204300500,22.158300537109376,-1.5421231985092163,1.9177684783935547,1.1950095891952515
1771525753214303200,22.16830322265625,-1.013608694076538,1.7124624252319336,1.724200963973999
1771525753224305700,22.1783056640625,0.609764575958252,1.5430002212524414,1.612256407737732
1771525753234308400,22.188308349609375,2.207148551940918,1.1922674179077148,1.5288927555084229
1771525753244311000,22.19831103515625,3.288639783859253,0.7925014495849609,1.6090576648712158
1771525753254313500,22.2083134765625,3.374993324279785,0.5192356109619141,1.9329497814178467
1771525753264316200,22.218316162109375,2.324213981628418,0.3097724914550781,2.3491311073303223
1771525753274318800,22.22831884765625,0.8654160499572754,0.12694549560546875,2.3210105895996094
1771525753284321300,22.2383212890625,-0.2566155195236206,0.0012454986572265625,1.9573270082473755
1771525753294324000,22.248323974609374,-0.8880555629730225,-0.17574310302734375,1.5626262426376343
1771525753304326700,22.25832666015625,-1.0480847358703613,-0.38379764556884766,0.9652731418609619
1771525753314329000,22.2683291015625,-0.8804799318313599,-0.6035194396972656,0.4284968376159668
1771525753324331800,22.278331787109376,-0.6462596654891968,-0.7443046569824219,0.04850900173187256
1771525753334334500,22.28833447265625,-0.4550666809082031,-0.8253755569458008,-0.2011435627937317
1771525753344337000,22.2983369140625,-0.04491281509399414,-0.865748405456543,-0.33115601539611816
1771525753354339600,22.308339599609376,0.6284528970718384,-0.8992280960083008,-0.18428656458854675
1771525753364342300,22.31834228515625,1.2108066082000732,-0.9267330169677734,-0.013148516416549683
1771525753374344700,22.3283447265625,1.692272663116455,-0.9492149353027344,0.17491135001182556
1771525753384347400,22.338347412109375,2.0103201866149902,-1.0106420516967773,0.31493884325027466
1771525753394350000,22.34835009765625,2.071016311645508,-1.1123285293579102,0.48019134998321533
1771525753404352500,22.3583525390625,1.7860791683197021,-1.2069826126098633,0.6100103259086609
1771525753414355200,22.368355224609374,1.3794360160827637,-1.3182926177978516,0.5903468132019043
1771525753424358000,22.37835791015625,0.9634144306182861,-1.3595609664916992,0.5333988070487976
1771525753434360300,22.3883603515625,0.5396485328674316,-1.4782371520996094,0.4701499342918396
1771525753444363000,22.398363037109377,0.3541295528411865,-1.5159378051757812,0.32300683856010437
1771525753454365700,22.40836572265625,0.3437497615814209,-1.5347728729248047,0.27593761682510376
1771525753464368000,22.4183681640625,0.31278157234191895,-1.5539789199829102,0.3324737846851349
1771525753474370800,22.428370849609376,0.08944010734558105,-1.6405277252197266,0.5042217373847961
1771525753484373500,22.43837353515625,-0.2082582712173462,-1.6650161743164062,0.722856342792511
1771525753494376000,22.4483759765625,-0.3425016403198242,-1.6942815780639648,0.8276577591896057
1771525753504378600,22.458378662109375,-0.5810967683792114,-1.628037452697754,0.9482544660568237
1771525753514381300,22.46838134765625,-0.7497564554214478,-1.4898624420166016,0.850711464881897
1771525753524383700,22.4783837890625,-0.7498006820678711,-1.3273658752441406,0.7918965816497803
1771525753534386400,22.488386474609374,-0.7111570835113525,-1.1643047332763672,0.7690672874450684
1771525753544389000,22.49838916015625,-0.5201659202575684,-0.9096927642822266,0.6556786298751831
1771525753554391600,22.5083916015625,-0.1726515293121338,-0.6162033081054688,0.5792782306671143
1771525753564394200,22.518394287109373,0.0746762752532959,-0.35587596893310547,0.8119486570358276
1771525753574397000,22.52839697265625,0.07823991775512695,-0.09037208557128906,1.1448959112167358
1771525753584399400,22.5383994140625,0.27205026149749756,0.09444618225097656,1.2374517917633057
1771525753594402000,22.548402099609376,0.6347765922546387,0.25543975830078125,1.3068897724151611
1771525753604404700,22.55840478515625,0.9051094055175781,0.42574501037597656,1.3962883949279785
1771525753614407200,22.5684072265625,1.179364562034607,0.6147947311401367,1.242539405822754
1771525753624409900,22.578409912109375,1.3393970727920532,0.8604555130004883,1.2768006324768066
1771525753634412500,22.58841259765625,1.3221112489700317,1.0242700576782227,1.3466655015945435
1771525753644415000,22.5984150390625,1.5607140064239502,1.1879997253417969,1.1755073070526123
1771525753654417700,22.608417724609374,1.9142851829528809,1.3127422332763672,1.056312084197998
1771525753664420400,22.61842041015625,2.1405420303344727,1.4364547729492188,0.9029304385185242
1771525753674422800,22.6284228515625,2.20277738571167,1.5924148559570312,0.8138765096664429
1771525753714433300,22.668433349609376,1.0860984325408936,1.8020868301391602,0.856168270111084
1771525753724436000,22.67843603515625,0.32579827308654785,1.7730913162231445,0.7658780217170715
1771525753734438700,22.688438720703125,-0.4411996603012085,1.740117073059082,0.5113614201545715
1771525753744441000,22.698441162109376,-0.8812428712844849,1.5373115539550781,0.19939979910850525
1771525753754443500,22.708443603515626,-0.7035044431686401,1.275045394897461,-0.04920715093612671
1771525753764446200,22.7184462890625,-0.20830047130584717,0.9388399124145508,-0.1950567662715912
1771525753774448600,22.72844873046875,0.3584911823272705,0.5903606414794922,-0.2351381480693817
1771525753784451300,22.738451416015625,0.5523006916046143,0.1378040313720703,-0.13354477286338806
1771525753794453800,22.748453857421875,0.7630889415740967,-0.1421365737915039,-0.16455522179603577
1771525753804456400,22.75845654296875,0.5940637588500977,-0.3656282424926758,-0.1337544322013855
1771525753814459000,22.768458984375,0.006977081298828125,-0.4181394577026367,-0.17666372656822205
1771525753824461600,22.778461669921874,-0.5429394245147705,-0.40444278717041016,-0.3948754072189331
1771525753834464000,22.788464111328125,-0.7104018926620483,-0.37656116485595703,-0.6397749185562134
1771525753844466700,22.798466796875,-0.6341447830200195,-0.38234901428222656,-0.7650128602981567
1771525753854469000,22.80846923828125,-0.7406591176986694,-0.34498023986816406,-0.7641692161560059
1771525753884477000,22.838476806640625,0.3394615650177002,-0.5775871276855469,-0.563611626625061
1771525753894479400,22.848479248046875,0.9023776054382324,-0.7700099945068359,-0.19440823793411255
1771525753904481800,22.858481689453125,1.2691919803619385,-0.9012136459350586,0.02344059944152832
1771525753914484500,22.868484375,1.3475167751312256,-1.0818939208984375,0.07840356230735779
1771525753924487000,22.87848681640625,1.0901455879211426,-1.235525131225586,0.2160370647907257
1771525753934489600,22.888489501953124,0.7245569229125977,-1.3950014114379883,0.10638529062271118
1771525753944492000,22.898491943359375,0.34034788608551025,-1.535940170288086,-0.2001364827156067
1771525753954494700,22.90849462890625,-0.07863283157348633,-1.6483030319213867,-0.2563236355781555
1771525753964497200,22.9184970703125,-0.4403393268585205,-1.6979360580444336,-0.28377270698547363
1771525753974499800,22.928499755859374,-0.5568032264709473,-1.6127071380615234,-0.4468458294868469
1771525753984502300,22.938502197265624,-0.5528793334960938,-1.5027790069580078,-0.42227381467819214
1771525753994505000,22.9485048828125,-0.667749285697937,-1.387338638305664,-0.2443791627883911
1771525754004507400,22.95850732421875,-0.7447519302368164,-1.2661800384521484,-0.1146005392074585
1771525754014510000,22.968510009765627,-0.7745156288146973,-1.1250543594360352,0.15990379452705383
1771525754024512500,22.978512451171873,-0.6799274682998657,-1.0072317123413086,0.3898826837539673
1771525754034515200,22.98851513671875,-0.4444190263748169,-0.8797369003295898,0.4999777674674988
1771525754044517600,22.998517578125,-0.2523624897003174,-0.7621297836303711,0.5284907817840576
1771525754054520300,23.008520263671876,-0.06463360786437988,-0.7070531845092773,0.5319325923919678
1771525754064522800,23.018522705078126,0.28289592266082764,-0.7098731994628906,0.3514060974121094
1771525754074525200,23.028525146484377,0.6166826486587524,-0.6182565689086914,0.22476151585578918
1771525754084527900,23.03852783203125,0.4971960783004761,-0.5088071823120117,0.3422909379005432
1771525754094530300,23.0485302734375,0.3660937547683716,-0.4716453552246094,0.432987242937088
1771525754104533000,23.058532958984376,0.36516714096069336,-0.3630685806274414,0.399166464805603
1771525754114535400,23.068535400390626,0.3554428815841675,-0.15460681915283203,0.433417409658432
1771525754124538000,23.0785380859375,0.3967454433441162,0.06316280364990234,0.3589790165424347
1771525754134540500,23.08854052734375,0.5712354183197021,0.25658321380615234,0.2760718762874603
1771525754144543200,23.098543212890625,0.6840497255325317,0.5305280685424805,0.3382139205932617
1771525754154545700,23.108545654296876,0.7014567852020264,0.8275604248046875,0.18690061569213867
1771525754164548400,23.11854833984375,0.761908769607544,1.0760679244995117,-0.10677275061607361
1771525754174550800,23.12855078125,0.7732921838760376,1.3433113098144531,-0.30957603454589844
1771525754184553500,23.138553466796875,0.886275053024292,1.5007457733154297,-0.456849068403244
1771525754194556000,23.148555908203125,1.0917837619781494,1.4338798522949219,-0.4915461540222168
1771525754204558600,23.15855859375,1.372894525527954,1.3625202178955078,-0.6183740496635437
1771525754214561000,23.16856103515625,1.0544332265853882,1.4772653579711914,-0.6154800653457642
1771525754224563700,23.178563720703124,0.001732945442199707,1.4916563034057617,-0.11886987090110779
1771525754234566400,23.18856640625,-1.1077563762664795,1.4453306198120117,0.3396233320236206
1771525754244568800,23.19856884765625,-1.6788570880889893,1.463627815246582,0.8127903938293457
1771525754254571500,23.208571533203123,-1.3016533851623535,1.5088205337524414,1.3514717817306519
1771525754264574200,23.21857421875,-0.04297149181365967,1.418172836303711,1.448182225227356
1771525754274576600,23.22857666015625,1.4511719942092896,1.2907609939575195,1.4911658763885498
1771525754284579300,23.238579345703126,1.9629844427108765,1.1056537628173828,1.7338461875915527
1771525754294582000,23.24858203125,1.769522786140442,0.8525381088256836,1.967585802078247
1771525754304584400,23.25858447265625,1.2985758781433105,0.6644935607910156,1.6574229001998901
1771525754324589800,23.27858984375,0.8946747779846191,0.5661544799804688,0.35340502858161926
1771525754334592300,23.28859228515625,0.8499317169189453,0.4470863342285156,-0.25666600465774536
1771525754344595000,23.298594970703125,0.8313925266265869,0.3671894073486328,-1.0528452396392822
1771525754354597600,23.30859765625,0.89013671875,0.14068126678466797,-1.4296596050262451
1771525754364600000,23.31860009765625,1.0330066680908203,-0.022317886352539062,-1.6060283184051514
1771525754374602800,23.328602783203124,1.287043571472168,-0.3328990936279297,-1.664922833442688
1771525754384605400,23.33860546875,1.335395097732544,-0.5384330749511719,-1.3424097299575806
1771525754394607900,23.34860791015625,1.2192671298980713,-0.8643560409545898,-1.210963249206543
1771525754404610600,23.358610595703126,0.9739158153533936,-1.18182373046875,-1.1105842590332031
1771525754414613200,23.36861328125,0.5370159149169922,-1.380915641784668,-1.0025242567062378
1771525754424615700,23.37861572265625,0.0349116325378418,-1.5806331634521484,-0.7585265040397644
1771525754434618400,23.388618408203126,-0.4125967025756836,-1.741739273071289,-0.541936993598938
1771525754444621000,23.39862109375,-0.5122475624084473,-1.9067230224609375,-0.2762743830680847
1771525754454623500,23.40862353515625,-0.34519922733306885,-2.018481731414795,0.015119917690753937
1771525754464626200,23.418626220703125,-0.22958111763000488,-2.082496166229248,0.3224260210990906
1771525754474628900,23.42862890625,-0.24647223949432373,-2.103667736053467,0.512413501739502
1771525754484631300,23.43863134765625,-0.10958707332611084,-2.034201145172119,0.6862428784370422
1771525754494634000,23.448634033203124,0.08721113204956055,-1.9941763877868652,0.8391602039337158
1771525754504636700,23.45863671875,0.10110044479370117,-1.8451919555664062,0.8906061053276062
1771525754514639000,23.46863916015625,-0.026818513870239258,-1.672983169555664,0.8367093205451965
1771525754524641800,23.478641845703127,-0.07333803176879883,-1.5250225067138672,0.706998348236084
1771525754534644500,23.48864453125,-0.04406142234802246,-1.3628997802734375,0.5866137146949768
1771525754544647000,23.49864697265625,0.018233895301818848,-1.1246366500854492,0.35064250230789185
1771525754554649600,23.508649658203126,-0.10379695892333984,-0.862462043762207,-0.004207052290439606
1771525754564652300,23.51865234375,-0.221571683883667,-0.6379032135009766,-0.23247483372688293
1771525754574654700,23.52865478515625,-0.30746543407440186,-0.4697427749633789,-0.16817505657672882
1771525754584657400,23.538657470703125,-0.15092086791992188,-0.2576141357421875,-0.04359303414821625
1771525754594660000,23.54866015625,-0.035939812660217285,0.1027975082397461,0.13012556731700897
1771525754604662500,23.55866259765625,0.19254231452941895,0.5877180099487305,0.19976192712783813
1771525754614665200,23.568665283203124,0.7019244432449341,1.1297979354858398,0.01559494435787201
1771525754624668000,23.57866796875,1.2078940868377686,1.5801239013671875,0.04882565140724182
1771525754644673000,23.598673095703123,2.12485933303833,2.1847496032714844,-0.2860155999660492
1771525754654675700,23.60867578125,2.3343451023101807,2.2759904861450195,-0.6144399642944336
1771525754664678100,23.61867822265625,2.1430599689483643,2.2596607208251953,-0.8505682945251465
1771525754674680800,23.628680908203126,1.2378408908843994,2.0891647338867188,-0.7594297528266907
1771525754684683300,23.638683349609376,0.02573990821838379,2.3487939834594727,-0.15053001046180725
1771525754694685700,23.648685791015627,-1.2807958126068115,2.4372739791870117,0.15545549988746643
1771525754704688400,23.6586884765625,-2.1830434799194336,2.4759206771850586,0.5888069272041321
1771525754714690800,23.66869091796875,-2.245296001434326,2.581005096435547,0.8271210789680481
1771525754724693500,23.678693603515626,-0.8017123937606812,2.2225379943847656,0.3687930405139923
1771525754734696000,23.688696044921876,1.720229148864746,1.7426700592041016,-0.672117292881012
1771525754744698600,23.69869873046875,3.407127857208252,1.289536476135254,-1.0655901432037354
1771525754754701000,23.708701171875,3.538792848587036,1.0663223266601562,-1.0922490358352661
1771525754764703700,23.718703857421875,2.371203660964966,0.9721546173095703,-0.8409056663513184
1771525754774706200,23.7287060546875,0.5391852855682373,0.7743206024169922,-0.5128495693206787
1771525754784708900,23.738708984375,-0.9730880260467529,0.843144416809082,-0.4153989553451538
1771525754794711300,23.748711181640626,-2.012868642807007,0.7882318496704102,-0.5417540669441223
1771525754804714000,23.7587138671875,-2.3804259300231934,0.7159967422485352,-0.7642149925231934
1771525754814716400,23.76871630859375,-2.2081995010375977,0.43596744537353516,-0.9631431102752686
1771525754824719000,23.778718994140625,-1.3775718212127686,0.07287120819091797,-1.281535267829895
1771525754834721500,23.788721435546876,-0.5087499618530273,-0.32672786712646484,-1.2892143726348877
1771525754844724200,23.79872412109375,-0.09826898574829102,-0.7685403823852539,-1.1953842639923096
1771525754854726700,23.8087265625,0.017967939376831055,-1.1761674880981445,-1.1911190748214722
1771525754864729000,23.81872900390625,0.02878856658935547,-1.4738006591796875,-0.7802231311798096
1771525754874731800,23.828731689453125,-0.09535050392150879,-1.6185684204101562,-0.3953023850917816
1771525754884734200,23.838734130859375,-0.1006011962890625,-1.7925395965576172,-0.05743876099586487
1771525754894737000,23.84873681640625,-0.23840022087097168,-1.8864212036132812,0.2764316499233246
1771525754904739300,23.8587392578125,-0.522457480430603,-1.9626884460449219,0.4086505174636841
1771525754914742000,23.868741943359375,-0.796768069267273,-2.049551486968994,0.26270025968551636
1771525754924744400,23.878744384765625,-0.8893961906433105,-2.127744197845459,-0.057578980922698975
1771525754934747100,23.8887470703125,-1.135989785194397,-2.2017159461975098,-0.401546835899353
1771525754944749600,23.89874951171875,-1.4250237941741943,-2.184546947479248,-0.5734300017356873
1771525754954752300,23.908752197265624,-1.5603677034378052,-2.1709513664245605,-0.8496039509773254
1771525754964754700,23.918754638671874,-1.5302475690841675,-2.0792508125305176,-0.9415500164031982
1771525754974757400,23.92875732421875,-1.6885638236999512,-1.8810014724731445,-0.6265038251876831
1771525754984759800,23.938759765625,-1.8984529972076416,-1.6956100463867188,-0.3035666048526764
1771525754994762500,23.948762451171874,-1.7456333637237549,-1.413039207458496,-0.22262611985206604
1771525755004765000,23.958764892578124,-1.3137025833129883,-1.1297454833984375,0.010167747735977173
1771525755014767600,23.968767578125,-0.7710586786270142,-0.7845067977905273,0.05678671598434448
1771525755024770000,23.97877001953125,-0.2811485528945923,-0.45945262908935547,-0.044332683086395264
1771525755034772500,23.9887724609375,-0.06092369556427002,-0.17412281036376953,0.00698930025100708
1771525755044775200,23.998775146484373,0.05719578266143799,0.033415794372558594,-0.0858757495880127
1771525755054777600,24.008777587890624,0.07387518882751465,0.2731485366821289,-0.08414313197135925
1771525755064780300,24.0187802734375,-0.03175544738769531,0.41642284393310547,0.09345099329948425
1771525755074782700,24.02878271484375,-0.04558455944061279,0.5496683120727539,0.15549242496490479
1771525755084785400,24.038785400390626,-0.006186246871948242,0.6490707397460938,0.2739966809749603
1771525755094787800,24.048787841796877,0.07221090793609619,0.7576274871826172,0.44470295310020447
1771525755104790500,24.05879052734375,0.11280453205108643,0.9469537734985352,0.4728977084159851
1771525755114793000,24.06879296875,0.09128522872924805,1.1071157455444336,0.42533591389656067
1771525755124795600,24.078795654296876,0.1552112102508545,1.3481292724609375,0.3985772728919983
1771525755134798000,24.088798095703126,0.14125001430511475,1.5265464782714844,0.3942318558692932
1771525755144800800,24.09880078125,0.3411523103713989,1.680704116821289,0.3546605706214905
1771525755154803200,24.10880322265625,0.579974889755249,1.7147226333618164,0.14034777879714966
1771525755164806000,24.118805908203125,0.6959002017974854,1.7864532470703125,-0.09661221504211426
1771525755174808300,24.128808349609375,0.3303382396697998,1.9438552856445312,-0.08669885993003845
1771525755184810800,24.138810791015626,-0.7502700090408325,2.173649787902832,0.24288791418075562
1771525755194813400,24.1488134765625,-1.9751229286193848,2.3196640014648438,0.8416322469711304
1771525755204816000,24.15881591796875,-2.422682285308838,2.4460039138793945,0.9692085385322571
1771525755214818600,24.168818603515625,-1.337876319885254,2.409970283508301,0.6731064319610596
1771525755224821000,24.178821044921875,0.9180569648742676,2.291593551635742,0.19972258806228638
1771525755234823700,24.18882373046875,3.2215192317962646,1.8971261978149414,-0.2839537560939789
1771525755244826000,24.198826171875,4.791365623474121,1.4768495559692383,-0.5249016880989075
1771525755254828800,24.208828857421874,5.025880813598633,1.10394287109375,-0.17074227333068848
1771525755264831200,24.218831298828125,3.56005597114563,0.9591512680053711,0.5832750797271729
1771525755274834000,24.228833984375,1.2352659702301025,0.829350471496582,0.8912058472633362
1771525755284836400,24.23883642578125,-0.5193566083908081,0.6653871536254883,0.677439272403717
1771525755294839000,24.248839111328124,-1.4996075630187988,0.5556516647338867,0.3286106586456299
1771525755304841700,24.258841796875,-1.7123141288757324,0.367828369140625,-0.256480872631073
1771525755314844200,24.26884423828125,-1.4165221452713013,0.08331012725830078,-0.7790653705596924
1771525755324846800,24.278846923828127,-0.8657667636871338,-0.27968597412109375,-1.0036420822143555
1771525755334849500,24.288849609375,-0.19627094268798828,-0.5604152679443359,-1.0597708225250244
1771525755344852000,24.29885205078125,0.17637157440185547,-0.7747201919555664,-0.8274309635162354
1771525755354854700,24.308854736328126,0.20690155029296875,-0.990234375,-0.5295363664627075
1771525755364857300,24.318857421875,0.12232470512390137,-1.1490821838378906,-0.41077470779418945
1771525755374859800,24.32885986328125,0.22113800048828125,-1.3176288604736328,-0.3124445676803589
1771525755384862500,24.338862548828125,0.3553745746612549,-1.5484514236450195,-0.2357909381389618
1771525755394865200,24.348865234375,0.5466804504394531,-1.7846546173095703,-0.22062423825263977
1771525755404867600,24.35886767578125,0.44760608673095703,-1.969200611114502,-0.1389859914779663
1771525755414870300,24.368870361328124,0.2435591220855713,-2.125645160675049,0.0026662349700927734
1771525755424873000,24.378873046875,0.07221460342407227,-2.234680652618408,0.11832168698310852
1771525755434875400,24.38887548828125,-0.13974523544311523,-2.2434744834899902,0.36504581570625305
1771525755444878000,24.398878173828123,-0.26935744285583496,-2.271399974822998,0.5477086305618286
1771525755454880800,24.408880859375,-0.27315759658813477,-2.2851510047912598,0.5378875732421875
1771525755464883200,24.41888330078125,-0.4233196973800659,-2.275282382965088,0.6506196856498718
1771525755474886000,24.428885986328126,-0.5914633274078369,-2.2272839546203613,0.7800422310829163
1771525755484888600,24.438888671875,-0.8222675323486328,-2.1695122718811035,0.740023672580719
1771525755494891000,24.44889111328125,-0.9057806730270386,-2.0207314491271973,0.7274714708328247
1771525755504893700,24.458893798828125,-1.033322811126709,-1.852879524230957,0.7100282907485962
1771525755514896400,24.468896484375,-0.8330570459365845,-1.6705856323242188,0.41486525535583496
1771525755524898800,24.47889892578125,-0.4656236171722412,-1.4218902587890625,0.2321965992450714
1771525755534901500,24.488901611328124,-0.24115896224975586,-1.116621971130371,0.1733841896057129
1771525755544904200,24.498904296875,-0.1947460174560547,-0.8165321350097656,0.07419729232788086
1771525755554906600,24.50890673828125,-0.05474066734313965,-0.5643529891967773,-0.022219866514205933
1771525755564909300,24.518909423828124,-0.008410215377807617,-0.2738313674926758,-0.03348603844642639
1771525755574912000,24.528912109375,0.2435445785522461,0.06490039825439453,0.026351898908615112
1771525755584914400,24.53891455078125,0.47044944763183594,0.3850116729736328,0.17350301146507263
1771525755604919800,24.558919921875,1.1501691341400146,0.9261436462402344,0.0277995765209198
1771525755614922200,24.568922119140623,1.8036096096038818,1.1842975616455078,-0.1906021386384964
1771525755624925000,24.578925048828125,1.8877956867218018,1.416743278503418,-0.29807645082473755
1771525755634927600,24.588927734375,1.3072810173034668,1.6285896301269531,-0.3089110851287842
1771525755644930000,24.598929931640626,0.7134151458740234,1.8876075744628906,-0.5683249831199646
1771525755654932700,24.6089326171875,0.25709104537963867,2.2800369262695312,-0.9556540250778198
1771525755664935200,24.61893505859375,-0.4816579818725586,2.7482032775878906,-1.0055427551269531
1771525755674937900,24.628937744140625,-1.7966101169586182,3.1971492767333984,-0.5532740354537964
1771525755684940300,24.638940185546875,-2.9230666160583496,3.395115852355957,-0.1569124162197113
1771525755694943000,24.64894287109375,-3.013169765472412,3.4218435287475586,0.030357152223587036
1771525755704945400,24.6589453125,-1.8375885486602783,3.1067981719970703,0.12624335289001465
1771525755714947800,24.66894775390625,0.3432445526123047,2.4873552322387695,-0.16198328137397766
1771525755724950500,24.678950439453125,2.7947354316711426,1.8470954895019531,-0.6641692519187927
1771525755734953000,24.688952880859375,4.796694278717041,1.3084287643432617,-0.7555781006813049
1771525755754958000,24.7089580078125,2.4405698776245117,1.0234136581420898,0.1594260334968567
1771525755764960800,24.718960693359374,-0.40525269508361816,0.8983955383300781,0.1989564299583435
1771525755774963200,24.728963134765625,-2.787656307220459,0.8773508071899414,0.2055797576904297
1771525755784966000,24.7389658203125,-4.446580410003662,0.7493486404418945,-0.16629737615585327
1771525755794968300,24.74896826171875,-4.97421407699585,0.6085128784179688,-0.8941323757171631
1771525755804971000,24.758970947265624,-4.178076267242432,0.23093891143798828,-1.4883254766464233
1771525755814973400,24.768973388671874,-2.6430420875549316,-0.08893775939941406,-1.7372667789459229
1771525755824976100,24.77897607421875,-1.2421261072158813,-0.36385536193847656,-1.6694087982177734
1771525755834978600,24.788978515625,-0.26612210273742676,-0.5537652969360352,-1.3197996616363525
1771525755844981200,24.798981201171873,0.22042369842529297,-0.7134943008422852,-0.7441389560699463
1771525755854983700,24.808983642578124,0.23900318145751953,-0.9775962829589844,-0.29928112030029297
1771525755884991200,24.8389912109375,-0.5246527194976807,-1.5497932434082031,-0.0003420710563659668
1771525755894994000,24.848993896484377,-0.6888672113418579,-1.7126216888427734,-0.1540588140487671
1771525755904996400,24.858996337890623,-0.9103928804397583,-1.8460826873779297,-0.2508915662765503
1771525755914999000,24.8689990234375,-1.0194668769836426,-1.9639554023742676,-0.30619382858276367
1771525755925001500,24.87900146484375,-0.9253741502761841,-2.0424141883850098,-0.44641172885894775
1771525755935004200,24.889004150390626,-0.8170024156570435,-2.0249276161193848,-0.380863219499588
1771525755945006600,24.899006591796876,-0.9317448139190674,-1.9551615715026855,-0.24224050343036652
1771525755955009300,24.90900927734375,-1.0799986124038696,-1.8327932357788086,-0.272800475358963
1771525755965011700,24.91901171875,-1.1773934364318848,-1.6910247802734375,-0.30857446789741516
1771525755975014400,24.929014404296876,-1.3242297172546387,-1.525172233581543,-0.23980838060379028
1771525755985016800,24.939016845703126,-1.4059339761734009,-1.3639469146728516,-0.2093789428472519
1771525755995019500,24.94901953125,-1.341766357421875,-1.1308555603027344,-0.36054229736328125
1771525756005022000,24.95902197265625,-1.216536521911621,-0.8884906768798828,-0.4750698208808899
1771525756015024600,24.969024658203125,-1.010270357131958,-0.6179580688476562,-0.4641433656215668
1771525756025027000,24.979027099609375,-0.8363929986953735,-0.41994190216064453,-0.21877828240394592
1771525756035029500,24.989029541015626,-0.8280497789382935,-0.1511249542236328,0.08074772357940674
1771525756045032200,24.9990322265625,-0.8186088800430298,0.06908607482910156,0.2114819884300232
1771525756055034600,25.00903466796875,-0.6014703512191772,0.31691932678222656,0.33328333497047424
1771525756065037300,25.019037353515625,-0.6678454875946045,0.572932243347168,0.37470051646232605
1771525756075039700,25.029039794921875,-0.8473684787750244,0.7564573287963867,0.4259270131587982
1771525756085042400,25.03904248046875,-0.9494932889938354,0.9060392379760742,0.40654096007347107
1771525756095044900,25.049044921875,-0.8710381984710693,1.136758804321289,0.1781485676765442
1771525756105047600,25.059047607421874,-0.7095721960067749,1.5347099304199219,0.05626228451728821
1771525756115050000,25.069050048828124,-0.48606324195861816,1.7940969467163086,-0.031091630458831787
1771525756125052700,25.079052734375,-0.024017810821533203,2.0060195922851562,-0.3808191418647766
1771525756135055000,25.08905517578125,0.5785771608352661,2.1175127029418945,-0.5498506426811218
1771525756145057800,25.099057861328124,0.957984447479248,2.1710128784179688,-0.4165310859680176
1771525756155060200,25.109060302734374,1.1299713850021362,2.1426801681518555,-0.39851585030555725
1771525756165063000,25.11906298828125,0.8750211000442505,2.147536277770996,-0.4021300673484802
1771525756175065300,25.1290654296875,0.02446269989013672,2.1479110717773438,0.02951103448867798
1771525756185068000,25.139068115234377,-1.045730710029602,2.164271354675293,0.7319148778915405
1771525756195070500,25.149070556640623,-1.670041799545288,2.0593109130859375,1.277164340019226
1771525756205073000,25.159072998046874,-1.5194952487945557,1.9627609252929688,1.4803019762039185
1771525756215075600,25.16907568359375,-0.2542839050292969,1.7020254135131836,1.0822100639343262
1771525756225078000,25.179078125,1.3885287046432495,1.3472299575805664,0.3746277093887329
1771525756235080700,25.189080810546876,2.7676944732666016,0.9343233108520508,-0.12530279159545898
1771525756245083100,25.199083251953127,3.1416640281677246,0.5087299346923828,-0.3626388907432556
1771525756255085800,25.2090859375,2.217526912689209,0.3329353332519531,-0.5622298121452332
1771525756265088300,25.219088134765624,0.5791418552398682,0.10298728942871094,-0.6476673483848572
1771525756275091000,25.229091064453126,-0.7159336805343628,-0.03010272979736328,-0.833147406578064
1771525756285093400,25.23909326171875,-1.6056883335113525,-0.13640403747558594,-0.9244821071624756
1771525756295096000,25.249095947265626,-1.9389855861663818,-0.1956787109375,-1.0582534074783325
1771525756305098500,25.259098388671877,-1.8010990619659424,-0.32664012908935547,-1.1100484132766724
1771525756315101200,25.26910107421875,-0.9310120344161987,-0.5487957000732422,-0.9722628593444824
1771525756325103600,25.279103515625,0.06000232696533203,-0.6922101974487305,-0.715071439743042
1771525756335106300,25.289106201171876,0.965205192565918,-0.8497171401977539,-0.4403390884399414
1771525756345108700,25.299108642578126,1.7548785209655762,-1.004176139831543,-0.4132254719734192
1771525756355111200,25.309111083984376,1.970715045928955,-1.1568756103515625,-0.28843411803245544
1771525756365113900,25.31911376953125,1.728123664855957,-1.3174047470092773,-0.16628041863441467
1771525756385119000,25.339118896484376,0.8719930648803711,-1.7845039367675781,-0.11156734824180603
1771525756395121400,25.349121337890626,0.2612569332122803,-1.950575828552246,-0.19111040234565735
1771525756405124000,25.3591240234375,-0.07375884056091309,-2.1117701530456543,-0.312020868062973
1771525756415126500,25.36912646484375,-0.2385578155517578,-2.320692539215088,-0.2596191167831421
1771525756425129200,25.379129150390625,-0.36119186878204346,-2.396054744720459,-0.1143411248922348
1771525756435131600,25.389131591796875,-0.5513814687728882,-2.438581943511963,0.020469799637794495
1771525756445134300,25.39913427734375,-0.8184152841567993,-2.4053940773010254,0.07443387806415558
1771525756455136800,25.40913671875,-0.9766923189163208,-2.306053638458252,0.1454063504934311
1771525756465139500,25.419139404296875,-1.0660302639007568,-2.1356453895568848,0.1626771241426468
1771525756475142000,25.429141845703125,-1.1076159477233887,-1.898660659790039,0.07731203734874725
1771525756485144600,25.43914453125,-1.11306631565094,-1.6521568298339844,-0.0538436621427536
1771525756495147000,25.44914697265625,-1.0083775520324707,-1.3956537246704102,-0.2423207312822342
1771525756505149700,25.459149658203124,-0.9637860059738159,-1.085616111755371,-0.4672936201095581
1771525756515152100,25.469152099609374,-0.7374496459960938,-0.7504768371582031,-0.5783779621124268
1771525756525154600,25.479154541015625,-0.34666359424591064,-0.42421531677246094,-0.4861922860145569
1771525756535157200,25.4891572265625,-0.05296015739440918,-0.116668701171875,-0.25448766350746155
1771525756545159700,25.49915966796875,0.31200623512268066,0.18159103393554688,-0.0599152147769928
1771525756555162400,25.509162353515624,0.7891184091567993,0.3506145477294922,0.2426883727312088
1771525756565164800,25.519164794921874,1.182161569595337,0.5521793365478516,0.6167498826980591
1771525756575167500,25.52916748046875,1.3024033308029175,0.7188720703125,0.9498206377029419
1771525756585170000,25.539169921875,1.398917555809021,0.8650178909301758,1.221535086631775
1771525756595172600,25.549172607421873,1.2821379899978638,1.047602653503418,1.4729301929473877
1771525756605175000,25.559175048828124,0.8448140621185303,1.2670021057128906,1.5149754285812378
1771525756615177700,25.569177734375,0.32593047618865967,1.3951950073242188,1.3920676708221436
1771525756625180200,25.57918017578125,-0.10604369640350342,1.4522037506103516,1.0430541038513184
1771525756645185300,25.599185302734377,-0.3680840730667114,1.6162347793579102,-0.15462367236614227
1771525756655188000,25.60918798828125,-0.7505366802215576,1.8184356689453125,-0.4113706052303314
1771525756665190400,25.6191904296875,-1.36045503616333,2.045797348022461,-0.5535491704940796
1771525756675192800,25.62919287109375,-1.6674079895019531,2.2181529998779297,-0.50592041015625
1771525756685195500,25.639195556640626,-1.6945397853851318,2.3364362716674805,-0.2978154420852661
1771525756695198000,25.649197998046876,-1.0835955142974854,2.249094009399414,-0.1704559326171875
1771525756705200600,25.65920068359375,0.12726283073425293,2.017794609069824,-0.1442638337612152
1771525756715203000,25.669203125,1.4237980842590332,1.640371322631836,-0.05687686800956726
1771525756725205800,25.679205810546875,2.655723810195923,1.3196611404418945,0.13125354051589966
1771525756735208200,25.689208251953126,3.4004569053649902,0.9566621780395508,0.510765016078949
1771525756745211000,25.6992109375,3.512850284576416,0.6591377258300781,0.6420450806617737
1771525756755213300,25.70921337890625,2.6104013919830322,0.5321273803710938,0.6097602844238281
1771525756765216000,25.719216064453125,0.9071311950683594,0.22374916076660156,0.5208081007003784
1771525756775218400,25.729218505859375,-0.7655965089797974,0.057356834411621094,-0.03830060362815857
1771525756785221000,25.73922119140625,-2.2041015625,-0.016997337341308594,-0.6243693828582764
1771525756795223600,25.7492236328125,-3.417302131652832,-0.05945873260498047,-1.2510992288589478
1771525756805226200,25.759226318359374,-4.066427230834961,-0.09638404846191406,-2.0973849296569824
1771525756815228700,25.769228759765625,-3.7655344009399414,-0.1887359619140625,-2.7679736614227295
1771525756825231400,25.7792314453125,-2.730924129486084,-0.3184795379638672,-3.058802604675293
1771525756835233800,25.78923388671875,-1.4194605350494385,-0.3727273941040039,-2.9677603244781494
1771525756845236500,25.799236572265624,-0.05040931701660156,-0.4259071350097656,-2.5081374645233154
1771525756855239200,25.8092392578125,1.1880278587341309,-0.514836311340332,-1.683725118637085
1771525756865241600,25.81924169921875,1.7466411590576172,-0.6422491073608398,-0.8646863698959351
1771525756875244300,25.829244384765627,1.7538552284240723,-0.8186683654785156,-0.34961962699890137
1771525756885247000,25.8392470703125,1.3909721374511719,-1.0246105194091797,-0.015545472502708435
1771525756895249400,25.84924951171875,0.6912095546722412,-1.3060731887817383,0.16935992240905762
1771525756905252000,25.859252197265626,-0.14019775390625,-1.5846967697143555,0.24023303389549255
1771525756915254800,25.8692548828125,-0.9903663396835327,-1.8823862075805664,0.2896629571914673
1771525756925257200,25.87925732421875,-1.4689574241638184,-2.0636725425720215,0.09930208325386047
1771525756935260000,25.889260009765625,-1.5956616401672363,-2.1337294578552246,-0.03318551927804947
1771525756945262600,25.8992626953125,-1.8208215236663818,-2.0975356101989746,-0.048152320086956024
1771525756955265000,25.90926513671875,-2.001403331756592,-1.9552865028381348,0.01268281415104866
1771525756965267700,25.919267822265624,-2.0816290378570557,-1.816807746887207,0.20551669597625732
1771525756975270400,25.9292705078125,-1.9460996389389038,-1.5629758834838867,0.30833524465560913
1771525756985272800,25.93927294921875,-1.723201036453247,-1.3758840560913086,0.3464999794960022
1771525756995275500,25.949275634765623,-1.3909052610397339,-1.198817253112793,0.158889502286911
1771525757005278200,25.9592783203125,-1.013710856437683,-1.0132675170898438,-0.044598281383514404
1771525757015280600,25.96928076171875,-1.0409021377563477,-0.7427682876586914,-0.1626974195241928
1771525757025283300,25.979283447265626,-1.039855718612671,-0.5348730087280273,-0.344208300113678
1771525757035286000,25.9892861328125,-0.7240546941757202,-0.3751049041748047,-0.6657698154449463
1771525757045288400,25.999288330078127,-0.3926621675491333,-0.1206512451171875,-0.8710074424743652
1771525757055291100,26.009291015625,-0.006083965301513672,0.06553077697753906,-0.9525435566902161
1771525757065293800,26.0192939453125,-0.062012434005737305,0.24961566925048828,-0.8488444089889526
1771525757075296300,26.029296142578126,-0.5797561407089233,0.37467098236083984,-0.5190827250480652
1771525757085299000,26.039298828125,-1.3398869037628174,0.6428871154785156,-0.218337282538414
1771525757095301600,26.049301513671875,-1.737572193145752,0.9694547653198242,-0.05003060773015022
1771525757105304000,26.059303955078125,-1.728931188583374,1.3165597915649414,0.04912308230996132
1771525757115306800,26.069306640625,-1.4491386413574219,1.6029653549194336,-0.08374424278736115
1771525757125309200,26.07930908203125,-0.7955021858215332,1.9188966751098633,-0.23405234515666962
1771525757135312000,26.089311767578124,-0.17522776126861572,2.2107934951782227,-0.36410534381866455
1771525757145314300,26.099314208984374,0.2937912940979004,2.5835018157958984,-0.47516030073165894
1771525757155317000,26.10931689453125,0.6716008186340332,2.9073686599731445,-0.49625447392463684
1771525757165319400,26.1193193359375,0.4871976375579834,3.2299461364746094,-0.37721580266952515
1771525757175322000,26.129322021484374,-0.579007625579834,3.5285587310791016,-0.04603534936904907
1771525757185324500,26.139324462890624,-1.2622570991516113,3.595780372619629,0.29554563760757446
1771525757195327200,26.1493271484375,-0.9037127494812012,3.6146440505981445,0.3854469358921051
1771525757205329700,26.15932958984375,0.5677728652954102,3.3605575561523438,0.09676480293273926
1771525757215332400,26.169332275390627,2.885913372039795,2.979578971862793,-0.6313302516937256
1771525757225334800,26.179334716796873,4.839118957519531,2.338973045349121,-1.2259284257888794
1771525757235337200,26.189337158203124,5.946785926818848,1.7985448837280273,-1.4490174055099487
1771525757245340000,26.19933984375,5.324114799499512,1.2691526412963867,-1.0427892208099365
1771525757255342300,26.20934228515625,2.6624181270599365,1.0630645751953125,-0.24475927650928497
1771525757265345000,26.219344970703126,-0.26334428787231445,0.8552103042602539,0.2929477393627167
1771525757275347500,26.229347412109377,-2.533597469329834,0.7547607421875,0.3418288826942444
1771525757285350100,26.23935009765625,-3.883317708969116,0.6596364974975586,0.16580724716186523
1771525757295352600,26.2493525390625,-3.8655922412872314,0.4379091262817383,-0.4034534692764282
1771525757305355300,26.259355224609376,-2.5995216369628906,0.05550098419189453,-0.9651857614517212
1771525757315357700,26.269357666015626,-1.0621832609176636,-0.2468576431274414,-1.1118875741958618
1771525757325360400,26.2793603515625,-0.2584376335144043,-0.43883514404296875,-0.7531678676605225
1771525757335362800,26.28936279296875,0.012263298034667969,-0.5977363586425781,-0.20005087554454803
1771525757345365500,26.299365478515625,0.34543919563293457,-0.7431097030639648,0.10906383395195007
1771525757355368000,26.309367919921876,0.595400333404541,-0.9567117691040039,0.3895205557346344
1771525757365370600,26.31937060546875,0.8783519268035889,-1.1622438430786133,0.41839298605918884
1771525757375373000,26.329373046875,1.0530197620391846,-1.431899070739746,0.3040529787540436
1771525757385375500,26.33937548828125,0.7704827785491943,-1.689030647277832,0.3394918441772461
1771525757395378200,26.349378173828125,0.16622138023376465,-1.975722312927246,0.36917516589164734
1771525757405380600,26.359380615234375,-0.3423413038253784,-2.2624077796936035,0.3584415316581726
1771525757415383300,26.36938330078125,-0.6668221950531006,-2.462658405303955,0.37340912222862244
1771525757425385700,26.3793857421875,-0.9853849411010742,-2.653000831604004,0.3736408054828644
1771525757435388400,26.389388427734374,-1.2223364114761353,-2.7951154708862305,0.3878999948501587
1771525757445390800,26.399390869140625,-1.2253575325012207,-2.898590087890625,0.38367027044296265
1771525757455393500,26.4093935546875,-1.1903250217437744,-2.88242244720459,0.3474016785621643
1771525757465396000,26.41939599609375,-1.098482608795166,-2.794576644897461,0.46659860014915466
1771525757475398700,26.429398681640624,-1.0404422283172607,-2.7211837768554688,0.5040075182914734
1771525757485401000,26.439401123046874,-0.9015222787857056,-2.5762109756469727,0.531738817691803
1771525757495403800,26.44940380859375,-0.8719230890274048,-2.4317355155944824,0.6206449270248413
1771525757505406200,26.45940625,-0.9059172868728638,-2.2539219856262207,0.5353410243988037
1771525757525411300,26.479411376953124,-0.756782054901123,-1.6392498016357422,0.2545786499977112
1771525757535414000,26.4894140625,-0.749282956123352,-1.254857063293457,0.3569938540458679
1771525757545416400,26.49941650390625,-0.5936474800109863,-0.8602933883666992,0.415005087852478
1771525757555419000,26.5094189453125,-0.17248308658599854,-0.5707006454467773,0.5354161262512207
1771525757565421600,26.519421630859377,0.23233580589294434,-0.2959747314453125,0.7152442932128906
1771525757575424000,26.529424072265623,0.35566771030426025,0.06381893157958984,0.7492407560348511
1771525757585426700,26.5394267578125,0.34036099910736084,0.4036245346069336,0.819243311882019
1771525757595429000,26.54942919921875,0.3960186243057251,0.7332963943481445,0.9318023324012756
1771525757605431800,26.559431884765626,0.3173542022705078,1.000321388244629,0.9937039017677307
1771525757615434200,26.569434326171876,0.3236091136932373,1.3148918151855469,0.920998215675354
1771525757625437000,26.57943701171875,0.3123948574066162,1.5865240097045898,0.8598593473434448
1771525757645442000,26.599442138671876,1.3151837587356567,1.976740837097168,0.062297627329826355
1771525757655444500,26.609444580078126,2.0725531578063965,2.170334815979004,-0.5871389508247375
1771525757665447200,26.619447265625,2.4616925716400146,2.3802614212036133,-0.9361107349395752
1771525757675449600,26.62944970703125,1.770567774772644,2.605729103088379,-0.8999463319778442
1771525757685452300,26.639452392578125,0.18179631233215332,2.871962547302246,-0.7448404431343079
1771525757695454700,26.649454833984375,-1.5609207153320312,3.0574235916137695,-0.5076351165771484
1771525757705457400,26.65945751953125,-2.641563892364502,3.041214942932129,-0.5424073934555054
1771525757715459800,26.6694599609375,-2.3973774909973145,2.8256406784057617,-0.7334502339363098
1771525757725462300,26.679462158203126,-0.9993833303451538,2.396188735961914,-0.8047570586204529
1771525757735465000,26.68946484375,0.7092273235321045,1.846186637878418,-0.8243433833122253
1771525757745467400,26.69946728515625,2.2193052768707275,1.3253536224365234,-0.5996074676513672
1771525757765472500,26.719472412109376,2.2484166622161865,0.4952564239501953,0.8254873156547546
1771525757775475200,26.72947509765625,0.37940192222595215,0.21401596069335938,1.1077741384506226
1771525757785477600,26.7394775390625,-1.5624643564224243,-0.020769119262695312,0.7341969013214111
1771525757795480300,26.749480224609375,-3.100041389465332,-0.19626617431640625,0.09672842174768448
1771525757805482800,26.759482666015625,-3.7878689765930176,-0.2907752990722656,-0.7802190780639648
1771525757815485400,26.7694853515625,-3.583522319793701,-0.3705453872680664,-1.8319196701049805
1771525757825488000,26.77948779296875,-2.7442727088928223,-0.4408540725708008,-2.6172165870666504
1771525757835490600,26.789490478515624,-1.6612852811813354,-0.5556573867797852,-2.808187484741211
1771525757845493000,26.799492919921875,-0.3474525213241577,-0.6207847595214844,-2.832534074783325
1771525757855495700,26.80949560546875,0.7572553157806396,-0.6577463150024414,-2.632044553756714
1771525757885503200,26.839503173828124,1.486809492111206,-0.8273601531982422,-0.31225305795669556
1771525757895505700,26.849505615234374,0.9242095947265625,-0.9554948806762695,0.14388054609298706
1771525757905508400,26.85950830078125,0.33471059799194336,-1.157567024230957,0.33246850967407227
1771525757915510800,26.8695107421875,-0.18062162399291992,-1.379714012145996,0.36965250968933105
1771525757925513500,26.879513427734373,-0.6353603601455688,-1.5873985290527344,0.3895593285560608
1771525757935516000,26.889515869140624,-0.9617373943328857,-1.755819320678711,0.2450336217880249
1771525757945518600,26.8995185546875,-1.0744885206222534,-1.880234718322754,-0.0435214601457119
1771525757955521000,26.90952099609375,-1.2490473985671997,-1.9756550788879395,-0.05634978041052818
1771525757965523700,26.919523681640626,-1.476124882698059,-1.9560761451721191,0.021265560761094093
1771525757975526100,26.929526123046877,-1.675516963005066,-1.9695773124694824,0.11950424313545227
1771525757985528800,26.93952880859375,-1.74770188331604,-1.882166862487793,0.12995094060897827
1771525757995531300,26.94953125,-1.5690028667449951,-1.780034065246582,0.16800947487354279
1771525758005534000,26.959533935546876,-1.1996878385543823,-1.6303749084472656,0.21899978816509247
1771525758015536400,26.969536376953126,-1.0349464416503906,-1.4193897247314453,0.30515798926353455
1771525758025539000,26.9795390625,-1.0801646709442139,-1.2281484603881836,0.3736821711063385
1771525758035541500,26.98954150390625,-1.131672739982605,-1.041738510131836,0.4586270749568939
1771525758045544000,26.9995439453125,-1.108258843421936,-0.841038703918457,0.42666852474212646
1771525758055546600,27.009546630859376,-1.0048234462738037,-0.5879859924316406,0.2972013056278229
1771525758065549000,27.019549072265626,-0.9634308815002441,-0.3212404251098633,0.3042951822280884
1771525758075551700,27.0295517578125,-0.8465176820755005,-0.03580284118652344,0.10980033129453659
1771525758085554200,27.03955419921875,-0.5428584814071655,0.27271366119384766,-0.14787903428077698
1771525758095556900,27.049556884765625,-0.38510406017303467,0.5225820541381836,-0.14404353499412537
1771525758105559300,27.059559326171875,-0.4588336944580078,0.8142681121826172,-0.179911807179451
1771525758115562000,27.06956201171875,-0.5409413576126099,1.0095863342285156,-0.10125790536403656
1771525758125564400,27.079564453125,-0.7137510776519775,1.3048467636108398,-0.026826009154319763
1771525758135567000,27.089567138671875,-0.8363142013549805,1.5379314422607422,-0.04181528091430664
1771525758145569500,27.099569580078125,-0.5801510810852051,1.7855768203735352,-0.19762691855430603
1771525758155572200,27.109572265625,-0.12042093276977539,2.028036117553711,-0.14416398108005524
1771525758165574700,27.11957470703125,0.5251028537750244,2.2648983001708984,-0.2924277186393738
1771525758175577300,27.129577392578124,1.001460075378418,2.5145511627197266,-0.46270129084587097
1771525758185579800,27.139579833984374,1.1584982872009277,2.528209686279297,-0.42813825607299805
1771525758195582200,27.149582275390625,0.9965314865112305,2.492950439453125,-0.4440750479698181
1771525758205585000,27.1595849609375,0.49964213371276855,2.328322410583496,-0.2926667332649231
1771525758215587300,27.16958740234375,-0.36508381366729736,2.250765800476074,0.08553341031074524
1771525758225590000,27.179590087890624,-1.2078578472137451,2.03707218170166,0.5907206535339355
1771525758235592400,27.189592529296874,-1.8610270023345947,1.9328174591064453,0.9579517245292664
1771525758245595100,27.19959521484375,-1.3323869705200195,1.6424970626831055,1.3204855918884277
1771525758255597600,27.20959765625,0.1675100326538086,1.3416872024536133,1.4154746532440186
1771525758265600300,27.219600341796873,2.001835346221924,1.0034942626953125,0.9625250697135925
1771525758275602700,27.229602783203124,2.9228806495666504,0.6299781799316406,0.609693706035614
1771525758285605400,27.23960546875,2.941066026687622,0.3242626190185547,0.6129878163337708
1771525758295607800,27.24960791015625,1.4876720905303955,0.2820100784301758,0.7207662463188171
1771525758305610500,27.259610595703126,-0.13629150390625,0.27191162109375,0.31698524951934814
1771525758315613000,27.269613037109377,-1.2979087829589844,0.2775411605834961,-0.24117770791053772
1771525758325615600,27.27961572265625,-1.863986611366272,0.3296775817871094,-0.7284474968910217
1771525758335618000,27.2896181640625,-1.8101685047149658,0.3098573684692383,-1.1708171367645264
1771525758345620700,27.299620849609376,-1.2407207489013672,0.2421255111694336,-1.56465482711792
1771525758355623200,27.309623046875,-0.2713658809661865,0.26924991607666016,-1.6324764490127563
1771525758365625600,27.31962548828125,0.8140568733215332,0.25076866149902344,-1.3893873691558838
1771525758375628300,27.329628173828127,1.5527710914611816,0.0600128173828125,-0.8306055068969727
1771525758385630700,27.339630615234373,1.9537067413330078,-0.16643619537353516,-0.45630425214767456
1771525758395633400,27.34963330078125,1.8206214904785156,-0.4488210678100586,-0.25813788175582886
1771525758405635800,27.3596357421875,1.1493518352508545,-0.7965946197509766,-0.14881166815757751
1771525758425641000,27.379640869140626,-0.3747107982635498,-1.5290050506591797,-0.23888105154037476
1771525758435643600,27.3896435546875,-0.821581244468689,-1.8775148391723633,-0.2628422975540161
1771525758445646000,27.39964599609375,-0.9782464504241943,-2.157531261444092,-0.2647927701473236
1771525758455648800,27.409648681640626,-0.42876648902893066,-2.345630168914795,-0.38863712549209595
1771525758465651200,27.419651123046876,0.22107505798339844,-2.4200658798217773,-0.11862672865390778
1771525758475654000,27.42965380859375,0.45737504959106445,-2.3100762367248535,0.04727254807949066
1771525758485656300,27.43965625,0.5135784149169922,-2.302316188812256,0.15280792117118835
1771525758495659000,27.449658935546875,0.5997951030731201,-2.262681484222412,0.18532104790210724
1771525758505661400,27.459661376953125,0.5829830169677734,-2.172301769256592,0.11975432187318802
1771525758515664100,27.4696640625,0.385209321975708,-2.040365695953369,0.055486150085926056
1771525758525666600,27.47966650390625,0.2742319107055664,-1.9385571479797363,0.11796683073043823
1771525758535669000,27.4896689453125,0.10692787170410156,-1.7856760025024414,0.13815057277679443
1771525758545671700,27.499671630859375,0.026819705963134766,-1.5006027221679688,0.03557624667882919
1771525758555674000,27.509674072265625,-0.13112735748291016,-1.2501726150512695,-0.08776654303073883
1771525758565676800,27.5196767578125,-0.23459863662719727,-0.9240169525146484,-0.0854417085647583
1771525758575679200,27.52967919921875,-0.30975282192230225,-0.6269168853759766,0.1143270879983902
1771525758585682000,27.539681884765624,-0.19243383407592773,-0.27697086334228516,0.1952163279056549
1771525758595684400,27.549684326171874,0.21890711784362793,-0.04189872741699219,0.30477267503738403
1771525758605687000,27.55968701171875,0.2798668146133423,0.20151138305664062,0.32409006357192993
1771525758615689500,27.569689453125,-0.0852813720703125,0.41513538360595703,0.3593413233757019
1771525758625692200,27.579692138671874,-0.6603469848632812,0.5952272415161133,0.5371013283729553
1771525758645697300,27.599697265625,-1.224839210510254,1.0348968505859375,0.6256420612335205
1771525758655699700,27.60969970703125,-1.1909897327423096,1.2577190399169922,0.48839327692985535
1771525758665702400,27.619702392578127,-0.558005690574646,1.3685197830200195,0.20238733291625977
1771525758675704800,27.629704833984373,0.6068310737609863,1.4715690612792969,-0.10937579721212387
1771525758685707300,27.639707275390624,2.0225725173950195,1.650752067565918,-0.33914661407470703
1771525758695710000,27.6497099609375,2.6290059089660645,1.8314409255981445,-0.16632616519927979
1771525758705712400,27.65971240234375,1.9415795803070068,1.9456977844238281,0.17625625431537628
1771525758715715000,27.669715087890626,0.32872486114501953,2.123971939086914,0.4860771894454956
1771525758725717500,27.679717529296877,-1.532212257385254,2.2212038040161133,0.5407171249389648
1771525758735720200,27.68972021484375,-2.476942300796509,2.140909194946289,0.38871580362319946
1771525758745722600,27.69972265625,-2.3627336025238037,1.8657855987548828,0.08891013264656067
1771525758755725300,27.709725341796876,-1.2145951986312866,1.3724002838134766,-0.46606165170669556
1771525758765727700,27.719727783203126,0.4624375104904175,0.802638053894043,-0.7692749500274658
1771525758775730400,27.72973046875,2.108841896057129,0.2928009033203125,-0.8148093223571777
1771525758785732900,27.73973291015625,3.2218451499938965,-0.045040130615234375,-0.6593304872512817
1771525758795735600,27.749735595703125,3.0243828296661377,-0.21829509735107422,-0.08987343311309814
1771525758805738000,27.759738037109376,1.827500820159912,-0.19864559173583984,0.31025540828704834
1771525758815740700,27.76974072265625,0.386155366897583,-0.18619441986083984,0.31139084696769714
1771525758825743000,27.7797431640625,-0.9607410430908203,-0.20294570922851562,-0.018562346696853638
1771525758835745800,27.789745849609375,-1.5874760150909424,-0.2468099594116211,-0.7398947477340698
1771525758845748200,27.799748291015625,-1.4977152347564697,-0.4029722213745117,-1.4258105754852295
1771525758855750700,27.809750732421875,-1.1215379238128662,-0.47058677673339844,-1.8918423652648926
1771525758865753300,27.81975341796875,-0.5865606069564819,-0.4692392349243164,-2.00353741645813
1771525758875755800,27.829755859375,0.16258692741394043,-0.4283733367919922,-2.034471273422241
1771525758885758500,27.839758544921875,0.9479155540466309,-0.3011770248413086,-1.9089583158493042
1771525758895761000,27.849760986328125,1.5877296924591064,-0.1797466278076172,-1.3486210107803345
1771525758905763600,27.859763671875,1.8511464595794678,-0.1317739486694336,-0.6176963448524475
1771525758915766000,27.86976611328125,2.133901596069336,-0.2727069854736328,-0.026383668184280396
1771525758925768700,27.879768798828124,2.411764621734619,-0.4361724853515625,0.3662410378456116
1771525758935771100,27.889771240234374,2.3348355293273926,-0.6803722381591797,0.7470027208328247
1771525758945773800,27.89977392578125,1.716836929321289,-0.9379482269287109,0.9904393553733826
1771525758955776300,27.9097763671875,0.6765701770782471,-1.2213802337646484,0.9275709390640259
1771525758965779000,27.919779052734373,-0.2376105785369873,-1.4953603744506836,0.8138123154640198
1771525758975781400,27.929781494140624,-1.0779621601104736,-1.6250925064086914,0.8090705275535583
1771525758985784000,27.9397841796875,-1.7289791107177734,-1.7533721923828125,0.7639647126197815
1771525758995786500,27.949786376953124,-2.089914560317993,-1.6883201599121094,0.6390354037284851
1771525759005789000,27.959788818359375,-1.9918216466903687,-1.6592645645141602,0.6964576244354248
1771525759015791600,27.96979150390625,-1.5370869636535645,-1.6240653991699219,0.8071503639221191
1771525759025794000,27.9797939453125,-1.1797511577606201,-1.4979963302612305,0.8765299320220947
1771525759035796700,27.989796630859374,-0.9559528827667236,-1.3199129104614258,0.8247289061546326
1771525759045799200,27.999799072265624,-0.6628015041351318,-1.1429061889648438,0.6135671734809875
1771525759055801900,28.0098017578125,-0.6946500539779663,-0.9340114593505859,0.6676233410835266
1771525759065804300,28.01980419921875,-0.9637969732284546,-0.7067813873291016,0.5560473203659058
1771525759075807000,28.029806884765627,-0.9674152135848999,-0.4365100860595703,0.3838045001029968
1771525759085809400,28.039809326171873,-0.7023004293441772,-0.1231222152709961,0.23668377101421356
1771525759095812000,28.04981201171875,-0.3135213851928711,0.14174842834472656,0.19605185091495514
1771525759105814500,28.059814453125,-0.23401236534118652,0.4390077590942383,0.2628794312477112
1771525759115817200,28.069817138671876,-0.24617207050323486,0.8121585845947266,0.35224029421806335
1771525759125819600,28.079819580078127,-0.26160871982574463,1.1898527145385742,0.2757989168167114
1771525759135822300,28.089822265625,0.15858244895935059,1.5578136444091797,0.0594591349363327
1771525759145824800,28.09982470703125,0.7927118539810181,1.8913812637329102,-0.1578180342912674
1771525759155827500,28.109827392578126,1.2273080348968506,2.1806039810180664,-0.5222811102867126
1771525759165830000,28.119829833984376,1.3306288719177246,2.315487861633301,-0.7494372725486755
1771525759175832300,28.129832275390626,1.1406117677688599,2.344440460205078,-0.9459385871887207
1771525759185835000,28.1398349609375,0.9336153268814087,2.315786361694336,-0.9492435455322266
1771525759195837400,28.14983740234375,0.8182644844055176,2.215625762939453,-0.9135335087776184
1771525759205840100,28.159840087890625,0.4844712018966675,2.0631885528564453,-0.7975761890411377
1771525759215842600,28.169842529296876,-0.2819112539291382,1.825185775756836,-0.33925318717956543
1771525759225845200,28.17984521484375,-1.268541693687439,1.5168485641479492,0.30500420928001404
1771525759235847700,28.18984765625,-1.8251681327819824,1.3166751861572266,0.8627620935440063
1771525759245850400,28.199850341796875,-1.279059886932373,1.0530500411987305,1.2623069286346436
1771525759255852800,28.209852783203125,0.4311720132827759,0.786952018737793,1.0881422758102417
1771525759265855500,28.21985546875,1.8699685335159302,0.625697135925293,1.140109896659851
1771525759275858000,28.22985791015625,2.0758986473083496,0.4624795913696289,1.3514928817749023
1771525759285860600,28.239860595703124,1.277003526687622,0.2013874053955078,1.4225256443023682
1771525759295863000,28.249863037109375,-0.12902677059173584,0.10615062713623047,1.1747889518737793
1771525759305865700,28.25986572265625,-1.3541638851165771,0.08289909362792969,0.7287916541099548
1771525759315868200,28.2698681640625,-1.9456123113632202,0.09047317504882812,0.1824205219745636
1771525759325870600,28.27987060546875,-1.9521652460098267,0.0677957534790039,-0.5560703277587891
1771525759335873300,28.289873291015624,-1.547786831855774,0.11097526550292969,-1.2405755519866943
1771525759345875700,28.299875732421874,-0.7089308500289917,0.2153167724609375,-1.8683074712753296
1771525759355878400,28.30987841796875,0.39446401596069336,0.2552967071533203,-1.948110580444336
1771525759365880800,28.319880859375,1.2599313259124756,0.28183650970458984,-1.7002698183059692
1771525759375883500,28.329883544921874,1.6227900981903076,0.1022939682006836,-1.210204005241394
1771525759385886000,28.339885986328124,1.675377368927002,-0.12175178527832031,-0.8002651929855347
1771525759395888600,28.349888671875,1.4343125820159912,-0.4003124237060547,-0.6581588983535767
1771525759405891000,28.35989111328125,0.9914724826812744,-0.8719758987426758,-0.659623920917511
1771525759415893800,28.369893798828127,0.3187234401702881,-1.3930444717407227,-0.5232693552970886
1771525759425896200,28.379896240234373,-0.46790266036987305,-1.8430938720703125,-0.4515314996242523
1771525759435899000,28.38989892578125,-1.1020339727401733,-2.273402690887451,-0.4191417098045349
1771525759445901300,28.3999013671875,-1.525093674659729,-2.668964385986328,-0.2710174322128296
1771525759455904000,28.409904052734376,-1.6384272575378418,-2.9818568229675293,-0.0664321631193161
1771525759465906400,28.419906494140626,-1.6660797595977783,-3.1457104682922363,0.2658403515815735
1771525759475909000,28.4299091796875,-1.632460117340088,-3.1799559593200684,0.6552435755729675
1771525759485911600,28.43991162109375,-1.1875345706939697,-3.1855931282043457,1.0481690168380737
1771525759495914000,28.4499140625,-0.6935081481933594,-3.0734591484069824,1.1849098205566406
1771525759505916700,28.459916748046876,-0.563625693321228,-2.820505142211914,1.3062361478805542
1771525759515919000,28.469919189453126,-0.5255428552627563,-2.517608642578125,1.3083544969558716
1771525759525921800,28.479921875,-0.6000653505325317,-2.1118416786193848,1.1674211025238037
1771525759535924200,28.48992431640625,-0.6293900012969971,-1.6214237213134766,0.8915746808052063
1771525759545927000,28.499927001953125,-0.6130194664001465,-1.1746025085449219,0.6218599677085876
1771525759555929300,28.509929443359376,-0.43553006649017334,-0.674957275390625,0.36518722772598267
1771525759565931800,28.519931884765626,-0.09388351440429688,-0.20361709594726562,0.04154607653617859
1771525759575934200,28.529934326171876,0.4606938362121582,0.1579132080078125,-0.19832225143909454
1771525759585937000,28.53993701171875,0.9610278606414795,0.518559455871582,-0.18910856544971466
1771525759595939300,28.549939208984377,1.1189696788787842,0.7869482040405273,-0.04022680222988129
1771525759605941800,28.559941650390623,1.0049294233322144,1.0105714797973633,0.19426417350769043
1771525759615944200,28.569944091796874,0.4640839099884033,1.233123779296875,0.2931622862815857
1771525759625947000,28.57994677734375,-0.14138007164001465,1.4941720962524414,0.27683672308921814
1771525759645951700,28.59995166015625,-0.5751546621322632,1.7082395553588867,0.19888316094875336
1771525759655954400,28.609954345703127,-0.3851137161254883,1.8668699264526367,-0.2528625726699829
1771525759665956900,28.619956787109373,0.3492155075073242,2.0355567932128906,-0.7752694487571716
1771525759675959300,28.629959228515624,0.8799037933349609,2.17447566986084,-0.8842832446098328
1771525759685961700,28.639961669921874,0.5884872674942017,2.4743785858154297,-0.6147900819778442
1771525759695964400,28.64996435546875,-0.3218986988067627,2.7542037963867188,-0.031001079827547073
1771525759705966800,28.659966796875,-1.4386121034622192,2.9250354766845703,0.31733742356300354
1771525759715969300,28.66996923828125,-1.9359495639801025,3.0179195404052734,0.3171147108078003
1771525759725971700,28.6799716796875,-1.2228423357009888,2.876458168029785,-0.051691990345716476
1771525759735974400,28.689974365234374,0.5712606906890869,2.595602035522461,-0.8179197311401367
1771525759745976800,28.699976806640624,2.323751211166382,2.3109397888183594,-1.1085357666015625
1771525759755979300,28.709979248046874,3.0148181915283203,1.933915138244629,-0.9071798920631409
1771525759765981700,28.719981689453125,2.785308599472046,1.668910026550293,-0.6921887993812561
1771525759775984400,28.729984375,1.9851865768432617,1.3531970977783203,-0.2557065784931183
1771525759785986800,28.73998681640625,0.8665006160736084,1.054123878479004,0.030829519033432007
1771525759795989200,28.7499892578125,-0.4067784547805786,0.8595304489135742,-0.0682174563407898
1771525759805992000,28.759991943359374,-1.249112606048584,0.6477108001708984,-0.27117443084716797
1771525759815994400,28.769994384765624,-1.528642177581787,0.31975746154785156,-0.5659440755844116
1771525759825996800,28.779996826171875,-1.3700984716415405,0.0048542022705078125,-1.122488021850586
1771525759835999500,28.78999951171875,-0.7804216146469116,-0.2977457046508789,-1.5993375778198242
1771525759846002000,28.800001953125,0.20836806297302246,-0.5992469787597656,-2.027822971343994
1771525759856004600,28.810004638671874,0.8111004829406738,-0.8157672882080078,-2.1538195610046387
1771525759886012200,28.84001220703125,0.9726688861846924,-1.2889747619628906,-0.8627881407737732
1771525759896014800,28.850014892578123,0.7925019264221191,-1.4120674133300781,-0.36820170283317566
1771525759906017300,28.860017333984374,0.46602821350097656,-1.517207145690918,0.000829748809337616
1771525759916019700,28.870019775390624,0.1809980869293213,-1.694244384765625,0.19621175527572632
1771525759926022400,28.8800224609375,0.10298848152160645,-1.870957374572754,0.2361428290605545
1771525759936024800,28.89002490234375,0.19933676719665527,-2.0667567253112793,0.3723210096359253
1771525759946027500,28.900027587890627,0.04275965690612793,-2.1915669441223145,0.4210045337677002
1771525759956030000,28.910030029296873,-0.2478783130645752,-2.2595934867858887,0.31505492329597473
1771525759966033400,28.920033447265624,-0.5094127655029297,-2.2806077003479004,0.2647193670272827
1771525759976036000,28.9300361328125,-0.8525184392929077,-2.264064311981201,0.24628041684627533
1771525759996040200,28.950040283203126,-1.8378193378448486,-2.125518321990967,0.247648686170578
1771525760006043000,28.96004296875,-2.236766815185547,-2.0063042640686035,0.32231658697128296
1771525760016045300,28.97004541015625,-2.1644387245178223,-1.7941169738769531,0.37590205669403076
1771525760026048000,28.980048095703125,-1.7624423503875732,-1.5758476257324219,0.3844571113586426
1771525760036050400,28.990050537109376,-1.2603657245635986,-1.2570714950561523,0.45501708984375
1771525760046052900,29.000052978515626,-0.7750502824783325,-0.843353271484375,0.5897952318191528
1771525760056055600,29.0100556640625,0.022701263427734375,-0.45046234130859375,0.4168408215045929
1771525760066058000,29.02005810546875,0.3928067684173584,-0.079559326171875,0.4668954908847809
1771525760076060700,29.030060791015625,0.2626587152481079,0.298553466796875,0.7314364314079285
1771525760086063000,29.04006298828125,0.08752548694610596,0.6227617263793945,0.8150944113731384
1771525760096065800,29.050065673828126,0.0030361413955688477,0.9559173583984375,0.8378397226333618
1771525760106068200,29.060068115234376,-0.016254663467407227,1.1931781768798828,0.9342310428619385
1771525760116071000,29.07007080078125,-0.0037299394607543945,1.4111509323120117,0.8514859676361084
1771525760126073300,29.0800732421875,0.016139984130859375,1.6720609664916992,0.713991641998291
1771525760136076000,29.090075927734375,0.3241335153579712,1.8708829879760742,0.4722430109977722
1771525760146078500,29.100078369140626,0.8654084205627441,1.9641437530517578,0.13535389304161072
1771525760156081200,29.1100810546875,1.1465578079223633,2.1615066528320312,-0.1059902161359787
1771525760166083600,29.12008349609375,1.1830905675888062,2.3432159423828125,-0.24739065766334534
1771525760176086300,29.130086181640625,0.9837268590927124,2.3997459411621094,-0.4491642415523529
1771525760186088700,29.140088623046875,0.24668574333190918,2.412905693054199,-0.38482049107551575
1771525760196091400,29.15009130859375,-0.9374338984489441,2.469986915588379,-0.05607610568404198
1771525760206093800,29.16009375,-1.8887619972229004,2.3958263397216797,0.5496694445610046
1771525760216096300,29.17009619140625,-2.181669235229492,2.2973546981811523,0.9779108762741089
1771525760226099000,29.180098876953124,-1.3578495979309082,2.127553939819336,1.2173638343811035
1771525760236101400,29.190101318359375,0.25779247283935547,1.770777702331543,1.1996135711669922
1771525760246104000,29.20010400390625,2.098965644836426,1.3874807357788086,0.9437295198440552
1771525760256106500,29.2101064453125,3.5600059032440186,1.027104377746582,0.5586020946502686
1771525760266109200,29.220109130859374,3.9429495334625244,0.7392206192016602,0.40332573652267456
1771525760276111600,29.230111572265624,3.000702381134033,0.4939584732055664,0.3274471163749695
1771525760286114300,29.2401142578125,0.964747428894043,0.3650083541870117,0.13254806399345398
1771525760296116700,29.25011669921875,-0.6022024154663086,0.1406402587890625,-0.16689422726631165
1771525760306119400,29.260119384765623,-1.6008765697479248,0.04764080047607422,-0.3920150101184845
1771525760316121900,29.270121826171874,-2.150357723236084,-0.09412574768066406,-0.5680050849914551
1771525760326124500,29.28012451171875,-2.088813543319702,-0.30747222900390625,-0.7284557819366455
1771525760336127000,29.290126953125,-1.5206871032714844,-0.5543231964111328,-0.6376838088035583
1771525760346129700,29.300129638671876,-0.7211942672729492,-0.8408746719360352,-0.4242487847805023
1771525760356132000,29.310132080078127,0.133134126663208,-1.1883058547973633,-0.36194631457328796
1771525760366134800,29.320134765625,0.9171583652496338,-1.4504289627075195,-0.19958683848381042
1771525760376137200,29.33013720703125,1.1785378456115723,-1.7579803466796875,0.15630388259887695
1771525760386139600,29.3401396484375,1.0793461799621582,-2.154752254486084,0.3647896349430084
1771525760396142300,29.350142333984376,0.49555444717407227,-2.5114669799804688,0.3123994469642639
1771525760406144800,29.360144775390626,-0.2864108085632324,-2.8219566345214844,0.14629992842674255
1771525760416147500,29.3701474609375,-0.9099187850952148,-3.079881191253662,0.044752106070518494
1771525760426150000,29.38014990234375,-1.1643495559692383,-3.3417820930480957,-0.18753835558891296
1771525760436152600,29.390152587890626,-1.2991447448730469,-3.5312862396240234,-0.2817605435848236
1771525760446155000,29.400155029296876,-1.2148252725601196,-3.57210636138916,-0.34020060300827026
1771525760456157700,29.41015771484375,-1.1775456666946411,-3.5415210723876953,-0.2958536744117737
1771525760466160000,29.42016015625,-1.104982614517212,-3.4112625122070312,-0.21874909102916718
1771525760476162800,29.430162841796875,-1.111080527305603,-3.124401569366455,-0.011540129780769348
1771525760486165200,29.440165283203125,-1.1730337142944336,-2.723947525024414,0.10838757455348969
1771525760496168000,29.45016796875,-1.0093748569488525,-2.4440698623657227,0.10488088428974152
1771525760506170400,29.46017041015625,-0.874545693397522,-1.992922306060791,0.0026527196168899536
1771525760516173000,29.470173095703124,-0.5172245502471924,-1.4756298065185547,-0.20957931876182556
1771525760526175500,29.480175537109375,0.052321434020996094,-0.9879302978515625,-0.3719312846660614
1771525760536178000,29.490177978515625,0.59234619140625,-0.5112419128417969,-0.5060837864875793
1771525760546180600,29.5001806640625,0.764751672744751,-0.050518035888671875,-0.41662341356277466
1771525760556183000,29.51018310546875,0.5354723930358887,0.43288230895996094,-0.12195375561714172
1771525760566185700,29.520185791015624,0.2983551025390625,0.8967666625976562,0.03093932569026947
1771525760576188200,29.530188232421875,0.35912156105041504,1.2552309036254883,0.17768050730228424
1771525760586190800,29.54019091796875,0.21677446365356445,1.689767837524414,0.37095150351524353
1771525760596193300,29.550193359375,-0.08803057670593262,2.186491012573242,0.48316505551338196
1771525760606196000,29.560196044921874,-0.028293848037719727,2.6122961044311523,0.4263869524002075
1771525760616198400,29.570198486328124,0.2793235778808594,2.980910301208496,0.21714738011360168
1771525760626201000,29.580201171875,0.8610203266143799,3.2822608947753906,-0.29940274357795715
1771525760646206200,29.600206298828127,2.3929951190948486,3.428133010864258,-0.7401485443115234
1771525760656208600,29.610208740234373,2.388040065765381,3.5206031799316406,-0.5862036347389221
1771525760666211300,29.62021142578125,1.8594813346862793,3.5684566497802734,-0.023737270385026932
1771525760676213800,29.6302138671875,0.9762916564941406,3.6147232055664062,0.6671387553215027
1771525760686216400,29.640216552734376,-0.2909351587295532,3.8184146881103516,1.0823214054107666
1771525760696219000,29.650218994140626,-0.6924684047698975,3.7088775634765625,0.8765483498573303
1771525760706221300,29.66022119140625,0.012876749038696289,3.4063377380371094,0.26777780055999756
1771525760716224000,29.67022412109375,1.0365560054779053,2.9517135620117188,-0.10080994665622711
1771525760726226400,29.680226318359374,1.5453135967254639,2.486884117126465,-0.41044390201568604
1771525760736229000,29.69022900390625,1.406285047531128,1.9021272659301758,-0.5818666815757751
1771525760746231600,29.7002314453125,1.0169332027435303,1.2992734909057617,-0.7349939942359924
1771525760756234200,29.710234130859376,0.5200686454772949,0.731165885925293,-0.6005833148956299
1771525760766236700,29.720236572265627,-0.3555668592453003,0.2404804229736328,-0.2981223464012146
1771525760776239400,29.7302392578125,-1.4503586292266846,0.004460334777832031,-0.35731345415115356
1771525760786241800,29.74024169921875,-2.2308032512664795,-0.2006244659423828,-0.6744728684425354
1771525760796244500,29.750244384765626,-2.495816230773926,-0.32154369354248047,-1.0731483697891235
1771525760806247000,29.760246826171876,-2.2602858543395996,-0.5257759094238281,-1.6119412183761597
1771525760816249600,29.77024951171875,-1.7414453029632568,-0.6514043807983398,-2.0643508434295654
1771525760826252000,29.780251953125,-0.9484480619430542,-0.7894773483276367,-2.3486266136169434
1771525760836254700,29.790254638671875,0.14653682708740234,-0.917048454284668,-2.36250638961792
1771525760846257200,29.800257080078126,1.2071681022644043,-1.1029605865478516,-2.054208993911743
1771525760856259600,29.810259521484376,1.8008747100830078,-1.334442138671875,-1.5149098634719849
1771525760866262300,29.82026220703125,1.7745881080627441,-1.650528907775879,-0.9435612559318542
1771525760876264700,29.8302646484375,1.3921489715576172,-1.9506750106811523,-0.298720121383667
1771525760886267400,29.840267333984375,0.6275739669799805,-2.20072603225708,0.24426740407943726
1771525760896269800,29.850269775390625,-0.2680363655090332,-2.460954189300537,0.604103147983551
1771525760906272500,29.8602724609375,-0.9565781354904175,-2.729829788208008,0.71715247631073
1771525760916275000,29.87027490234375,-1.4087018966674805,-2.949183464050293,0.7340633273124695
1771525760926277600,29.880277587890625,-1.6835312843322754,-3.075911045074463,0.7771449089050293
1771525760936280000,29.890280029296875,-1.8246910572052002,-3.105475902557373,0.816046416759491
1771525760946282800,29.90028271484375,-1.889418363571167,-3.1242356300354004,0.8030471801757812
1771525760956285200,29.91028515625,-1.8136610984802246,-3.0276389122009277,0.7345059514045715
1771525760966288000,29.920287841796874,-1.637483835220337,-2.940889358520508,0.7077358961105347
1771525760976290300,29.930290283203124,-1.5064477920532227,-2.7308216094970703,0.6613642573356628
1771525760986293000,29.94029296875,-1.589252233505249,-2.4833555221557617,0.5850962400436401
1771525760996295400,29.95029541015625,-1.6256234645843506,-2.212273120880127,0.5446394681930542
1771525761006298000,29.960298095703124,-1.6029818058013916,-1.969834804534912,0.511023998260498
1771525761016300500,29.970300537109374,-1.391588568687439,-1.6415367126464844,0.4463450014591217
1771525761026303000,29.980302978515624,-1.1285923719406128,-1.2805233001708984,0.3271065056324005
1771525761036305700,29.9903056640625,-0.8641102313995361,-0.8396339416503906,0.22857090830802917
1771525761046308000,30.00030810546875,-0.7221196889877319,-0.42416954040527344,0.15904675424098969
1771525761056310800,30.010310791015623,-0.5733393430709839,-0.06746387481689453,0.036551713943481445
1771525761066313200,30.020313232421874,-0.6548689603805542,0.30673694610595703,0.014645107090473175
1771525761076316000,30.03031591796875,-0.977846086025238,0.6510906219482422,0.2151249349117279
1771525761086318300,30.040318359375,-1.1960747241973877,1.0379219055175781,0.28199177980422974
1771525761096321000,30.050321044921876,-1.1597285270690918,1.4724063873291016,0.36019134521484375
1771525761106323500,30.060323486328127,-0.9748971462249756,1.897125244140625,0.43631184101104736
1771525761116326100,30.070326171875,-0.4928627014160156,2.2927017211914062,0.4793015420436859
1771525761126328600,30.08032861328125,0.39828169345855713,2.682448387145996,0.2098599523305893
1771525761136331300,30.090331298828126,1.4732760190963745,3.0367679595947266,-0.3396320641040802
1771525761146333700,30.100333740234376,2.274104118347168,3.2114486694335938,-0.7945175170898438
1771525761156336400,30.11033642578125,2.6430587768554688,3.2684106826782227,-1.2867302894592285
1771525761166338800,30.1203388671875,2.324526786804199,3.1697635650634766,-1.490702748298645
1771525761176341200,30.13034130859375,1.3012640476226807,2.9552526473999023,-1.3959803581237793
1771525761186344000,30.140343994140625,-0.18532657623291016,2.784640312194824,-0.9216912388801575
1771525761196346400,30.150346435546876,-1.7776354551315308,2.554720878601074,0.03198722004890442
1771525761206348800,30.160348876953126,-2.8822379112243652,2.391763687133789,0.9962180852890015
1771525761216351200,30.170351318359376,-2.8909196853637695,2.286684989929199,1.8531016111373901
1771525761226354000,30.18035400390625,-1.6215133666992188,1.9948434829711914,2.2746622562408447
1771525761236356400,30.1903564453125,0.24886202812194824,1.5907583236694336,2.0029780864715576
1771525761246358800,30.20035888671875,1.596320629119873,1.129694938659668,1.5837477445602417
1771525761256361200,30.210361328125,2.0354480743408203,0.6720075607299805,1.249589443206787
1771525761266364000,30.220364013671876,1.5428307056427002,0.5138263702392578,0.4976382255554199
1771525761276366300,30.230366455078126,1.0086196660995483,0.42700672149658203,-0.5828878283500671
1771525761286368800,30.24036865234375,0.7097533941268921,0.33626556396484375,-1.578442931175232
1771525761296371200,30.25037109375,0.09855806827545166,0.27591514587402344,-2.143481731414795
1771525761306374000,30.260373779296874,-0.547531247138977,0.07027912139892578,-2.3644323348999023
1771525761316376300,30.270376220703124,-0.7752467393875122,-0.021203994750976562,-2.349125862121582
1771525761326378800,30.280378662109374,-0.18738043308258057,-0.2376384735107422,-2.1105165481567383
1771525761336381400,30.29038134765625,0.7331913709640503,-0.4899559020996094,-1.3360506296157837
1771525761346384000,30.3003837890625,1.174013614654541,-0.765894889831543,-0.44591566920280457
1771525761356386300,30.31038623046875,1.4797108173370361,-1.0093727111816406,0.14168581366539001
1771525761366388700,30.320388671875,1.6081104278564453,-1.2793292999267578,0.6575204730033875
1771525761376391400,30.330391357421874,1.1982040405273438,-1.5381240844726562,0.9182255268096924
1771525761386393900,30.340393798828124,0.6113073825836182,-1.8997669219970703,0.77988600730896
1771525761396396300,30.350396240234375,-0.11226320266723633,-2.272395610809326,0.3976067006587982
1771525761406398700,30.360398681640625,-0.6956737041473389,-2.5208263397216797,0.020014971494674683
1771525761416401400,30.3704013671875,-1.0617963075637817,-2.77333927154541,-0.2580804228782654
1771525761426403800,30.38040380859375,-1.1540248394012451,-2.929572105407715,-0.5971492528915405
1771525761436406300,30.39040625,-1.1124955415725708,-2.946603775024414,-0.8988214135169983
1771525761446408700,30.40040869140625,-0.8316081762313843,-2.95878267288208,-0.9059535264968872
1771525761456411400,30.410411376953125,-0.6496065855026245,-2.937864303588867,-0.781204342842102
1771525761466413800,30.420413818359375,-0.4698207378387451,-2.8602981567382812,-0.6582963466644287
1771525761476416300,30.430416259765625,-0.22394609451293945,-2.7504568099975586,-0.4064394235610962
1771525761486419000,30.4404189453125,-0.07198119163513184,-2.5373411178588867,-0.12370418757200241
1771525761496421400,30.45042138671875,-0.14191818237304688,-2.2834277153015137,0.12046360969543457
1771525761506423800,30.460423828125,-0.36935997009277344,-1.9212236404418945,0.2948719263076782
1771525761516426500,30.470426513671875,-0.4996298551559448,-1.526590347290039,0.29010745882987976
1771525761526429000,30.480428955078125,-0.48327553272247314,-1.0942230224609375,0.18619975447654724
1771525761536431600,30.490431640625,-0.1441199779510498,-0.6862888336181641,0.03053060546517372
1771525761546434000,30.50043408203125,0.2916375398635864,-0.2605772018432617,-0.18479356169700623
1771525761556436700,30.510436767578124,0.42332780361175537,0.11103153228759766,-0.22902092337608337
1771525761566439200,30.520439208984374,0.3504551649093628,0.40509700775146484,-0.13684651255607605
1771525761576441900,30.53044189453125,0.04310953617095947,0.7797880172729492,0.06291116029024124
1771525761586444300,30.5404443359375,-0.30202579498291016,1.2071247100830078,0.15216752886772156
1771525761596446700,30.55044677734375,-0.5725986957550049,1.6635313034057617,0.22428089380264282
1771525761606449400,30.560449462890624,-0.7399359941482544,2.1106691360473633,0.339935302734375
1771525761616451800,30.570451904296874,-0.509081244468689,2.5248279571533203,0.11970150470733643
1771525761626454500,30.58045458984375,0.10273480415344238,2.7909011840820312,-0.2009895145893097
1771525761646459600,30.600459716796873,1.7982439994812012,2.6274795532226562,-0.9387855529785156
1771525761656462000,30.610462158203124,2.3773856163024902,2.4930410385131836,-1.068285584449768
1771525761666464800,30.62046484375,2.1883256435394287,2.35598087310791,-0.8851743936538696
1771525761676467200,30.63046728515625,1.0609819889068604,2.3072586059570312,-0.36374491453170776
1771525761686470000,30.640469970703126,-0.5606729984283447,2.305203437805176,0.3200775980949402
1771525761696472300,30.650472412109377,-2.169428586959839,2.3387088775634766,0.367804616689682
1771525761706475000,30.66047509765625,-2.4599080085754395,2.300455093383789,0.11183072626590729
1771525761716477400,30.6704775390625,-1.5292142629623413,1.9472217559814453,-0.3838770389556885
1771525761726480100,30.680480224609376,0.06375885009765625,1.4599628448486328,-1.0684940814971924
1771525761736482600,30.690482666015626,1.2706117630004883,1.0367393493652344,-1.1459345817565918
1771525761746485200,30.7004853515625,0.7261162996292114,0.6186695098876953,-0.48422449827194214
1771525761756487700,30.71048779296875,-0.4963974952697754,0.4122133255004883,0.11914543807506561
1771525761766490000,30.720489990234373,-1.5124573707580566,0.2697763442993164,0.3403375446796417
1771525761776492800,30.730492919921875,-2.295339345932007,0.2782726287841797,0.08931205421686172
1771525761786495200,30.7404951171875,-2.4682860374450684,0.3571481704711914,-0.3532079756259918
1771525761796498000,30.750497802734376,-2.100440740585327,0.27173709869384766,-0.7824211120605469
1771525761806500400,30.760500244140626,-1.186606526374817,0.24595928192138672,-1.3482096195220947
1771525761816503000,30.7705029296875,0.10353446006774902,0.23035240173339844,-1.6948373317718506
1771525761826505500,30.78050537109375,1.3439018726348877,0.24189186096191406,-1.8391523361206055
1771525761836508200,30.790508056640626,2.0630388259887695,0.06872272491455078,-1.726919174194336
1771525761846510600,30.800510498046876,2.2846198081970215,-0.15605926513671875,-1.2672538757324219
1771525761856513300,30.81051318359375,1.7789933681488037,-0.44179248809814453,-0.682653546333313
1771525761876518400,30.830518310546875,0.46088099479675293,-1.095245361328125,-0.07637986540794373
1771525761886520800,30.840520751953125,-0.04182291030883789,-1.470982551574707,0.1951807290315628
1771525761896523500,30.8505234375,-0.32771778106689453,-1.832686424255371,0.23604096472263336
1771525761906526000,30.86052587890625,-0.5807700157165527,-2.0939393043518066,0.16232331097126007
1771525761916528400,30.8705283203125,-0.8612449169158936,-2.2495551109313965,0.2712729275226593
1771525761926531000,30.880531005859375,-0.9483784437179565,-2.3323874473571777,0.23039942979812622
1771525761936533500,30.890533447265625,-0.8643869161605835,-2.4004788398742676,0.12046410143375397
1771525761946536200,30.9005361328125,-0.9899454116821289,-2.4542922973632812,0.24473318457603455
1771525761956538600,30.91053857421875,-0.793785572052002,-2.4796295166015625,0.20486971735954285
1771525761966541300,30.920541259765624,-0.7070677280426025,-2.434537410736084,0.09282179176807404
1771525761976543700,30.930543701171874,-1.0079030990600586,-2.3188624382019043,0.008484557271003723
1771525761986546400,30.94054638671875,-1.2129716873168945,-2.126905918121338,-0.11226066946983337
1771525761996548900,30.950548828125,-1.3244881629943848,-1.906198501586914,-0.16613076627254486
1771525762006551600,30.960551513671874,-1.3577287197113037,-1.6423215866088867,-0.13323554396629333
1771525762016554000,30.970553955078124,-1.2404084205627441,-1.378544807434082,-0.08869673311710358
1771525762026556700,30.980556640625,-0.7748144865036011,-1.034149169921875,-0.16575604677200317
1771525762036559000,30.99055908203125,-0.623896598815918,-0.6813650131225586,0.00759157445281744
1771525762046561800,31.000561767578127,-0.6410186290740967,-0.39136409759521484,0.15964990854263306
1771525762056564200,31.010564208984373,-0.496379017829895,-0.0015554428100585938,0.25479310750961304
1771525762066567000,31.02056689453125,-0.38145530223846436,0.42569637298583984,0.3617616891860962
1771525762076569300,31.0305693359375,-0.18574225902557373,0.8662614822387695,0.36272725462913513
1771525762086571800,31.04057177734375,0.08105850219726562,1.4203519821166992,0.14997930824756622
1771525762096574500,31.050574462890626,0.39040374755859375,1.8869943618774414,0.1014757752418518
1771525762106577000,31.060576904296877,0.6743122339248657,2.295252799987793,-0.20331119000911713
1771525762116579600,31.07057958984375,1.1112735271453857,2.5398693084716797,-0.7414864301681519
1771525762146587400,31.10058740234375,1.8572185039520264,2.7627429962158203,-1.321997046470642
1771525762156589800,31.11058984375,0.6297518014907837,2.668672561645508,-1.020642876625061
1771525762166592300,31.12059228515625,-0.9262906908988953,2.623363494873047,-0.44780218601226807
1771525762176594700,31.1305947265625,-2.2009403705596924,2.5523109436035156,0.1762671172618866
1771525762186597000,31.14059716796875,-2.927008628845215,2.4951858520507812,0.49859070777893066
1771525762196599600,31.150599609375,-2.532301187515259,2.419123649597168,0.6871395707130432
1771525762206602000,31.16060205078125,-1.352830410003662,2.1799306869506836,0.9463596343994141
1771525762216604400,31.1706044921875,0.2848329544067383,1.9436359405517578,1.0349640846252441
1771525762226606800,31.18060693359375,1.7219247817993164,1.5936975479125977,1.1423916816711426
1771525762236609300,31.190609375,2.6673150062561035,1.2527523040771484,1.1680684089660645
1771525762246612000,31.200612060546874,2.81942081451416,0.9428958892822266,1.2045588493347168
1771525762256614400,31.210614501953124,1.889883041381836,0.7303886413574219,1.0908148288726807
1771525762266616800,31.220616943359374,0.5981194972991943,0.5259275436401367,0.4137107729911804
1771525762276619300,31.230619384765625,-0.28279972076416016,0.48949432373046875,-0.3863731026649475
1771525762286621700,31.24062158203125,-0.9175949692726135,0.37374114990234375,-1.1068857908248901
1771525762296624000,31.2506240234375,-1.1958009004592896,0.29914379119873047,-1.7644634246826172
1771525762306626600,31.26062646484375,-1.0784382820129395,0.22811126708984375,-2.1701700687408447
1771525762316629200,31.270629150390626,-0.3072469234466553,0.08883380889892578,-2.3203506469726562
1771525762326631700,31.280631591796876,0.6507761478424072,-0.0817098617553711,-1.9931381940841675
1771525762336634000,31.290634033203126,1.3266770839691162,-0.37128448486328125,-1.1425864696502686
1771525762346636800,31.30063671875,1.6384174823760986,-0.7336320877075195,-0.2774900496006012
1771525762356639200,31.31063916015625,1.4910709857940674,-1.1410760879516602,0.42709586024284363
1771525762366642000,31.320641845703125,1.1435463428497314,-1.5363225936889648,0.8508406281471252
1771525762376644400,31.330644287109376,0.7098078727722168,-1.9383172988891602,1.042807936668396
1771525762386647000,31.34064697265625,0.10680770874023438,-2.3656792640686035,0.9783384799957275
1771525762396649500,31.3506494140625,-0.3301147222518921,-2.755250930786133,0.7949491143226624
1771525762406652200,31.360652099609375,-0.6175336837768555,-2.9872512817382812,0.6803630590438843
1771525762416654600,31.370654541015625,-0.9160983562469482,-3.171332836151123,0.4727795720100403
1771525762426657300,31.3806572265625,-1.2238845825195312,-3.2735791206359863,0.12660492956638336
1771525762436659700,31.39065966796875,-1.2810478210449219,-3.303168773651123,0.03425449877977371
1771525762446662400,31.400662353515624,-1.140344500541687,-3.2651820182800293,0.009808428585529327
1771525762456664800,31.410664794921875,-0.8671948909759521,-3.150656223297119,-0.14666856825351715
1771525762466667500,31.42066748046875,-0.5265287160873413,-2.9841246604919434,-0.11798696964979172
1771525762476670000,31.430669921875,-0.20698511600494385,-2.8139266967773438,-0.03250168263912201
1771525762486672600,31.440672607421874,-0.06020510196685791,-2.5399723052978516,-0.09573671221733093
1771525762496675000,31.450675048828124,0.04430532455444336,-2.1522231101989746,-0.08413007110357285
1771525762506677500,31.460677490234374,0.35848915576934814,-1.8178911209106445,-0.027798719704151154
1771525762516680200,31.47068017578125,0.5964511632919312,-1.5132055282592773,-0.037997812032699585
1771525762526682600,31.4806826171875,0.5142086744308472,-1.1854438781738281,0.003427542746067047
1771525762536685300,31.490685302734374,0.28223347663879395,-0.9106311798095703,0.26030176877975464
1771525762546687700,31.500687744140624,-0.052588462829589844,-0.6645069122314453,0.5190247297286987
1771525762556690400,31.5106904296875,-0.3820037841796875,-0.42278575897216797,0.517987847328186
1771525762566692900,31.52069287109375,-0.4588813781738281,-0.19003582000732422,0.5018472075462341
1771525762576695600,31.530695556640627,-0.5606873035430908,0.15789508819580078,0.6559711694717407
1771525762596700700,31.55070068359375,-0.8706009984016418,0.7606267929077148,0.7022169828414917
1771525762606703000,31.560703125,-0.7944633364677429,1.1735448837280273,0.7110325694084167
1771525762616705800,31.570705810546876,-0.39427173137664795,1.5205211639404297,0.5281768441200256
1771525762626708200,31.580708251953126,0.30077409744262695,1.8152036666870117,0.36466312408447266
1771525762636711000,31.5907109375,1.090232491493225,2.137885093688965,0.4027343988418579
1771525762646713300,31.60071337890625,1.6701059341430664,2.4919357299804688,0.5618820190429688
1771525762656716000,31.610716064453126,1.6074401140213013,2.832979202270508,0.6441372632980347
1771525762666718500,31.620718505859376,0.7071335315704346,3.15625,0.8495488166809082
1771525762676721000,31.630720947265626,-0.8984512090682983,3.525419235229492,1.036795735359192
1771525762686723600,31.6407236328125,-2.381897449493408,3.7713823318481445,0.9815261960029602
1771525762696726000,31.65072607421875,-2.6868631839752197,3.815993309020996,0.39588987827301025
1771525762706728700,31.660728759765625,-1.8085131645202637,3.8191537857055664,-0.6415988802909851
1771525762716731100,31.670731201171876,0.4560546875,3.3555383682250977,-1.5509898662567139
1771525762726733800,31.68073388671875,3.113793134689331,2.838559150695801,-1.6374421119689941
1771525762736736300,31.690736328125,4.891853332519531,2.043581962585449,-1.181875467300415
1771525762746739000,31.700739013671875,5.17122745513916,1.3686065673828125,-0.33254873752593994
1771525762756741400,31.710741455078125,4.10858154296875,0.9737205505371094,0.4832131862640381
1771525762766744000,31.720744140625,1.954824447631836,0.6965999603271484,0.5689790844917297
1771525762776746500,31.73074658203125,-0.17623400688171387,0.33421993255615234,0.012999370694160461
1771525762786749200,31.740749267578124,-2.0765163898468018,0.20035266876220703,-0.7659264802932739
1771525762796751600,31.750751708984374,-3.6171107292175293,0.04014301300048828,-1.5641944408416748
1771525762806754300,31.76075439453125,-4.159397125244141,-0.14856910705566406,-2.228351593017578
1771525762816756700,31.7707568359375,-3.684819221496582,-0.36027050018310547,-2.541313886642456
1771525762826759200,31.78075927734375,-2.633275032043457,-0.49509429931640625,-2.667393684387207
1771525762836761900,31.790761962890624,-1.139270544052124,-0.5879373550415039,-2.5577783584594727
1771525762846764300,31.800764404296874,0.25260424613952637,-0.5936479568481445,-1.9302226305007935
1771525762856767000,31.81076708984375,1.1460821628570557,-0.7201728820800781,-1.080837368965149
1771525762866769400,31.820769287109375,1.8872334957122803,-0.8493080139160156,-0.2894456684589386
1771525762876772000,31.830772216796873,2.40529465675354,-0.9729347229003906,0.3109237253665924
1771525762886774500,31.8407744140625,2.4933910369873047,-1.1539192199707031,0.7027081847190857
1771525762896777200,31.850777099609374,2.1512012481689453,-1.3725900650024414,0.9483693242073059
1771525762906779600,31.860779541015624,1.288909673690796,-1.5892305374145508,1.0369021892547607
1771525762916782000,31.870781982421875,0.3684418201446533,-1.8018426895141602,0.9937419295310974
1771525762926784800,31.88078466796875,-0.42606091499328613,-1.9227142333984375,0.8011296391487122
1771525762936787200,31.890787109375,-1.0618338584899902,-1.9700779914855957,0.6085672378540039
1771525762946789600,31.90078955078125,-1.388500690460205,-2.0011067390441895,0.4672277569770813
1771525762956792000,31.9107919921875,-1.4535226821899414,-2.025763988494873,0.4488567113876343
1771525762966794800,31.920794677734374,-1.2409121990203857,-1.8917980194091797,0.46840786933898926
1771525762976797200,31.930797119140625,-0.977954626083374,-1.7578678131103516,0.45458149909973145
1771525762986799600,31.940799560546875,-0.7709592580795288,-1.672530174255371,0.47099101543426514
1771525762996802000,31.950802001953125,-0.7745727300643921,-1.559788703918457,0.5051019191741943
1771525763006804700,31.9608046875,-0.9421547651290894,-1.3572540283203125,0.5509265661239624
1771525763016807200,31.97080712890625,-1.2006213665008545,-1.0691633224487305,0.6158655881881714
1771525763026809600,31.9808095703125,-1.3388117551803589,-0.7570028305053711,0.6802570819854736
1771525763036812000,31.99081201171875,-1.2304158210754395,-0.5015630722045898,0.6534863710403442
1771525763046814700,32.000814697265625,-0.8036580085754395,-0.26467037200927734,0.5546159148216248
1771525763056817200,32.010817138671875,-0.5675591230392456,0.0009183883666992188,0.651716947555542
1771525763066819600,32.020819580078125,-0.46842217445373535,0.24255752563476562,0.7284620404243469
1771525763076822300,32.030822265625,-0.2219144105911255,0.5411338806152344,0.741070568561554
1771525763086824700,32.04082470703125,0.09640824794769287,0.9105920791625977,0.6535349488258362
1771525763096827100,32.0508271484375,0.5069884061813354,1.2692241668701172,0.39465516805648804
1771525763106829600,32.06082958984375,0.8914808034896851,1.5833377838134766,0.05939716473221779
1771525763116832300,32.07083227539062,1.283053994178772,1.9247303009033203,-0.25420406460762024
1771525763126834700,32.08083471679687,1.5869594812393188,2.140315055847168,-0.6202578544616699
1771525763136837000,32.09083715820312,1.9383976459503174,2.3018264770507812,-1.0496097803115845
1771525763146839600,32.10083959960937,1.924485445022583,2.3515844345092773,-1.1814640760421753
1771525763156842200,32.11084228515625,1.4309123754501343,2.352156639099121,-1.1046159267425537
1771525763166844700,32.1208447265625,0.449832558631897,2.266360282897949,-0.848844587802887
1771525763176847000,32.13084716796875,-0.8208678960800171,2.181194305419922,-0.2415202111005783
1771525763186849500,32.140849609375,-2.3350329399108887,2.2555456161499023,0.6203882694244385
1771525763196852200,32.150852294921876,-3.0349018573760986,2.352553367614746,1.1009163856506348
1771525763206854700,32.160854736328126,-2.2871553897857666,2.3581314086914062,1.3467679023742676
1771525763216857000,32.170857177734376,-0.3698444366455078,2.15181827545166,1.1727174520492554
1771525763226859800,32.18085986328125,1.738676905632019,1.8800058364868164,0.8943765759468079
1771525763236862200,32.1908623046875,3.215965509414673,1.3875675201416016,0.507527232170105
1771525763246864600,32.20086474609375,3.8469648361206055,0.8350715637207031,0.10980461537837982
1771525763256867000,32.2108671875,2.926063299179077,0.4893522262573242,-0.08643576502799988
1771525763266869800,32.22086987304687,1.1583560705184937,0.2658672332763672,-0.43284380435943604
1771525763276872200,32.2308720703125,-0.42693233489990234,0.11919498443603516,-0.8007182478904724
1771525763286874600,32.24087451171875,-1.7270721197128296,0.08462047576904297,-1.255157232284546
1771525763296877000,32.250876953125,-2.6315464973449707,-0.018285751342773438,-1.705714225769043
1771525763306879700,32.260879638671874,-3.1474409103393555,-0.22184467315673828,-1.9466387033462524
1771525763316882200,32.270882080078124,-2.9776535034179688,-0.3963441848754883,-2.010232925415039
1771525763326884600,32.280884521484374,-1.916914463043213,-0.6804218292236328,-1.8654966354370117
1771525763336887000,32.290886962890625,-0.2892681360244751,-0.9323415756225586,-1.6381443738937378
1771525763346889700,32.3008896484375,1.072340965270996,-1.2118291854858398,-1.0362443923950195
1771525763356892200,32.31089208984375,1.9953886270523071,-1.43060302734375,-0.23242051899433136
1771525763366894600,32.32089453125,2.0482003688812256,-1.5330324172973633,0.4837580621242523
1771525763376897300,32.33089721679688,1.5810213088989258,-1.6627845764160156,0.7259615063667297
1771525763386899700,32.34089965820313,0.8631010055541992,-1.8428583145141602,0.7023410797119141
1771525763396902100,32.35090209960938,0.19787955284118652,-1.9473686218261719,0.48184341192245483
1771525763406904800,32.36090478515625,-0.23716390132904053,-2.1572461128234863,0.17429350316524506
1771525763416907300,32.3709072265625,-0.5548076629638672,-2.2950997352600098,-0.03326010704040527
1771525763426910000,32.380909912109374,-0.8445416688919067,-2.3844523429870605,-0.2299576997756958
1771525763436912400,32.390912353515624,-0.7748126983642578,-2.425048351287842,-0.519256591796875
1771525763446915000,32.4009150390625,-0.329714298248291,-2.5179824829101562,-0.5732513666152954
1771525763456917500,32.41091748046875,0.02253854274749756,-2.6069631576538086,-0.4007572531700134
1771525763466920200,32.42092016601563,-0.0945655107498169,-2.6825103759765625,-0.17209303379058838
1771525763476922600,32.43092260742188,-0.001795649528503418,-2.782712936401367,-0.03277468681335449
1771525763486925300,32.44092529296875,-0.012444257736206055,-2.8267440795898438,0.19059082865715027
1771525763496927700,32.450927734375,-0.2654367685317993,-2.719022750854492,0.3311706483364105
1771525763506930400,32.46093041992187,-0.5925213098526001,-2.530684471130371,0.42748937010765076
1771525763516932900,32.47093286132812,-0.7964001893997192,-2.2755532264709473,0.5707822442054749
1771525763526935600,32.480935546875,-0.750316858291626,-1.9677743911743164,0.4743872582912445
1771525763536938000,32.49093798828125,-0.7085311412811279,-1.6026859283447266,0.39591217041015625
1771525763546940400,32.5009404296875,-0.7121297121047974,-1.2325477600097656,0.27612394094467163
1771525763556943000,32.510943115234376,-0.6536849737167358,-0.8379116058349609,0.11322751641273499
1771525763566945500,32.520945556640626,-0.29855024814605713,-0.46192455291748047,0.09435045719146729
1771525763576948200,32.5309482421875,0.15032756328582764,-0.057331085205078125,0.19548392295837402
1771525763586950700,32.54095068359375,0.4763528108596802,0.38478755950927734,0.22123508155345917
1771525763596953300,32.55095336914062,0.5608136653900146,0.8070669174194336,0.2979373335838318
1771525763606955800,32.56095581054687,0.6912246942520142,1.1809663772583008,0.3086891174316406
1771525763616958500,32.57095849609375,0.6784360408782959,1.501504898071289,0.25533002614974976
1771525763626961000,32.5809609375,0.5195239782333374,1.8841161727905273,0.26271283626556396
1771525763646966000,32.600966064453125,1.3190786838531494,2.224498748779297,0.07909733057022095
1771525763656968700,32.61096875,1.559587001800537,2.343062400817871,-0.037308454513549805
1771525763666971100,32.62097119140625,1.4558417797088623,2.531001091003418,-0.2239742875099182
1771525763676973800,32.63097387695313,0.9578442573547363,2.7257003784179688,-0.4503900110721588
1771525763686976300,32.64097631835938,-0.25648558139801025,2.980319023132324,-0.14309999346733093
1771525763696979000,32.65097900390625,-1.8400850296020508,3.0777902603149414,0.16737039387226105
1771525763706981400,32.6609814453125,-2.5893945693969727,3.0504608154296875,0.09976425766944885
1771525763716983800,32.67098388671875,-2.060603141784668,2.9146623611450195,-0.05175948143005371
1771525763726986500,32.680986572265624,-0.5289661884307861,2.5645980834960938,-0.48916947841644287
1771525763736989000,32.690989013671874,1.3908741474151611,2.007523536682129,-0.9342733025550842
1771525763746991600,32.70099169921875,2.8606739044189453,1.4882822036743164,-0.9632575511932373
1771525763756994000,32.710994140625,3.1463446617126465,1.0998525619506836,-0.4542144536972046
1771525763766996700,32.72099682617188,2.218437910079956,0.8320350646972656,0.25892549753189087
1771525763776999200,32.73099926757813,1.0233094692230225,0.5657835006713867,0.6203749179840088
1771525763787001900,32.741001953125,-0.6214197874069214,0.5367641448974609,0.5398163199424744
1771525763797004300,32.75100439453125,-1.9952821731567383,0.5275697708129883,0.17144891619682312
1771525763807007000,32.76100708007812,-2.739257335662842,0.5592756271362305,-0.41486117243766785
1771525763817009400,32.77100952148437,-2.739776611328125,0.542088508605957,-1.1361733675003052
1771525763827012000,32.78101220703125,-2.1879971027374268,0.48516845703125,-1.8012830018997192
1771525763837014500,32.7910146484375,-1.4074255228042603,0.42610645294189453,-2.237016439437866
1771525763847017000,32.801016845703124,-0.25177597999572754,0.2874612808227539,-2.5858423709869385
1771525763857019400,32.811019287109374,1.022862195968628,0.17702865600585938,-2.579669237136841
1771525763887027000,32.84102685546875,2.400562286376953,-0.4568767547607422,-0.9634933471679688
1771525763897029400,32.851029296875,1.7191812992095947,-0.7672853469848633,-0.29596656560897827
1771525763907032000,32.86103198242188,0.6398088932037354,-1.1085376739501953,0.18020930886268616
1771525763917034500,32.87103442382813,-0.24859237670898438,-1.5257139205932617,0.5035045146942139
1771525763927037000,32.88103686523438,-0.9694164991378784,-1.8743009567260742,0.7167646884918213
1771525763937039600,32.89103955078125,-1.5027846097946167,-2.1106791496276855,0.7368621826171875
1771525763947042000,32.9010419921875,-1.6396161317825317,-2.2303528785705566,0.6819429397583008
1771525763967047000,32.921046875,-1.6072522401809692,-2.261565685272217,0.7706151008605957
1771525763977049600,32.931049560546874,-1.4115155935287476,-2.212341785430908,0.8165162801742554
1771525763987052000,32.941052001953125,-1.2309772968292236,-2.1297574043273926,0.74161696434021
1771525763997054500,32.951054443359375,-1.0572121143341064,-2.061418056488037,0.6455882787704468
1771525764007057000,32.961056884765625,-0.9421429634094238,-1.9692397117614746,0.7719358205795288
1771525764017059600,32.9710595703125,-0.823405385017395,-1.8293724060058594,0.8917442560195923
1771525764027062000,32.98106201171875,-0.595800518989563,-1.661107063293457,0.760810136795044
1771525764037064400,32.991064453125,-0.3824230432510376,-1.4171295166015625,0.7467185258865356
1771525764047067000,33.00106689453125,-0.3681119680404663,-1.1456823348999023,0.7974233031272888
1771525764057069600,33.01106958007812,-0.5876468420028687,-0.8845624923706055,0.750469982624054
1771525764067072000,33.02107202148437,-0.7377668619155884,-0.6425590515136719,0.5866326689720154
1771525764077074400,33.03107446289062,-0.7274106740951538,-0.39104366302490234,0.5075038075447083
1771525764087077000,33.0410771484375,-0.7289146184921265,-0.08223628997802734,0.6857783794403076
1771525764097079600,33.05107958984375,-0.5933585166931152,0.2406139373779297,0.7311804294586182
1771525764107082000,33.06108203125,-0.3764665126800537,0.6200017929077148,0.6398682594299316
1771525764117084400,33.07108447265625,-0.2407827377319336,1.0796804428100586,0.6808363199234009
1771525764127087000,33.081087158203125,0.1185603141784668,1.528975486755371,0.5927020907402039
1771525764137089500,33.091089599609376,0.5109131336212158,1.9580955505371094,0.31813302636146545
1771525764147092000,33.101092041015626,0.7655253410339355,2.333296775817871,0.047554969787597656
1771525764157094400,33.111094482421876,0.8407771587371826,2.578035354614258,-0.25284865498542786
1771525764167097000,33.12109716796875,0.8287391662597656,2.7258424758911133,-0.5504657030105591
1771525764177099500,33.131099609375,0.45253872871398926,2.8581199645996094,-0.718687891960144
1771525764187102000,33.14110205078125,-0.3770197629928589,3.0044937133789062,-0.47305938601493835
1771525764197104400,33.1511044921875,-1.4412617683410645,3.0471582412719727,0.10056152939796448
1771525764207107000,33.16110717773437,-2.0466420650482178,3.0601987838745117,0.49325916171073914
1771525764217109500,33.17110961914062,-1.6224466562271118,3.0451831817626953,0.5833468437194824
1771525764227112000,33.18111181640625,-0.09729409217834473,2.8632421493530273,0.20202477276325226
1771525764237114600,33.19111450195312,1.729524850845337,2.5458431243896484,-0.37138989567756653
1771525764247117000,33.201116943359374,3.3192710876464844,2.061957359313965,-0.647170901298523
1771525764257119500,33.211119384765624,4.7935285568237305,1.5368976593017578,-0.6913873553276062
1771525764267122000,33.221121826171874,4.977879524230957,1.2008514404296875,-0.36736658215522766
1771525764277124600,33.23112451171875,3.332069158554077,1.0339670181274414,0.33018532395362854
1771525764287127000,33.241126953125,0.7417800426483154,0.820744514465332,0.5558254718780518
1771525764297129500,33.25112939453125,-1.070163607597351,0.6520795822143555,0.2441941201686859
1771525764307132000,33.2611318359375,-2.2091362476348877,0.4496498107910156,-0.18022939562797546
1771525764317134600,33.27113452148438,-2.566128730773926,0.19141864776611328,-0.6495010852813721
1771525764327137000,33.28113696289063,-2.085062265396118,-0.16588497161865234,-0.8102123737335205
1771525764337139500,33.29113940429688,-1.1358734369277954,-0.4666614532470703,-0.5189439058303833
1771525764347142000,33.30114184570313,-0.28854918479919434,-0.7083606719970703,-0.222558856010437
1771525764357144600,33.31114453125,0.34717297554016113,-1.0354604721069336,0.0007089674472808838
1771525764367147000,33.32114697265625,1.0245857238769531,-1.420109748840332,0.14964896440505981
1771525764377149400,33.3311494140625,1.414297103881836,-1.758392333984375,0.2741084694862366
1771525764387152000,33.34115185546875,1.346752643585205,-2.0270676612854004,0.16382521390914917
1771525764397154600,33.351154541015624,1.1167662143707275,-2.24965238571167,0.01326608657836914
1771525764407157000,33.361156982421875,0.6855978965759277,-2.38785982131958,-0.006732851266860962
1771525764417159400,33.371159423828125,0.2074296474456787,-2.5173330307006836,-0.11782902479171753
1771525764427162000,33.381162109375,-0.029863834381103516,-2.5893630981445312,-0.27225053310394287
1771525764437164500,33.39116455078125,-0.01714944839477539,-2.651923179626465,-0.32683420181274414
1771525764447167000,33.4011669921875,0.007283210754394531,-2.695868492126465,-0.33090245723724365
1771525764457169700,33.41116967773438,-0.12444782257080078,-2.7116098403930664,-0.3433282971382141
1771525764467172000,33.42117211914063,-0.21773457527160645,-2.74660587310791,-0.35513681173324585
1771525764477174800,33.4311748046875,-0.18646717071533203,-2.767449378967285,-0.2516931891441345
1771525764487177200,33.44117724609375,-0.10104489326477051,-2.726834297180176,-0.14332586526870728
1771525764497180000,33.451179931640624,-0.09918808937072754,-2.6585540771484375,0.10890638828277588
1771525764507182300,33.461182373046874,-0.05688166618347168,-2.576817512512207,0.3052082657814026
1771525764517185000,33.47118505859375,-0.1607530117034912,-2.462386131286621,0.4995797872543335
1771525764527187500,33.4811875,-0.2482452392578125,-2.2291693687438965,0.6892400979995728
1771525764537190100,33.49119018554688,-0.41728830337524414,-1.8529939651489258,0.9074987173080444
1771525764557195000,33.51119506835938,-0.5513629913330078,-0.9059762954711914,0.9608215689659119
1771525764567197700,33.52119775390625,-0.4994910955429077,-0.4399442672729492,0.7776207327842712
1771525764577200000,33.5312001953125,-0.25214672088623047,-0.03612804412841797,0.5679851174354553
1771525764587202800,33.54120288085937,0.1395399570465088,0.3575773239135742,0.5256243944168091
1771525764597205200,33.55120532226562,0.2616398334503174,0.7646160125732422,0.587804913520813
1771525764607208000,33.5612080078125,0.14882802963256836,1.1037559509277344,0.7180002927780151
1771525764617210400,33.57121044921875,-0.08006787300109863,1.4233417510986328,0.8657834529876709
1771525764637215500,33.59121557617188,-0.07244300842285156,2.024433135986328,0.7473335266113281
1771525764647218200,33.60121826171875,0.2159273624420166,2.2392940521240234,0.5952354669570923
1771525764657220600,33.611220703125,0.6876437664031982,2.406527519226074,0.17447102069854736
1771525764667223300,33.62122338867187,1.076068639755249,2.5448551177978516,-0.20352080464363098
1771525764677225700,33.63122583007812,1.2689220905303955,2.6346311569213867,-0.2979803681373596
1771525764687228400,33.641228515625,1.016787052154541,2.742124557495117,-0.013463407754898071
1771525764697230800,33.65123095703125,0.1534745693206787,2.9486875534057617,0.5814629793167114
1771525764707233300,33.6612333984375,-1.1641329526901245,3.126964569091797,1.0808391571044922
1771525764717236000,33.671236083984375,-1.9283661842346191,3.1363229751586914,1.1571776866912842
1771525764727238400,33.68123828125,-1.9290066957473755,3.1080055236816406,1.0524215698242188
1771525764737241000,33.691240966796876,-0.7339547872543335,2.8703794479370117,0.41897326707839966
1771525764747243500,33.701243408203126,0.9139981269836426,2.3929882049560547,-0.3698071837425232
1771525764757246200,33.71124609375,2.674736499786377,1.9355669021606445,-0.8106881380081177
1771525764767248600,33.72124853515625,3.406830072402954,1.546717643737793,-0.6839193105697632
1771525764777251300,33.73125122070312,2.8799941539764404,1.1768159866333008,-0.12869280576705933
1771525764787253800,33.74125366210937,1.5063652992248535,0.8406887054443359,0.14667539298534393
1771525764797256400,33.75125634765625,-0.23361730575561523,0.6219329833984375,0.009803563356399536
1771525764807259000,33.7612587890625,-1.6876081228256226,0.39467716217041016,-0.4719187021255493
1771525764817261600,33.771261474609375,-2.4792990684509277,0.1900787353515625,-1.1321310997009277
1771525764827264000,33.781263916015625,-2.6286556720733643,0.004184722900390625,-1.5896620750427246
1771525764837266400,33.791266357421875,-2.21250581741333,-0.2350759506225586,-1.6853079795837402
1771525764847268900,33.801268798828126,-1.2812763452529907,-0.4962329864501953,-1.5517401695251465
1771525764857271600,33.811271484375,-0.41155552864074707,-0.6665372848510742,-1.6178760528564453
1771525764867274000,33.82127392578125,0.4048287868499756,-0.8761215209960938,-1.4727399349212646
1771525764877276400,33.8312763671875,0.9811685085296631,-1.0974483489990234,-1.2073655128479004
1771525764887279000,33.84127905273437,1.142003059387207,-1.3689842224121094,-0.8992320895195007
1771525764897281500,33.85128149414062,1.0304560661315918,-1.5612812042236328,-0.5335334539413452
1771525764907284000,33.86128393554687,0.9051475524902344,-1.7365856170654297,-0.08129161596298218
1771525764917286400,33.87128637695312,0.5219812393188477,-1.8755621910095215,0.2194133698940277
1771525764927289000,33.8812890625,-0.055284976959228516,-1.9580883979797363,0.3494521975517273
1771525764937291500,33.89129150390625,-0.6357104778289795,-2.0544257164001465,0.4235643148422241
1771525764947294000,33.9012939453125,-1.0544265508651733,-2.1066527366638184,0.3596894145011902
1771525764957296400,33.91129638671875,-1.3416752815246582,-2.1386218070983887,0.24219727516174316
1771525764967299000,33.921299072265626,-1.3735682964324951,-2.13151216506958,0.16464191675186157
1771525764977301500,33.931301513671876,-1.3121905326843262,-2.081092357635498,0.006018161773681641
1771525764987304000,33.941303955078126,-1.2902119159698486,-1.9641404151916504,0.008485734462738037
1771525764997306400,33.95130639648438,-1.2446715831756592,-1.8908238410949707,0.13454687595367432
1771525765007309000,33.96130908203125,-1.247565746307373,-1.7272415161132812,0.22634929418563843
1771525765017311500,33.9713115234375,-1.2233045101165771,-1.554642677307129,0.46500805020332336
1771525765027314000,33.98131396484375,-1.0158636569976807,-1.3773632049560547,0.5836483240127563
1771525765037316400,33.99131640625,-0.6855044364929199,-1.1817083358764648,0.7350741624832153
1771525765047319000,34.00131909179687,-0.516572117805481,-0.9729642868041992,0.9400359988212585
1771525765057321500,34.01132153320312,-0.3918886184692383,-0.8183202743530273,0.961952805519104
1771525765067324000,34.02132397460937,-0.3102242946624756,-0.6365518569946289,0.8839355707168579
1771525765077326600,34.03132666015625,-0.29638588428497314,-0.40848350524902344,0.6568219661712646
1771525765087329000,34.0413291015625,-0.303539514541626,-0.20095539093017578,0.2983522415161133
1771525765097331500,34.05133154296875,-0.3648160696029663,-0.014063835144042969,-0.006355583667755127
1771525765107334000,34.061333984375,-0.5047438144683838,0.21451187133789062,-0.17220836877822876
1771525765117336600,34.07133666992188,-0.7913552522659302,0.5520076751708984,-0.16973882913589478
1771525765127339000,34.08133911132813,-1.1095962524414062,0.8322277069091797,-0.09297341108322144
1771525765137341400,34.09134155273438,-1.0422090291976929,1.1898460388183594,-0.09327799081802368
1771525765147344000,34.10134375,-0.8166787624359131,1.5200347900390625,-0.13128811120986938
1771525765157346600,34.1113466796875,-0.4571002721786499,1.8133220672607422,-0.21489620208740234
1771525765167349000,34.12134887695313,0.020924091339111328,2.040350914001465,-0.40005260705947876
1771525765177351400,34.13135131835938,0.5784525871276855,2.224179267883301,-0.7012923955917358
1771525765187353900,34.14135375976562,0.908843994140625,2.4259891510009766,-0.9294422268867493
1771525765197356500,34.1513564453125,0.6707642078399658,2.5878047943115234,-0.9492644667625427
1771525765207359000,34.16135888671875,-0.3051156997680664,2.7247753143310547,-0.571394145488739
1771525765217361400,34.171361328125,-1.3771222829818726,2.758040428161621,0.006091117858886719
1771525765227364000,34.181364013671875,-1.9673480987548828,2.7667226791381836,0.36973583698272705
1771525765237366500,34.191366455078125,-1.6077227592468262,2.69534969329834,0.1285436451435089
1771525765247369000,34.201368896484375,0.05010080337524414,2.352693557739258,-0.4088313579559326
1771525765257371400,34.211371337890625,1.8943753242492676,1.8893671035766602,-0.9401582479476929
1771525765267374000,34.2213740234375,3.4127161502838135,1.3265142440795898,-1.2197626829147339
1771525765277376500,34.23137646484375,4.51414155960083,0.9764556884765625,-0.9363405704498291
1771525765287379000,34.24137890625,4.714911937713623,0.873866081237793,-0.3687984049320221
1771525765297381400,34.25138134765625,3.514955520629883,0.8750476837158203,0.1202026903629303
1771525765307384000,34.26138403320312,1.513054609298706,0.8346385955810547,0.2723553776741028
1771525765317386500,34.27138647460937,-0.15303254127502441,0.6897220611572266,0.07413908839225769
1771525765327389000,34.28138891601562,-1.2686443328857422,0.5582008361816406,-0.25131863355636597
1771525765337391400,34.29139135742187,-1.7296357154846191,0.24112701416015625,-0.6306372284889221
1771525765347394000,34.30139404296875,-1.308405876159668,-0.14197826385498047,-0.9457345604896545
1771525765357396500,34.311396484375,-0.4653787612915039,-0.4929838180541992,-0.8439734578132629
1771525765367399000,34.32139892578125,0.16794085502624512,-0.8140592575073242,-0.6289682388305664
1771525765377401600,34.331401611328126,0.5838179588317871,-1.1448278427124023,-0.264576256275177
1771525765387404000,34.341404052734376,0.7433443069458008,-1.5099639892578125,0.079353928565979
1771525765397406500,34.351406494140626,0.668365478515625,-1.87640380859375,0.36734622716903687
1771525765407409000,34.361408935546876,0.4521031379699707,-2.215970516204834,0.505460798740387
1771525765417411600,34.37141162109375,0.021807432174682617,-2.466366767883301,0.502677857875824
1771525765427414000,34.3814140625,-0.45062780380249023,-2.5883493423461914,0.4715840518474579
1771525765437416400,34.39141650390625,-0.7256196737289429,-2.7245616912841797,0.5059665441513062
1771525765447419000,34.4014189453125,-0.6175293922424316,-2.784173011779785,0.41949886083602905
1771525765457421600,34.41142163085937,-0.44988203048706055,-2.758481979370117,0.39320889115333557
1771525765467424000,34.42142407226562,-0.3789985179901123,-2.676807403564453,0.4070727825164795
1771525765477426400,34.43142651367187,-0.30956172943115234,-2.548672676086426,0.3278510272502899
1771525765487428900,34.44142895507812,-0.2522706985473633,-2.402507781982422,0.2564583718776703
1771525765497431600,34.451431640625,-0.13045382499694824,-2.2813639640808105,0.30313748121261597
1771525765507434000,34.46143408203125,0.02747321128845215,-2.156550884246826,0.3680751323699951
1771525765517436400,34.4714365234375,0.16432857513427734,-2.0090060234069824,0.44173958897590637
1771525765527439000,34.481439208984376,0.19397497177124023,-1.8769288063049316,0.6099821925163269
1771525765537441500,34.49144165039063,0.07784748077392578,-1.7170372009277344,0.6586036086082458
1771525765547444000,34.50144384765625,-0.07600641250610352,-1.4762802124023438,0.6788623929023743
1771525765557446400,34.5114462890625,-0.04455089569091797,-1.192765235900879,0.6124404668807983
1771525765567449000,34.52144897460938,-0.18285608291625977,-0.7947149276733398,0.4973352551460266
1771525765577451500,34.53145141601563,-0.13109850883483887,-0.4535665512084961,0.3520489037036896
1771525765587454000,34.54145385742188,0.07688546180725098,-0.1072540283203125,0.24661821126937866
1771525765597456400,34.55145629882813,0.3526005744934082,0.26735687255859375,0.28004637360572815
1771525765607459000,34.561458984375,0.48345255851745605,0.6219329833984375,0.4342041313648224
1771525765617461500,34.57146142578125,0.5873599052429199,1.032491683959961,0.5019514560699463
1771525765647469000,34.601468994140625,0.2372269630432129,2.1608800888061523,0.35312801599502563
1771525765657471700,34.6114716796875,0.2769498825073242,2.3622665405273438,0.09776115417480469
1771525765667474200,34.62147412109375,0.5828983783721924,2.4487295150756836,-0.10103225708007812
1771525765677476900,34.63147680664063,0.7125098705291748,2.506011962890625,-0.08559811115264893
1771525765687479300,34.64147924804688,0.67984938621521,2.5583066940307617,0.07787522673606873
1771525765697481700,34.65148168945313,0.4809870719909668,2.6677322387695312,0.17133843898773193
1771525765707484400,34.661484375,0.1233370304107666,2.7573328018188477,0.39760148525238037
1771525765717486800,34.67148681640625,-0.7285873889923096,2.904033660888672,0.5720516443252563
1771525765727489500,34.68148950195312,-1.5056947469711304,2.971432685852051,0.5231694579124451
1771525765737492000,34.691491943359374,-1.3175206184387207,2.8275070190429688,0.06865701079368591
1771525765747494700,34.70149462890625,-0.44196414947509766,2.5678186416625977,-0.5549267530441284
1771525765757497000,34.7114970703125,0.673490047454834,2.158182144165039,-1.1680645942687988
1771525765767499800,34.72149975585938,1.9745256900787354,1.5155954360961914,-1.6862698793411255
1771525765777502200,34.73150219726563,2.6194517612457275,1.005232810974121,-1.6039563417434692
1771525765787505000,34.7415048828125,2.0517804622650146,0.6495695114135742,-0.8031929731369019
1771525765797507300,34.75150732421875,0.7189912796020508,0.33512115478515625,-0.09324556589126587
1771525765817512400,34.77151245117187,-1.9596755504608154,0.06116008758544922,0.10492762923240662
1771525765827515100,34.78151513671875,-2.602989673614502,-0.10006141662597656,-0.44336894154548645
1771525765837517600,34.791517578125,-2.5678741931915283,-0.25698184967041016,-0.8237908482551575
1771525765847520000,34.80152001953125,-1.9351487159729004,-0.37200164794921875,-1.1743870973587036
1771525765857522700,34.811522705078126,-0.9763494729995728,-0.5089826583862305,-1.463964581489563
1771525765867525000,34.821525146484376,-0.10496377944946289,-0.6075773239135742,-1.3632322549819946
1771525765877527800,34.83152783203125,0.5115997791290283,-0.7071056365966797,-1.0534087419509888
1771525765887530200,34.8415302734375,1.0825884342193604,-0.8751554489135742,-0.7427453994750977
1771525765897533000,34.85153295898437,1.4540600776672363,-1.0695009231567383,-0.43067556619644165
1771525765907535400,34.86153540039062,1.3548007011413574,-1.2521209716796875,-0.22331935167312622
1771525765917538000,34.8715380859375,1.0038771629333496,-1.4656133651733398,0.07486653327941895
1771525765927540500,34.88154052734375,0.4990103244781494,-1.6373310089111328,0.35984060168266296
1771525765937543200,34.891543212890625,-0.00115966796875,-1.8235845565795898,0.4983070492744446
1771525765947545600,34.901545654296875,-0.3738759756088257,-2.0000758171081543,0.557368278503418
1771525765957548300,34.91154833984375,-0.6064975261688232,-2.1378674507141113,0.5841302871704102
1771525765967550700,34.92155078125,-0.8053311109542847,-2.2273669242858887,0.5583981871604919
1771525765977553200,34.93155322265625,-0.8272836208343506,-2.283144474029541,0.4306758940219879
1771525765987555600,34.9415556640625,-0.8963977098464966,-2.310446262359619,0.3281485438346863
1771525765997558300,34.95155834960938,-1.1458269357681274,-2.266568660736084,0.2640150189399719
1771525766007560700,34.96156079101563,-1.5304646492004395,-2.1843934059143066,0.12382638454437256
1771525766017563100,34.97156323242187,-1.6884102821350098,-2.0780091285705566,0.19953405857086182
1771525766027565800,34.98156591796875,-1.710707187652588,-1.9427790641784668,0.29014164209365845
1771525766037568300,34.991568359375,-1.5881762504577637,-1.793074607849121,0.31491756439208984
1771525766047570700,35.00157080078125,-1.454601526260376,-1.6289958953857422,0.26948702335357666
1771525766057573000,35.01157299804687,-1.0745469331741333,-1.460423469543457,0.3549930453300476
1771525766067575800,35.021575927734375,-0.8050817251205444,-1.2256126403808594,0.45230787992477417
1771525766077578200,35.031578125,-0.6070020198822021,-0.9487543106079102,0.4086420238018036
1771525766087580700,35.04158056640625,-0.5039743185043335,-0.6251707077026367,0.2864460349082947
1771525766097583000,35.0515830078125,-0.4861413240432739,-0.31711673736572266,0.1617351770401001
1771525766107585800,35.061585693359376,-0.501670241355896,0.04729175567626953,0.08196556568145752
1771525766117588200,35.071588134765626,-0.6234085559844971,0.3917980194091797,0.1332065463066101
1771525766127590700,35.08159057617188,-0.5617399215698242,0.7265853881835938,0.21682262420654297
1771525766137593000,35.09159301757813,-0.3748602867126465,1.113992691040039,0.21064040064811707
1771525766147595800,35.101595703125,0.04669833183288574,1.4392623901367188,0.05294007062911987
1771525766157598200,35.11159814453125,0.5936427116394043,1.7787055969238281,-0.2035788893699646
1771525766167600600,35.1216005859375,1.212050199508667,2.0837135314941406,-0.3869372606277466
1771525766177603000,35.13160302734375,1.5420479774475098,2.3632240295410156,-0.5640959739685059
1771525766187605800,35.14160571289062,1.5463283061981201,2.583834648132324,-0.8160501718521118
1771525766197608200,35.15160815429687,1.2149555683135986,2.7936010360717773,-1.0301426649093628
1771525766207610600,35.161610595703124,0.3545715808868408,3.00264835357666,-0.7648755311965942
1771525766217613300,35.17161328125,-0.8445029258728027,3.088351249694824,-0.19100281596183777
1771525766227615700,35.18161572265625,-1.5657026767730713,3.0534658432006836,0.25678133964538574
1771525766237618200,35.1916181640625,-1.111938714981079,2.986154556274414,0.16896118223667145
1771525766247620600,35.20162060546875,0.7053694725036621,2.7516660690307617,-0.4966159462928772
1771525766257623300,35.21162329101563,2.583702802658081,2.3091659545898438,-0.7307501435279846
1771525766267625700,35.22162573242188,4.043329238891602,1.7806243896484375,-0.650483250617981
1771525766277628200,35.23162817382813,4.8740739822387695,1.3732995986938477,-0.3111480474472046
1771525766287630600,35.24163061523438,4.599411487579346,1.1706581115722656,0.37026476860046387
1771525766297633300,35.25163330078125,3.0781164169311523,1.0577926635742188,0.9195696115493774
1771525766307635700,35.2616357421875,0.7785031795501709,0.9086198806762695,1.0449557304382324
1771525766317638100,35.27163818359375,-0.9246464967727661,0.7846393585205078,0.48800384998321533
1771525766327640600,35.281640625,-1.9397556781768799,0.5832681655883789,-0.2418486773967743
1771525766337643300,35.291643310546874,-2.200025796890259,0.3300180435180664,-0.9198113679885864
1771525766347645700,35.301645751953124,-1.8213735818862915,0.01978778839111328,-1.2194647789001465
1771525766357648100,35.311648193359375,-1.110347032546997,-0.2768735885620117,-1.1999913454055786
1771525766367650800,35.32165087890625,-0.34688472747802734,-0.5519142150878906,-0.8006783723831177
1771525766377653200,35.3316533203125,0.4134383201599121,-0.8687591552734375,-0.2459201216697693
1771525766387655700,35.34165576171875,1.2387375831604004,-1.1712779998779297,0.0533221960067749
1771525766397658000,35.351658203125,1.839324712753296,-1.494607925415039,0.21433505415916443
1771525766407660800,35.36166088867188,1.9588499069213867,-1.8498125076293945,0.3627544045448303
1771525766417663200,35.37166333007813,1.3678908348083496,-2.1123785972595215,0.37870004773139954
1771525766427665700,35.38166577148438,0.5058412551879883,-2.4099087715148926,0.10214033722877502
1771525766437668000,35.39166821289062,-0.11159110069274902,-2.6167802810668945,-0.12512242794036865
1771525766447670800,35.4016708984375,-0.593549370765686,-2.7420406341552734,-0.20648321509361267
1771525766457673200,35.41167309570312,-0.8618780374526978,-2.833087921142578,-0.12042170763015747
1771525766467675600,35.42167553710937,-0.9305942058563232,-2.9522929191589355,0.038142383098602295
1771525766477678000,35.43167797851562,-0.8651629686355591,-2.980593204498291,0.10335859656333923
1771525766487680800,35.4416806640625,-0.7792376279830933,-2.942413806915283,0.2811601161956787
1771525766497683200,35.45168310546875,-0.7161061763763428,-2.899935245513916,0.476054847240448
1771525766507685600,35.461685546875,-0.5564013719558716,-2.8196964263916016,0.5878360867500305
1771525766517688300,35.471688232421876,-0.31870174407958984,-2.6445674896240234,0.9098720550537109
1771525766527690800,35.481690673828126,-0.2376558780670166,-2.3793654441833496,1.0325534343719482
1771525766537693200,35.491693115234376,0.11168313026428223,-2.12923002243042,1.1001193523406982
1771525766547695600,35.50169555664063,0.31908369064331055,-1.7750186920166016,1.1169657707214355
1771525766557698300,35.5116982421875,0.3552131652832031,-1.3167600631713867,0.9871902465820312
1771525766567700700,35.52170068359375,0.413769006729126,-0.8878307342529297,0.7830118536949158
1771525766577703200,35.531703125,0.5716722011566162,-0.37366771697998047,0.5043742656707764
1771525766587705600,35.54170556640625,0.6282691955566406,0.08209896087646484,0.23608434200286865
1771525766597708300,35.55170825195312,0.7591695785522461,0.5036754608154297,-0.11961215734481812
1771525766607710700,35.56171069335937,0.927483320236206,0.8523759841918945,-0.4465148448944092
1771525766617713200,35.57171313476562,0.7431354522705078,1.2233972549438477,-0.5556129217147827
1771525766627715600,35.581715576171874,0.44392871856689453,1.583725929260254,-0.4705357551574707
1771525766647720700,35.601720703125,0.26699042320251465,2.206981658935547,0.015544712543487549
1771525766657723100,35.61172314453125,0.14004802703857422,2.460923194885254,0.15794986486434937
1771525766667725800,35.62172583007813,0.13365840911865234,2.6387176513671875,0.1381622850894928
1771525766677728300,35.63172827148438,0.09438419342041016,2.7310590744018555,0.2432871162891388
1771525766687730700,35.64173071289063,0.03144717216491699,2.833780288696289,0.33471590280532837
1771525766697733000,35.65173315429688,-0.254142165184021,3.1241226196289062,0.48121437430381775
1771525766707735800,35.66173583984375,-0.6351721286773682,3.4492549896240234,0.7248083353042603
1771525766717738200,35.67173828125,-0.8880345821380615,3.623342514038086,1.0458506345748901
1771525766727740700,35.68174072265625,-0.7071974277496338,3.6863222122192383,0.8994583487510681
1771525766737743000,35.6917431640625,0.46718692779541016,3.3622026443481445,0.1754799783229828
1771525766747745800,35.701745849609374,2.365868330001831,2.6830625534057617,-0.49505236744880676
1771525766757748200,35.711748291015624,3.807241678237915,1.864790916442871,-0.8448600769042969
1771525766767750700,35.721750732421874,4.046413421630859,1.2193946838378906,-0.8604355454444885
1771525766777753000,35.731753173828125,3.1298749446868896,0.7115449905395508,-0.5189554691314697
1771525766787755800,35.741755859375,1.1673040390014648,0.39438533782958984,0.027956604957580566
1771525766797758200,35.75175830078125,-1.1393235921859741,0.17532920837402344,0.26450905203819275
1771525766807760600,35.7617607421875,-3.058472156524658,0.03881072998046875,0.17402848601341248
1771525766817763000,35.77176318359375,-4.446203708648682,-0.09352302551269531,-0.24929559230804443
1771525766827765800,35.78176586914063,-4.806645393371582,-0.23401927947998047,-0.9176908731460571
1771525766837768200,35.79176831054688,-4.291906356811523,-0.31584930419921875,-1.6576216220855713
1771525766847770600,35.8017705078125,-3.2340331077575684,-0.5458965301513672,-2.1317648887634277
1771525766857773300,35.81177319335937,-2.069521903991699,-0.7539892196655273,-2.322603940963745
1771525766867775700,35.82177563476562,-1.0695714950561523,-0.8602924346923828,-2.052011251449585
1771525766877778200,35.83177807617187,0.029395103454589844,-0.9616613388061523,-1.4842875003814697
1771525766887780600,35.84178051757812,1.031909704208374,-1.078512191772461,-1.142726182937622
1771525766897783300,35.851783203125,1.7056267261505127,-1.1981964111328125,-0.7478935718536377
1771525766907785700,35.86178564453125,1.8259820938110352,-1.3600807189941406,-0.2649841904640198
1771525766917788200,35.8717880859375,1.4876658916473389,-1.5061731338500977,0.05871462821960449
1771525766927790600,35.88179052734375,1.0430924892425537,-1.7361774444580078,0.18637922406196594
1771525766937793300,35.891793212890626,0.5907032489776611,-1.925248622894287,0.11595648527145386
1771525766947795700,35.901795654296876,0.046738624572753906,-2.0394482612609863,0.19428139925003052
1771525766957798100,35.911798095703126,-0.5781741142272949,-2.178192615509033,0.3532381057739258
1771525766967800600,35.92180053710938,-1.0730334520339966,-2.254392147064209,0.27596315741539
1771525766977803300,35.93180322265625,-1.2964388132095337,-2.1914944648742676,0.2384929060935974
1771525766987805700,35.9418056640625,-1.4308255910873413,-2.2524991035461426,0.16924643516540527
1771525766997808000,35.95180810546875,-1.6260608434677124,-2.054666042327881,0.39218348264694214
1771525767007810800,35.96181079101562,-1.6697001457214355,-1.9659199714660645,0.20246487855911255
1771525767017813200,35.97181323242187,-1.379149317741394,-1.8479580879211426,0.0348963737487793
1771525767027815700,35.98181567382812,-1.1816049814224243,-1.6683015823364258,0.10492074489593506
1771525767037818000,35.99181811523437,-1.2618927955627441,-1.4273185729980469,0.19814497232437134
1771525767047820800,36.00182080078125,-1.1383205652236938,-1.2010326385498047,0.17322587966918945
1771525767057823200,36.0118232421875,-0.8617851734161377,-0.9327030181884766,0.18236052989959717
1771525767067825700,36.02182568359375,-0.6938251256942749,-0.7040786743164062,0.0907524824142456
1771525767077828000,36.031828125,-0.4527559280395508,-0.4480409622192383,-0.042948126792907715
1771525767087830800,36.04183081054688,-0.20927953720092773,-0.21268272399902344,-0.15676230192184448
1771525767097833200,36.05183325195313,-0.06727075576782227,-0.041179656982421875,-0.15496206283569336
1771525767107835600,36.06183569335938,-0.08999514579772949,0.09460067749023438,-0.06459486484527588
1771525767117838000,36.07183813476563,-0.4064544439315796,0.23803043365478516,0.0635162889957428
1771525767127840800,36.0818408203125,-0.722524881362915,0.43767452239990234,0.096952885389328
1771525767137843200,36.09184326171875,-0.922003984451294,0.6750869750976562,0.0688442587852478
1771525767147845600,36.101845703125,-0.9658948183059692,0.9987850189208984,-0.01253122091293335
1771525767157848300,36.11184838867187,-0.8675315380096436,1.3424501419067383,0.009831130504608154
1771525767167850800,36.121850830078124,-0.49890053272247314,1.6106195449829102,0.04989568889141083
1771525767177853200,36.131853271484374,0.1273493766784668,1.7742786407470703,0.16645145416259766
1771525767187855600,36.141855712890624,0.6661911010742188,1.9377641677856445,0.312919020652771
1771525767197858300,36.1518583984375,1.0111207962036133,2.019144058227539,0.2513357698917389
1771525767207860700,36.16186083984375,1.1597955226898193,2.065919876098633,0.11056864261627197
1771525767217863400,36.17186352539063,0.8650193214416504,2.1831064224243164,0.08918553590774536
1771525767227865900,36.18186596679688,-0.10421872138977051,2.3807754516601562,0.371608704328537
1771525767237868500,36.19186865234375,-1.4494379758834839,2.5986318588256836,0.9169723391532898
1771525767247871000,36.20187109375,-2.260685920715332,2.758129119873047,1.0982089042663574
1771525767257873700,36.21187377929687,-2.1127357482910156,2.8467321395874023,0.8637630939483643
1771525767287881200,36.241881103515624,3.6526105403900146,1.733647346496582,-0.9487960338592529
1771525767297883600,36.251883544921874,5.481836318969727,1.206796646118164,-1.2842068672180176
1771525767307886300,36.26188623046875,5.822659492492676,0.863978385925293,-0.9114580154418945
1771525767317888800,36.271888671875,4.4365553855896,0.6990642547607422,-0.2617543935775757
1771525767327891500,36.28189135742188,1.9200849533081055,0.6099090576171875,-0.08787427842617035
1771525767337894000,36.29189379882813,-0.08018827438354492,0.6440019607543945,-0.4941035211086273
1771525767347896600,36.301896484375,-1.5757248401641846,0.642425537109375,-1.0550296306610107
1771525767357899000,36.31189892578125,-2.2061879634857178,0.5315389633178711,-1.9081172943115234
1771525767367901700,36.32190161132812,-1.995312213897705,0.31707286834716797,-2.4090466499328613
1771525767377904000,36.33190405273437,-1.2358736991882324,0.0410919189453125,-2.4501068592071533
1771525767387906800,36.34190673828125,-0.4654492139816284,-0.17392635345458984,-2.1607506275177
1771525767397909200,36.3519091796875,0.08862781524658203,-0.4204721450805664,-1.469598650932312
1771525767407912000,36.361911865234376,0.6323518753051758,-0.6185197830200195,-0.7859926819801331
1771525767417914400,36.371914306640626,1.0594987869262695,-0.8838462829589844,-0.3436678349971771
1771525767427917000,36.3819169921875,1.4080479145050049,-1.16497802734375,-0.0051633864641189575
1771525767437919500,36.39191943359375,1.5060045719146729,-1.4966402053833008,0.1699731945991516
1771525767447922200,36.40192211914062,1.2449593544006348,-1.7404584884643555,-0.01012369990348816
1771525767457924600,36.41192456054687,0.7996001243591309,-1.9149179458618164,-0.29066717624664307
1771525767467927000,36.42192700195312,0.24619531631469727,-2.0951123237609863,-0.445956289768219
1771525767477929700,36.4319296875,-0.14177846908569336,-2.20357084274292,-0.5255936980247498
1771525767487932200,36.44193212890625,-0.4395115375518799,-2.301760196685791,-0.5777217745780945
1771525767497934600,36.4519345703125,-0.4588124752044678,-2.269629955291748,-0.6409009099006653
1771525767507937300,36.461937255859375,-0.21857881546020508,-2.322683811187744,-0.6441883444786072
1771525767517939700,36.471939697265626,0.06860899925231934,-2.2847695350646973,-0.5869027376174927
1771525767527942100,36.481942138671876,0.37708401679992676,-2.2619986534118652,-0.5254276990890503
1771525767537944800,36.49194482421875,0.460345983505249,-2.235708713531494,-0.49826353788375854
1771525767547947300,36.501947265625,0.45170044898986816,-2.1913094520568848,-0.5534290075302124
1771525767557949700,36.51194970703125,0.5225334167480469,-2.1668343544006348,-0.514863133430481
1771525767567952100,36.5219521484375,0.563521146774292,-2.1719393730163574,-0.3987065851688385
1771525767577954800,36.53195483398437,0.3394918441772461,-2.0056204795837402,-0.2102234959602356
1771525767587957200,36.54195727539062,0.016036033630371094,-1.8683643341064453,0.07619401067495346
1771525767597959700,36.55195971679687,-0.24483108520507812,-1.6309967041015625,0.35225367546081543
1771525767607962000,36.56196215820312,-0.5156574249267578,-1.3891429901123047,0.4436202347278595
1771525767617964800,36.57196484375,-0.7258919477462769,-1.0947904586791992,0.29255467653274536
1771525767627967200,36.58196728515625,-0.8341131210327148,-0.7572898864746094,0.13637493550777435
1771525767647972000,36.60197216796875,-0.6368693113327026,-0.05803108215332031,-0.04825637489557266
1771525767657974800,36.611974853515626,-0.40991151332855225,0.2610015869140625,-0.07396070659160614
1771525767667977200,36.62197729492188,-0.16849994659423828,0.5563392639160156,-0.0259493887424469
1771525767677979600,36.63197973632813,0.23222780227661133,0.7560138702392578,0.025474339723587036
1771525767687982000,36.64198217773438,0.4396204948425293,0.9746255874633789,0.04258503019809723
1771525767697984800,36.65198486328125,0.808624267578125,1.1832427978515625,-0.0223492830991745
1771525767707987200,36.6619873046875,1.0138657093048096,1.315108299255371,0.029520481824874878
1771525767717989600,36.67198974609375,1.1566524505615234,1.4132871627807617,0.11661507189273834
1771525767727992300,36.68199243164062,1.209066390991211,1.4347143173217773,0.2740967869758606
1771525767737994800,36.69199487304687,1.3297374248504639,1.5083303451538086,0.20230579376220703
1771525767747997200,36.7019970703125,1.237241506576538,1.5526847839355469,0.36960646510124207
1771525767757999600,36.71199951171875,1.0911076068878174,1.6152191162109375,0.46246010065078735
1771525767768002300,36.722002197265624,0.669208288192749,1.7478694915771484,0.49650439620018005
1771525767778004700,36.732004638671874,-0.11247611045837402,1.8843879699707031,0.5911338925361633
1771525767788007200,36.742007080078125,-0.8348594903945923,1.9498348236083984,0.513749897480011
1771525767798009600,36.752009521484375,-1.161125898361206,1.8933744430541992,0.2649678587913513
1771525767808012300,36.76201220703125,-0.9432845115661621,1.6923637390136719,-0.1802109032869339
1771525767818014700,36.7720146484375,-0.4079521894454956,1.533940315246582,-0.7936245203018188
1771525767828017200,36.78201708984375,0.2827310562133789,1.2737398147583008,-1.1027846336364746
1771525767838019600,36.79201953125,0.38971924781799316,0.9488954544067383,-0.8753641843795776
1771525767848022300,36.80202221679688,0.3717033863067627,0.9074220657348633,-0.7985494136810303
1771525767858024700,36.81202465820313,0.0482943058013916,0.6848974227905273,-0.866549015045166
1771525767878029800,36.83202978515625,-0.771246075630188,0.8741359710693359,-0.7771970629692078
1771525767888032300,36.8420322265625,-1.2459725141525269,0.7218198776245117,-0.9746006727218628
1771525767898034700,36.85203466796875,-1.3301399946212769,0.53814697265625,-1.2352240085601807
1771525767908037000,36.862037109375,-0.9813113212585449,0.6848955154418945,-1.879257082939148
1771525767918039800,36.872039794921875,-0.899960994720459,0.9985561370849609,-2.455631971359253
1771525767928042200,36.882042236328125,-0.742743730545044,1.0064811706542969,-2.8123879432678223
1771525767938044700,36.892044677734376,0.030215978622436523,0.6188192367553711,-2.8357150554656982
1771525767948047000,36.902047119140626,0.44754624366760254,0.47036075592041016,-2.8699803352355957
1771525767958049800,36.9120498046875,0.9499979019165039,0.45984745025634766,-2.8553245067596436
1771525767968052200,36.92205224609375,1.8244388103485107,0.14571189880371094,-2.434753656387329
1771525767978054700,36.9320546875,2.204157590866089,0.0718536376953125,-1.9860620498657227
1771525767988057000,36.94205712890625,2.4366490840911865,0.04075813293457031,-1.6597826480865479
1771525767998059800,36.95205981445312,2.5038652420043945,-0.14415836334228516,-1.0674968957901
1771525768008062200,36.96206225585937,2.522855758666992,-0.4452800750732422,-0.3429095149040222
1771525768018064600,36.97206469726562,1.907170295715332,-0.6797170639038086,0.07559171319007874
1771525768028067300,36.9820673828125,1.3477165699005127,-0.7508373260498047,0.04168161749839783
1771525768038069800,36.99206982421875,0.7276372909545898,-1.0209016799926758,-0.14146073162555695
1771525768048072200,37.002072265625,0.10483884811401367,-1.2105741500854492,-0.41803455352783203
1771525768058074600,37.01207470703125,-0.4874539375305176,-1.294158935546875,-0.7223116159439087
1771525768068077300,37.022077392578126,-0.9586479663848877,-1.4804191589355469,-1.0107091665267944
1771525768078079700,37.032079833984376,-1.2940677404403687,-1.4574127197265625,-1.3884673118591309
1771525768088082200,37.04208227539063,-1.5979583263397217,-1.3824119567871094,-1.4451345205307007
1771525768098084600,37.05208471679688,-1.7739362716674805,-1.5460786819458008,-1.3060003519058228
1771525768108087300,37.06208740234375,-1.6945663690567017,-1.4509429931640625,-1.3204376697540283
1771525768118089700,37.07208984375,-1.3564910888671875,-1.4141874313354492,-1.3169273138046265
1771525768128092200,37.08209204101563,-0.9181215763092041,-1.4322690963745117,-1.1941980123519897
1771525768138094600,37.09209448242188,-0.5706911087036133,-1.3583755493164062,-0.9347233772277832
1771525768148097300,37.10209716796875,-0.1430366039276123,-1.2081413269042969,-0.7828079462051392
1771525768158099700,37.112099609375,0.18391942977905273,-0.9404373168945312,-0.6776413917541504
1771525768168102100,37.12210205078125,0.2877490520477295,-0.7853097915649414,-0.6026800274848938
1771525768178104800,37.132104736328124,0.29685354232788086,-0.5367908477783203,-0.5975549221038818
1771525768188107300,37.142107177734374,0.13610601425170898,-0.3277406692504883,-0.5492489337921143
1771525768198109700,37.152109619140624,0.12234187126159668,-0.2190561294555664,-0.6313251256942749
1771525768208112000,37.162112060546875,0.39463019371032715,-0.14391231536865234,-0.7914333343505859
1771525768218114800,37.17211474609375,0.5879514217376709,-0.031683921813964844,-0.8488976955413818
1771525768228117200,37.1821171875,0.5904684066772461,0.12625789642333984,-0.871167778968811
1771525768238119700,37.19211962890625,0.36444973945617676,0.2677125930786133,-0.9147425293922424
1771525768248122000,37.2021220703125,0.14783096313476562,0.37410831451416016,-1.049399733543396
1771525768258124800,37.21212475585938,-0.04717397689819336,0.5465154647827148,-1.14960515499115
1771525768268127200,37.22212719726563,-0.20052218437194824,0.7892208099365234,-1.3079886436462402
1771525768278129700,37.23212963867188,-0.2454540729522705,0.7357368469238281,-1.458350658416748
1771525768288132000,37.24213208007812,-0.14973974227905273,0.9267854690551758,-1.560270071029663
1771525768298134800,37.252134765625,0.0503692626953125,0.9550380706787109,-1.4288554191589355
1771525768308137200,37.26213720703125,0.27399635314941406,0.8637294769287109,-1.2084356546401978
1771525768318139600,37.2721396484375,0.28440332412719727,0.9916753768920898,-0.9999530911445618
1771525768328142300,37.282142333984375,0.14428424835205078,0.9275999069213867,-0.6261109709739685
1771525768338144800,37.292144775390625,0.05358386039733887,0.9923982620239258,-0.3371497094631195
1771525768348147200,37.302147216796875,-0.13807201385498047,1.0431365966796875,-0.01993321068584919
1771525768358149600,37.312149658203126,-0.1981046199798584,0.9895801544189453,0.19027963280677795
1771525768368152300,37.32215234375,-0.09424805641174316,0.8369436264038086,0.2387060672044754
1771525768378154800,37.33215478515625,0.026473522186279297,0.7282733917236328,0.14040741324424744
1771525768388157200,37.3421572265625,0.2995645999908447,0.5530529022216797,0.09414993226528168
1771525768398159600,37.35215966796875,0.4200856685638428,0.2824373245239258,-0.015055373311042786
1771525768408162300,37.36216235351562,0.5234472751617432,0.09777069091796875,-0.21055985987186432
1771525768418164700,37.37216479492187,0.5956315994262695,-0.034671783447265625,-0.2873208820819855
1771525768428167200,37.38216723632812,0.6361653804779053,-0.18174362182617188,-0.3067769408226013
1771525768438169600,37.39216967773437,0.6537644863128662,-0.30492115020751953,-0.3410246968269348
1771525768448172300,37.40217236328125,0.6702480316162109,-0.3797492980957031,-0.3574662208557129
1771525768458174700,37.4121748046875,0.5613260269165039,-0.4636402130126953,-0.4464166760444641
1771525768468177200,37.42217724609375,0.3061847686767578,-0.44135284423828125,-0.6075885891914368
1771525768478179600,37.4321796875,0.06996655464172363,-0.4175271987915039,-0.736940324306488
1771525768488182300,37.442182373046876,-0.06928849220275879,-0.4008140563964844,-0.9310078620910645
1771525768498184700,37.452184814453126,-0.10772871971130371,-0.4626045227050781,-1.1818972826004028
1771525768508187100,37.46218725585938,0.10318756103515625,-0.5359888076782227,-1.3425672054290771
1771525768518189800,37.47218994140625,0.398313045501709,-0.6359767913818359,-1.386718511581421
1771525768528192300,37.48219213867188,0.6709117889404297,-0.6774673461914062,-1.4152394533157349
1771525768538194700,37.49219458007813,0.8340113162994385,-0.6664838790893555,-1.370024561882019
1771525768548197000,37.50219702148438,0.9665117263793945,-0.7280368804931641,-1.2978848218917847
1771525768558199800,37.51219970703125,1.0938684940338135,-0.666600227355957,-1.130779504776001
1771525768568202200,37.5222021484375,1.1568999290466309,-0.707911491394043,-0.9438208341598511
1771525768578204700,37.53220458984375,1.1037144660949707,-0.7133846282958984,-0.7789722681045532
1771525768588207000,37.54220703125,0.9330832958221436,-0.6922073364257812,-0.6550498008728027
1771525768598209800,37.552209716796874,0.7668802738189697,-0.7152776718139648,-0.6244000196456909
1771525768608212200,37.562212158203124,0.6758248805999756,-0.7392091751098633,-0.5493763089179993
1771525768618214700,37.572214599609374,0.7316603660583496,-0.7545289993286133,-0.5501379370689392
1771525768628217000,37.582217041015625,0.8253481388092041,-0.7663965225219727,-0.598544716835022
1771525768648222200,37.60222216796875,0.6519894599914551,-0.6328420639038086,-0.5378552675247192
1771525768658224600,37.612224609375,0.3154902458190918,-0.5009117126464844,-0.4902110695838928
1771525768668227300,37.62222729492188,0.1708240509033203,-0.4598989486694336,-0.4369526505470276
1771525768678229800,37.63222973632813,-0.047191619873046875,-0.33702754974365234,-0.4161599278450012
1771525768688232200,37.64223217773438,-0.13979387283325195,-0.20357131958007812,-0.45181676745414734
1771525768698234600,37.65223461914063,-0.10751175880432129,-0.14550209045410156,-0.4723970890045166
1771525768708237300,37.6622373046875,-0.10803055763244629,-0.005106925964355469,-0.50202476978302
1771525768718239700,37.67223974609375,-0.17525458335876465,0.20322418212890625,-0.6312786340713501
1771525768728242200,37.6822421875,-0.11345124244689941,0.1354665756225586,-0.7745696306228638
1771525768738244600,37.69224462890625,-0.18141627311706543,0.3799018859863281,-0.8139607906341553
1771525768748247300,37.702247314453125,-0.2568662166595459,0.43009090423583984,-0.7972444295883179
1771525768758249700,37.712249755859375,-0.04940962791442871,0.42054176330566406,-0.8969208002090454
1771525768768252200,37.722252197265625,0.20338201522827148,0.37476539611816406,-0.9357600808143616
1771525768778254600,37.732254638671876,0.6146504878997803,0.26321887969970703,-1.1197055578231812
1771525768788257300,37.74225732421875,0.7531664371490479,0.21378612518310547,-1.0497682094573975
1771525768798259700,37.752259765625,0.8307807445526123,0.09218597412109375,-0.7708422541618347
1771525768808262100,37.76226220703125,0.9826004505157471,-0.1352243423461914,-0.6318910121917725
1771525768818264800,37.77226489257812,0.9091942310333252,-0.24895095825195312,-0.5122265815734863
1771525768828267300,37.78226733398437,0.8842635154724121,-0.2685995101928711,-0.5342993140220642
1771525768838269700,37.79226977539062,0.585639238357544,-0.17140865325927734,-0.49256211519241333
1771525768848272100,37.80227221679687,0.4487180709838867,-0.4066019058227539,0.14463487267494202
1771525768858274800,37.81227490234375,0.18511462211608887,-0.27062416076660156,0.35218346118927
1771525768868277200,37.82227734375,-0.210829496383667,-0.2129230499267578,0.5914984941482544
1771525768878279700,37.83227978515625,-0.32076382637023926,-0.27543067932128906,0.7940860986709595
1771525768888282000,37.8422822265625,-0.4570016860961914,-0.2377004623413086,0.804104208946228
1771525768898284800,37.852284912109376,-0.6216070652008057,-0.10410499572753906,0.6980441808700562
1771525768908287200,37.862287353515626,-0.6113581657409668,-0.017597198486328125,0.4258340895175934
1771525768918289700,37.87228955078125,-0.63393235206604,0.06060218811035156,0.10008633136749268
1771525768928292000,37.8822919921875,-0.7397229671478271,0.11206722259521484,-0.1433475911617279
1771525768938294800,37.89229467773438,-0.5236256122589111,0.08461475372314453,-0.3193840980529785
1771525768948297200,37.90229711914063,-0.18863248825073242,0.04911327362060547,-0.5290004014968872
1771525768958299600,37.91229956054688,-0.05362534523010254,0.057544708251953125,-0.588501513004303
1771525768968302000,37.92230200195313,0.04353022575378418,0.023888587951660156,-0.4959726929664612
1771525768978304800,37.9323046875,0.17019414901733398,-0.03276348114013672,-0.1417468786239624
1771525768988307200,37.94230712890625,0.18750286102294922,-0.007099151611328125,0.22647219896316528
1771525768998309600,37.9523095703125,0.28139305114746094,0.03887939453125,0.48113739490509033
1771525769008312300,37.96231225585937,0.41088032722473145,0.023514747619628906,0.5640938878059387
1771525769018314800,37.972314697265624,0.5467438697814941,0.060662269592285156,0.23823463916778564
1771525769028317200,37.982317138671874,0.6246883869171143,0.23869037628173828,-0.2652727961540222
1771525769038319600,37.992319580078124,0.6200644969940186,0.34072017669677734,-0.3733264207839966
1771525769048322300,38.002322265625,0.27420663833618164,0.25725746154785156,-0.2080291509628296
1771525769058324700,38.01232470703125,-0.09149956703186035,0.2813711166381836,-0.27331507205963135
1771525769068327200,38.0223271484375,-0.3092074394226074,0.2374134063720703,-0.4202408790588379
1771525769078329600,38.03232958984375,-0.519512414932251,0.32184505462646484,-0.554283082485199
1771525769088332300,38.04233227539063,-0.7072353363037109,0.2869548797607422,-0.520550549030304
1771525769098334700,38.05233471679688,-0.6852092742919922,0.1437368392944336,-0.4290914535522461
1771525769108337200,38.06233715820313,-0.5585310459136963,0.09763240814208984,-0.3853403925895691
1771525769118339600,38.07233959960938,-0.4885244369506836,0.038105010986328125,-0.2555386424064636
1771525769128342300,38.08234228515625,-0.48874402046203613,0.008118629455566406,-0.11931878328323364
1771525769138344700,38.0923447265625,-0.4347720146179199,-0.06402969360351562,-0.06220245361328125
1771525769148347100,38.10234716796875,-0.46329760551452637,-0.12613296508789062,0.12803030014038086
1771525769158349800,38.112349853515624,-0.41464948654174805,-0.1118011474609375,0.23250794410705566
1771525769178354700,38.132354736328125,-0.24626493453979492,-0.22753524780273438,0.5248500108718872
1771525769188357000,38.142357177734375,-0.21949434280395508,-0.26123809814453125,0.5118963718414307
1771525769198359800,38.15235986328125,-0.339496374130249,-0.1840047836303711,0.3935915529727936
1771525769208362200,38.1623623046875,-0.13464021682739258,-0.3156595230102539,0.33729076385498047
1771525769218364700,38.17236474609375,0.109771728515625,-0.33623409271240234,0.3433948755264282
1771525769228367000,38.1823671875,0.25269436836242676,-0.3374671936035156,0.34472376108169556
1771525769238369800,38.19236987304687,0.2335975170135498,-0.3053579330444336,0.4144551753997803
1771525769248372200,38.20237231445312,0.31587815284729004,-0.2065258026123047,0.3199280798435211
1771525769258374700,38.21237475585937,0.33821773529052734,-0.14672374725341797,0.21790146827697754
1771525769268377000,38.22237719726562,0.3864579200744629,-0.0876302719116211,0.13611650466918945
1771525769278379800,38.2323798828125,0.3892486095428467,-0.10100650787353516,0.0887984037399292
1771525769288382200,38.24238232421875,0.2942922115325928,-0.04349040985107422,0.027125000953674316
1771525769298384600,38.25238452148437,0.05198097229003906,0.05672740936279297,0.013378739356994629
1771525769308387300,38.26238720703125,-0.1698155403137207,0.10800457000732422,0.015379905700683594
1771525769318389800,38.2723896484375,-0.2023627758026123,0.1358175277709961,-0.03342694044113159
1771525769328392200,38.28239208984375,-0.3506908416748047,0.07941532135009766,0.026702165603637695
1771525769338394600,38.29239453125,-0.21267294883728027,0.043852806091308594,0.09570544958114624
1771525769348397300,38.30239721679688,-0.14355850219726562,0.12691211700439453,0.023454010486602783
1771525769358399700,38.31239965820313,-0.10369038581848145,0.16629791259765625,-0.07911711931228638
1771525769368402200,38.32240209960938,0.008597612380981445,0.18076038360595703,-0.15635335445404053
1771525769388407300,38.3424072265625,-0.08515143394470215,0.28083133697509766,-0.06948590278625488
1771525769398409700,38.35240966796875,-0.05792355537414551,0.3432445526123047,-0.04935973882675171
1771525769408412200,38.362412109375,-0.09196734428405762,0.24892330169677734,0.12362992763519287
1771525769418414600,38.37241455078125,-0.06828117370605469,0.24080657958984375,0.21461766958236694
1771525769428417300,38.38241723632812,-0.03418159484863281,0.223114013671875,0.2585161328315735
1771525769438419700,38.392419677734374,-0.0782623291015625,0.15820598602294922,0.28652793169021606
1771525769448422100,38.402422119140624,-0.10981631278991699,0.11758041381835938,0.24773681163787842
1771525769458424800,38.4124248046875,-0.08636832237243652,0.19960498809814453,0.08164387941360474
1771525769468427300,38.42242724609375,-0.032206058502197266,0.23252391815185547,-0.11739206314086914
1771525769478429700,38.4324296875,-0.2394256591796875,0.2828102111816406,-0.33201783895492554
1771525769488432000,38.44243212890625,-0.43791866302490234,0.27534961700439453,-0.43328428268432617
1771525769498434800,38.45243481445313,-0.568784236907959,0.19269847869873047,-0.28864800930023193
1771525769508437200,38.46243725585938,-0.5974588394165039,0.08369636535644531,-0.13341432809829712
1771525769518439700,38.47243969726563,-0.5929522514343262,0.09990882873535156,0.09422463178634644
1771525769528442000,38.48244213867188,-0.5991084575653076,0.04665851593017578,0.28217214345932007
1771525769538444800,38.49244482421875,-0.4077723026275635,-0.009039878845214844,0.4752385914325714
1771525769548447200,38.502447265625,-0.22622013092041016,-0.0302276611328125,0.5856907367706299
1771525769558449700,38.51244970703125,-0.16158771514892578,-0.1354532241821289,0.7941562533378601
1771525769568452000,38.5224521484375,-0.0026798248291015625,-0.22011852264404297,0.8658421039581299
1771525769578454800,38.532454833984374,0.11905121803283691,-0.2616081237792969,0.7324718832969666
1771525769588457200,38.542457275390625,0.1965961456298828,-0.1999988555908203,0.6089894771575928
1771525769598459600,38.552459716796875,0.1538527011871338,-0.022581100463867188,0.4419698119163513
1771525769608462300,38.56246240234375,-0.03786444664001465,0.08574676513671875,0.2597643733024597
1771525769618464800,38.57246484375,-0.13774871826171875,0.18784523010253906,0.05742990970611572
1771525769628467200,38.58246728515625,-0.17110490798950195,0.22731494903564453,-0.09014463424682617
1771525769638469600,38.5924697265625,-0.18169164657592773,0.22874164581298828,-0.16115635633468628
1771525769648472300,38.60247241210938,-0.15600967407226562,0.2351083755493164,-0.20500510931015015
1771525769658474800,38.61247485351562,-0.08098125457763672,0.1851367950439453,-0.11497622728347778
1771525769668477200,38.62247729492187,0.04872536659240723,0.14995574951171875,-0.05822068452835083
1771525769698484700,38.65248461914062,-0.06173992156982422,0.19917774200439453,0.07904762029647827
1771525769708487200,38.66248706054687,-0.199981689453125,0.1142740249633789,0.1804516315460205
1771525769718489600,38.67248950195312,-0.195098876953125,0.059088706970214844,0.34975963830947876
1771525769728492300,38.6824921875,-0.2909739017486572,0.24529457092285156,0.14184719324111938
1771525769738494700,38.69249462890625,-0.41056036949157715,-0.009096145629882812,0.3596058189868927
1771525769748497200,38.7024970703125,-0.33210253715515137,-0.12210369110107422,0.4755801558494568
1771525769758499600,38.71249951171875,-0.23777246475219727,-0.17617034912109375,0.4488142430782318
1771525769768502300,38.72250219726563,-0.17847990989685059,-0.18194198608398438,0.48059216141700745
1771525769778504700,38.73250463867188,-0.16256356239318848,-0.21567535400390625,0.4244464635848999
1771525769788507100,38.74250708007813,-0.08019757270812988,-0.19707489013671875,0.25868478417396545
1771525769798509800,38.752509765625,0.011656522750854492,-0.10841560363769531,0.10712474584579468
1771525769808512300,38.76251220703125,-0.022977590560913086,-0.054757118225097656,-0.05981791019439697
1771525769818514700,38.7725146484375,-0.10741591453552246,-0.021213531494140625,-0.2094733715057373
1771525769828517000,38.78251708984375,-0.14316606521606445,0.016386032104492188,-0.20647305250167847
1771525769838519800,38.79251977539062,-0.07665491104125977,0.04910850524902344,-0.11079674959182739
1771525769848522200,38.80252221679687,-0.046045541763305664,-0.01714611053466797,0.057333946228027344
1771525769858524700,38.812524658203124,0.029860734939575195,-0.030117034912109375,0.25091850757598877
1771525769868527900,38.82252783203125,0.10836553573608398,-0.01434326171875,0.30022132396698
1771525769878530800,38.83253076171875,0.06722760200500488,0.039055824279785156,0.18892088532447815
1771525769888533200,38.842533203125,0.13979601860046387,-0.03551006317138672,0.15078890323638916
1771525769898535700,38.85253564453125,0.1881403923034668,0.018179893493652344,0.11366760730743408
1771525769908538000,38.8625380859375,0.20695066452026367,-0.023162841796875,0.07064348459243774
1771525769918540800,38.872540771484374,0.1663670539855957,-0.22906017303466797,0.3324773609638214
1771525769928543200,38.882543212890624,0.2340853214263916,-0.1405019760131836,0.3402142822742462
1771525769938545700,38.892545654296875,0.23875927925109863,-0.09211540222167969,0.2799254357814789
1771525769948548000,38.902548095703125,0.08127951622009277,-0.06882190704345703,0.2217707335948944
1771525769958550800,38.91255078125,-0.1990344524383545,-0.013383865356445312,0.10448426008224487
1771525769968553200,38.92255322265625,-0.4614980220794678,0.046181678771972656,-0.010095715522766113
1771525769978555600,38.9325556640625,-0.5759468078613281,0.08187675476074219,-0.06687432527542114
1771525769988558000,38.94255810546875,-0.5543012619018555,0.061079978942871094,-0.05831646919250488
1771525769998560800,38.95256079101563,-0.3319966793060303,0.1115560531616211,-0.018961310386657715
1771525770008563200,38.96256323242188,-0.1274731159210205,0.10455608367919922,-0.0621071457862854
1771525770018565600,38.97256567382812,-0.11874699592590332,0.1303691864013672,-0.08677470684051514
1771525770028568300,38.982568359375,-0.19966721534729004,0.13215160369873047,-0.0367581844329834
1771525770038570800,38.99257080078125,-0.28577184677124023,0.13440418243408203,0.07310545444488525
1771525770048573200,39.0025732421875,-0.25545406341552734,0.09502410888671875,0.1149907112121582
1771525770058575600,39.01257568359375,-0.0770108699798584,0.038023948669433594,0.15555724501609802
1771525770068578300,39.022578369140625,0.2582108974456787,0.0149993896484375,0.12421861290931702
1771525770078580700,39.032580810546875,0.4902644157409668,0.010736465454101562,0.10142117738723755
1771525770088583200,39.042583251953126,0.5795104503631592,0.048142433166503906,0.09134429693222046
1771525770098585600,39.052585693359376,0.49971485137939453,-0.08051872253417969,0.19786924123764038
1771525770108588300,39.06258837890625,0.41448235511779785,-0.09466361999511719,0.37087488174438477
1771525770118590700,39.0725908203125,0.31940484046936035,-0.029191017150878906,0.39332035183906555
1771525770128593200,39.08259326171875,0.11479902267456055,0.016005516052246094,0.37659451365470886
1771525770138595600,39.092595703125,-0.04380512237548828,-0.014699935913085938,0.20916059613227844
1771525770148598300,39.10259838867187,0.017182350158691406,0.007010459899902344,-0.003646373748779297
1771525770158600700,39.1126005859375,0.08452153205871582,-0.01940441131591797,-0.22082853317260742
1771525770168603100,39.12260302734375,-0.007560253143310547,-0.02711963653564453,-0.3085840940475464
1771525770178605800,39.13260571289062,-0.18307018280029297,-0.030068397521972656,-0.2562820315361023
1771525770188608300,39.14260815429687,-0.38471031188964844,-0.014029502868652344,-0.28743356466293335
1771525770198610700,39.15261059570312,-0.566511869430542,-0.016516685485839844,-0.29655563831329346
1771525770208613000,39.162613037109374,-0.7309272289276123,0.010466575622558594,-0.24618619680404663
1771525770218615800,39.17261572265625,-0.756615400314331,0.03844642639160156,-0.24458670616149902
1771525770228618200,39.1826181640625,-0.6404411792755127,0.02949047088623047,-0.23013097047805786
1771525770238620700,39.19262060546875,-0.42504239082336426,-0.058745384216308594,-0.07098859548568726
1771525770248623000,39.202623046875,-0.32706761360168457,-0.036968231201171875,-0.017956912517547607
1771525770258625800,39.21262573242188,-0.24969220161437988,-0.05315113067626953,-0.0030002593994140625
1771525770268628200,39.22262817382813,-0.18775463104248047,-0.036072731018066406,0.021458923816680908
1771525770278630700,39.23263061523438,-0.0463712215423584,-0.052333831787109375,0.11176779866218567
1771525770288633000,39.24263305664063,0.013239145278930664,-0.054360389709472656,0.14422374963760376
1771525770298635800,39.2526357421875,0.02517843246459961,-0.056418418884277344,0.15802350640296936
1771525770308638200,39.26263818359375,0.08454012870788574,-0.0019960403442382812,0.12133944034576416
1771525770318640600,39.272640625,0.11080527305603027,0.018405914306640625,0.0961427390575409
1771525770328643000,39.28264306640625,0.09491395950317383,0.02892303466796875,0.01585763692855835
1771525770338645800,39.292645751953124,0.16009831428527832,0.029610633850097656,0.035439908504486084
1771525770348648200,39.302648193359374,0.20074796676635742,0.01137542724609375,0.11499768495559692
1771525770358650600,39.312650634765625,0.21742987632751465,0.012183189392089844,0.22106239199638367
1771525770368653000,39.322653076171875,0.21089434623718262,0.05995655059814453,0.25114792585372925
1771525770378655500,39.332655517578125,0.08242440223693848,0.16342544555664062,0.23534327745437622
1771525770388658000,39.342657958984375,-0.040125370025634766,0.20906448364257812,0.22200384736061096
1771525770398660600,39.35266064453125,0.02662205696105957,0.24025249481201172,0.18264436721801758
1771525770408663000,39.3626630859375,0.06483745574951172,0.25193023681640625,0.10295477509498596
1771525770418665500,39.37266552734375,-0.014772891998291016,0.2774238586425781,0.039260923862457275
1771525770428668000,39.38266796875,-0.018364667892456055,0.2602663040161133,-0.06650584936141968
1771525770438670300,39.39267041015625,-0.008803367614746094,0.2812490463256836,-0.14434564113616943
1771525770448672800,39.4026728515625,0.00467991828918457,0.2595863342285156,-0.20852524042129517
1771525770458675200,39.41267529296875,0.004106283187866211,0.2663230895996094,-0.2879040837287903
1771525770468677600,39.422677734375,0.0178375244140625,0.19733238220214844,-0.2990242838859558
1771525770478680000,39.43268017578125,0.02226400375366211,0.11502456665039062,-0.19142067432403564
1771525770488682500,39.4426826171875,-0.02489018440246582,0.09970951080322266,-0.07504171133041382
1771525770498685000,39.45268481445312,-0.1941382884979248,0.051672935485839844,0.13561856746673584
1771525770508687400,39.46268725585937,-0.35729551315307617,0.03308582305908203,0.3608086109161377
1771525770518689800,39.47268969726562,-0.37946319580078125,-0.07369327545166016,0.6207906007766724
1771525770528692200,39.48269213867187,-0.23749041557312012,0.3925752639770508,0.18513742089271545
1771525770538694700,39.49269458007812,-0.2107706069946289,-0.46137142181396484,0.450439989566803
1771525770548697000,39.50269702148437,0.010457992553710938,-0.4630928039550781,0.7276477217674255
1771525770558699800,39.51269970703125,0.1906435489654541,-0.3482685089111328,0.46875861287117004
1771525770568702200,39.5227021484375,-0.15021800994873047,-0.08124256134033203,0.26345938444137573
1771525770578704600,39.53270458984375,-0.5555286407470703,-0.08258533477783203,-0.0817444920539856
1771525770588707000,39.54270703125,-1.0068689584732056,-0.15304183959960938,-0.3184971213340759
1771525770598709500,39.55270947265625,-1.2105283737182617,-0.21973133087158203,-0.41205209493637085
1771525770608712000,39.5627119140625,-1.0954903364181519,-0.1695880889892578,-0.5671371817588806
1771525770618715400,39.57271533203125,-0.8161375522613525,-0.09912586212158203,-0.40624353289604187
1771525770628718000,39.582718017578124,-0.3289952278137207,-0.13671302795410156,0.01742684841156006
1771525770648723200,39.60272314453125,0.8495638370513916,0.021745681762695312,0.14602762460708618
1771525770658725600,39.6127255859375,1.1299445629119873,0.0998382568359375,0.15090900659561157
1771525770668728000,39.62272802734375,1.1028509140014648,0.06125831604003906,0.39574724435806274
1771525770678730500,39.63273046875,1.0380446910858154,0.04565906524658203,0.4150945842266083
1771525770688733200,39.64273315429688,0.9049637317657471,0.025241851806640625,0.31961789727211
1771525770698735600,39.65273559570313,0.7689042091369629,0.0044403076171875,0.24551944434642792
1771525770718740500,39.67274047851563,0.8537328243255615,-0.028387069702148438,-0.03221292793750763
1771525770728743200,39.6827431640625,0.8562908172607422,0.035460472106933594,-0.09853073954582214
1771525770738745600,39.69274560546875,0.9104831218719482,-0.0645589828491211,-0.0009366422891616821
1771525770748748000,39.702748046875,0.9228217601776123,-0.061295509338378906,0.08382312953472137
1771525770758750700,39.712750732421874,0.7787048816680908,-0.07913398742675781,0.26219356060028076
1771525770778755600,39.732755615234375,0.24857831001281738,0.014162063598632812,0.2874537706375122
1771525770788758000,39.742758056640625,-0.05438232421875,0.01658916473388672,0.20239219069480896
1771525770808763000,39.762762939453125,-0.2868010997772217,0.13678741455078125,-0.3318016827106476
1771525770818765300,39.772765380859376,-0.44683241844177246,0.2783823013305664,-0.6378190517425537
1771525770828767700,39.782767822265626,-0.5032875537872314,0.03331279754638672,-0.7086182832717896
1771525770838770200,39.792770263671876,-0.4067211151123047,0.03881263732910156,-0.6513544321060181
1771525770848772600,39.80277270507813,-0.25371742248535156,0.015781402587890625,-0.48757949471473694
1771525770858775000,39.81277514648438,-0.2647879123687744,-0.1167287826538086,-0.2751365303993225
1771525770868690000,39.82268994140625,-0.18849611282348633,-0.19055652618408203,-0.23264941573143005
1771525770878611700,39.83261181640625,-0.1349177360534668,-0.10072803497314453,-0.229326993227005
1771525770888543500,39.84254345703125,-0.12684059143066406,-0.12025070190429688,-0.04065409302711487
1771525770898487800,39.85248779296875,-0.12177109718322754,-0.11007976531982422,0.0526597797870636
1771525770908446200,39.8624462890625,-0.10074591636657715,-0.022469520568847656,0.050941526889801025
1771525770918420200,39.87242016601562,-0.06203055381774902,-0.106597900390625,-0.07996144890785217
1771525770928409900,39.882409912109374,-0.02571272850036621,-0.027533531188964844,-0.5198725461959839
1771525770938415600,39.89241552734375,0.1196901798248291,-0.5026407241821289,0.09397011995315552
1771525770948436200,39.90243627929687,0.3104672431945801,-0.30869007110595703,-0.06163188815116882
1771525770958470400,39.91247045898437,0.7986390590667725,-0.3466825485229492,0.09163498878479004
1771525770968516900,39.92251684570312,0.723827600479126,-0.20041942596435547,0.24965721368789673
1771525770978572800,39.93257275390625,0.5086095333099365,-0.1380748748779297,0.30301231145858765
1771525770988635600,39.9426357421875,0.21884703636169434,-0.16236495971679688,0.2823537588119507
1771525770998703400,39.95270336914062,0.128737211227417,-0.037899017333984375,0.2630292773246765
1771525771008772400,39.9627724609375,0.2283024787902832,0.10103321075439453,0.04605349898338318
1771525771018815500,39.9728154296875,0.6242170333862305,0.07696151733398438,0.05109867453575134
1771525771028818000,39.98281787109375,0.9948444366455078,0.0992136001586914,-0.5016565322875977
1771525771038820400,39.9928203125,1.2764856815338135,0.2715177536010742,-1.2217167615890503
1771525771048823000,40.002822998046874,1.302461862564087,0.2971382141113281,-1.3081984519958496
1771525771058825500,40.012825439453124,0.8216707706451416,0.4785900115966797,-1.2709225416183472
1771525771068828000,40.022827880859374,0.14087176322937012,0.6980247497558594,-0.8923587799072266
1771525771078830300,40.032830322265625,-0.710334062576294,0.6480751037597656,-0.609130322933197
1771525771088833000,40.0428330078125,-0.3830583095550537,0.492919921875,-0.28348398208618164
1771525771098835500,40.05283544921875,0.7434828281402588,0.5750770568847656,0.5100391507148743
1771525771108838000,40.062837890625,2.0902884006500244,0.5135068893432617,1.4168658256530762
1771525771118840800,40.0728408203125,2.9759442806243896,0.2511100769042969,1.929557204246521
1771525771128843000,40.08284301757813,2.6971099376678467,0.6806440353393555,1.5711311101913452
1771525771138845000,40.092844970703126,1.5846376419067383,0.5794048309326172,1.4329758882522583
1771525771148846800,40.102846923828125,-0.12887120246887207,0.4492340087890625,1.2614201307296753
1771525771158848800,40.11284887695312,-1.199764370918274,0.3179435729980469,0.958336591720581
1771525771168851000,40.12285083007812,-1.7684684991836548,0.0053195953369140625,0.13907569646835327
1771525771188855300,40.14285522460938,-2.0076799392700195,-0.2846832275390625,-0.2626275420188904
1771525771198857700,40.15285766601563,-1.3615052700042725,-0.2600860595703125,-0.21619240939617157
1771525771208860200,40.16286010742188,-0.6400527954101562,-0.37429332733154297,0.1315474510192871
1771525771218862600,40.17286254882813,0.16393160820007324,-0.40934085845947266,0.4837173819541931
1771525771228865300,40.182865234375,0.0246579647064209,-0.4757404327392578,0.46021491289138794
1771525771238868000,40.19286791992187,-0.5282167196273804,-0.44229888916015625,-0.005863815546035767
1771525771248870700,40.20287060546875,-0.7997517585754395,-0.3403644561767578,-0.16167527437210083
1771525771258873300,40.212873291015626,-0.3118252754211426,-0.20258426666259766,-0.04922062158584595
1771525771268876300,40.22287622070313,0.5227999687194824,-0.11135101318359375,0.31128624081611633
1771525771278879000,40.23287890625,1.2651524543762207,-0.03484916687011719,0.8869403004646301
1771525771288882000,40.2428818359375,1.6141078472137451,0.02564239501953125,1.3005270957946777
1771525771298884600,40.252884521484376,1.5625908374786377,0.10783100128173828,1.3458725214004517
1771525771308887600,40.26288745117188,1.0634753704071045,0.11629581451416016,1.1043415069580078
1771525771318890200,40.27289013671875,-0.11860442161560059,0.1151723861694336,0.7317665219306946
1771525771328892700,40.282892578125,-1.4575271606445312,0.19316864013671875,0.6529150009155273
1771525771338895000,40.29289501953125,-2.561765670776367,0.9592552185058594,-0.041634052991867065
1771525771348897500,40.3028974609375,-2.7622969150543213,-0.14237117767333984,0.49498113989830017
1771525771358900000,40.31289990234375,-2.8107454776763916,-0.2876319885253906,1.3817365169525146
1771525771368806400,40.322806396484374,-1.7209912538528442,-0.2144765853881836,1.0587620735168457
1771525771378720500,40.332720458984376,-0.9164177179336548,-0.4118833541870117,0.495362251996994
1771525771388645600,40.34264575195313,-0.6066079139709473,0.056186676025390625,-0.07549604773521423
1771525771398584000,40.352583984375,-0.03839278221130371,-0.18811416625976562,-0.12314547598361969
1771525771408538400,40.362538330078124,0.9814255237579346,-0.1422882080078125,0.3389974534511566
1771525771418509300,40.37250927734375,1.4086201190948486,0.2684469223022461,0.4998513460159302
1771525771428497700,40.38249755859375,1.4430336952209473,0.4513711929321289,0.37313610315322876
1771525771438503400,40.39250341796875,1.2823286056518555,-0.20331382751464844,0.15931035578250885
1771525771448525800,40.40252587890625,1.2830967903137207,-0.4258260726928711,0.2763170599937439
1771525771458563000,40.41256298828125,1.825803279876709,-0.3028106689453125,-0.036760978400707245
1771525771468613600,40.422613525390624,2.923513412475586,-0.6595783233642578,0.34597980976104736
1771525771478674400,40.43267431640625,3.1823766231536865,-1.4906854629516602,0.31313180923461914
1771525771488743400,40.44274340820313,3.1751022338867188,-1.2274951934814453,0.6654053926467896
1771525771498817300,40.4528173828125,2.786820650100708,-0.7575397491455078,0.8194940686225891
1771525771508893000,40.46289282226562,2.084693193435669,-0.6525659561157227,0.9290336966514587
1771525771518940200,40.472940185546875,1.1823065280914307,-0.536768913269043,0.9795743823051453
1771525771528942600,40.482942626953125,0.3360283374786377,-0.33147716522216797,0.9509661197662354
1771525771538945000,40.492945068359376,-0.15737462043762207,-0.026083946228027344,0.7419648170471191
1771525771548947700,40.50294775390625,-0.42500877380371094,0.04059791564941406,0.8715752363204956
1771525771558950100,40.5129501953125,-0.684890627861023,0.17551898956298828,0.8763624429702759
1771525771568952600,40.52295263671875,-0.649992823600769,0.4607963562011719,0.3667319416999817
1771525771578955000,40.532955078125,-0.5209232568740845,0.6472311019897461,-0.05265125632286072
1771525771598960000,40.55296020507812,-0.6574410200119019,-0.7813520431518555,-2.057319402694702
1771525771608962600,40.56296264648437,-1.7745903730392456,0.9628019332885742,-2.2812070846557617
1771525771618965000,40.57296508789062,-1.8662652969360352,1.106027603149414,-2.4351658821105957
1771525771628967700,40.5829677734375,-1.0239635705947876,0.779149055480957,-1.0535458326339722
1771525771638970000,40.59297021484375,-0.26718080043792725,0.2552976608276367,-0.16356629133224487
1771525771648972500,40.60297265625,1.2810661792755127,-0.11429214477539062,0.21680110692977905
1771525771658975000,40.61297509765625,0.6248142719268799,-0.7587881088256836,-0.5437222123146057
1771525771678980000,40.63297998046875,-2.398496150970459,-0.27960872650146484,0.031421005725860596
1771525771688982500,40.642982421875,-1.9082738161087036,0.05489826202392578,0.0072033703327178955
1771525771698985000,40.65298486328125,-1.139350414276123,0.4488258361816406,-0.3890354037284851
1771525771718990000,40.67298999023438,-1.0080095529556274,-0.07006454467773438,-0.25780341029167175
1771525771748997400,40.70299731445313,-2.1116223335266113,-0.307647705078125,-0.3502243459224701
1771525771758999800,40.71299975585937,-2.2706680297851562,-0.29992198944091797,-0.6050904989242554
1771525771779004700,40.73300463867187,-1.261031985282898,-0.1552114486694336,-1.6496541500091553
1771525771789007000,40.74300708007812,-0.8113398551940918,-0.3120718002319336,-1.5231900215148926
1771525771799009500,40.75300952148437,-0.7099910974502563,-0.4107847213745117,-0.9816540479660034
1771525771819014700,40.7730146484375,-0.6193528175354004,-0.46306896209716797,0.49851810932159424
1771525771849022000,40.80302197265625,-0.7451744079589844,-0.22101688385009766,-0.24579384922981262
1771525771859024400,40.8130244140625,-0.3646376132965088,-0.27898311614990234,-0.30031341314315796
1771525771869023200,40.823023193359376,-0.10899543762207031,-0.3511781692504883,-0.24484208226203918
1771525771889021700,40.84302172851562,0.591620922088623,-0.39426517486572266,0.3157255947589874
1771525771899021800,40.85302172851563,0.984870433807373,-0.31090641021728516,0.8706103563308716
1771525771909022200,40.86302221679688,1.2531805038452148,-0.44759273529052734,1.3395960330963135
1771525771919023600,40.873023681640625,1.5158007144927979,-0.574742317199707,1.6044203042984009
1771525771929025500,40.88302563476562,1.6206889152526855,-0.6022968292236328,1.7721004486083984
1771525771939028000,40.89302807617187,1.5351121425628662,-0.4306173324584961,1.5054919719696045
1771525771949031400,40.90303149414063,1.5796353816986084,-0.18915271759033203,0.8086766004562378
1771525771969039400,40.923039306640625,1.0470077991485596,0.16759109497070312,-0.4585762321949005
1771525771979044000,40.93304418945313,0.469257116317749,0.2905550003051758,-0.48208510875701904
1771525771999054600,40.9530546875,-0.6551604270935059,0.1930685043334961,-0.12233516573905945
1771525772009059800,40.963059814453125,-0.9270768165588379,0.1589832305908203,0.06939592957496643
1771525772019064800,40.97306494140625,-0.8419642448425293,0.27736473083496094,0.16513225436210632
1771525772029067300,40.9830673828125,-0.5781633853912354,0.3791675567626953,-0.10570518672466278
1771525772039070000,40.99307006835937,-0.37065958976745605,0.47714996337890625,-0.3138081729412079
1771525772049072400,41.003072265625,-0.17356061935424805,0.43173789978027344,-0.2827011048793793
1771525772059074800,41.01307470703125,-0.08456063270568848,0.4189786911010742,-0.24130848050117493
1771525772069077200,41.0230771484375,0.05591297149658203,0.3951683044433594,-0.348280131816864
1771525772079080000,41.033079833984374,0.23407602310180664,0.2980213165283203,-0.37559598684310913
1771525772099084800,41.053084716796874,0.28274965286254883,0.08990478515625,-0.17027558386325836
1771525772109087200,41.063087158203125,0.17244482040405273,-0.16422653198242188,-0.012096136808395386
1771525772128973000,41.08297314453125,-0.4893507957458496,-0.3726367950439453,0.2477637529373169
1771525772138925600,41.09292553710937,-0.7525460720062256,-0.3405637741088867,0.3667325973510742
1771525772168840200,41.12284008789062,-0.7659499645233154,-0.8118934631347656,0.36782655119895935
1771525772198853400,41.152853271484375,-1.0140926837921143,-0.6219301223754883,-0.4569469690322876
1771525772228952300,41.18295239257812,0.42711663246154785,0.4125041961669922,-0.6566266417503357
1771525772269127200,41.223127197265626,1.9668076038360596,0.8442821502685547,0.3433120846748352
1771525772279129600,41.233129638671876,1.3734898567199707,0.9397659301757812,0.2698993980884552
1771525772289132000,41.24313208007813,0.9591498374938965,1.0905342102050781,-0.17046958208084106
1771525772299134500,41.25313452148438,1.2354695796966553,1.1309585571289062,-0.4363924264907837
1771525772309137000,41.26313696289063,0.8735294342041016,0.8223819732666016,-0.1910930722951889
1771525772319139300,41.27313940429688,0.22156357765197754,0.644012451171875,-0.5189839601516724
1771525772329142000,41.28314208984375,-0.5750980377197266,0.5392999649047852,-0.9956802725791931
1771525772339144400,41.29314453125,-1.6298458576202393,0.5092897415161133,-0.9556041955947876
1771525772349147000,41.30314697265625,-2.1398842334747314,0.15419292449951172,-0.7486878037452698
1771525772359149300,41.3131494140625,-2.0063045024871826,-0.17657947540283203,-0.45125943422317505
1771525772369148200,41.32314819335937,-1.6982444524765015,-0.46576404571533203,-0.5088536739349365
1771525772389146000,41.34314599609375,-1.8311479091644287,-0.74920654296875,-0.5201184153556824
1771525772399146000,41.35314599609375,-1.923905372619629,-0.8250341415405273,-0.3099210858345032
1771525772409146400,41.363146484375,-1.58104407787323,-0.7260055541992188,-0.03982126712799072
1771525772419147500,41.3731474609375,-1.1734150648117065,-0.687626838684082,0.16261214017868042
1771525772429149400,41.3831494140625,-0.8175075054168701,-0.6534175872802734,0.4299564063549042
1771525772439151900,41.39315185546875,-0.7305593490600586,-0.43306732177734375,0.6228924989700317
1771525772449155000,41.403155029296876,-0.9079546928405762,-0.20828628540039062,0.5356745719909668
1771525772459159000,41.413158935546875,-0.8440907001495361,0.10733318328857422,0.5124713182449341
1771525772469163300,41.423163330078125,-0.649510383605957,0.3129587173461914,0.6686869859695435
1771525772479168300,41.43316821289063,-0.49532461166381836,0.5374336242675781,0.4990609884262085
1771525772489173200,41.44317333984375,-0.3132355213165283,0.6848211288452148,-0.06748539209365845
1771525772499178800,41.4531787109375,-0.3360633850097656,0.759852409362793,-0.8996374607086182
1771525772529192000,41.48319189453125,-1.2581229209899902,1.317652702331543,-1.6151741743087769
1771525772539194400,41.4931943359375,-1.179311990737915,1.0325307846069336,-1.4122965335845947
1771525772549196800,41.50319677734375,-1.1728425025939941,-0.40392494201660156,0.6756501793861389
1771525772569201700,41.52320166015625,0.2671334743499756,-0.4238433837890625,1.3666938543319702
1771525772579204000,41.5332041015625,0.6262953281402588,-0.6497955322265625,1.0621819496154785
1771525772589206500,41.54320654296875,1.164262056350708,-0.6056404113769531,0.6148837804794312
1771525772619213800,41.5732138671875,0.6848211288452148,0.13897705078125,-0.6677762866020203
1771525772639219000,41.59321899414063,0.4780280590057373,0.7753562927246094,-0.9211196899414062
1771525772649221400,41.60322143554688,0.7715158462524414,0.7825813293457031,-0.7442193031311035
1771525772659223800,41.61322387695313,1.1307737827301025,0.7187175750732422,-0.38425925374031067
1771525772669226200,41.62322631835937,1.14408540725708,0.749354362487793,-0.3772750496864319
1771525772679228700,41.63322875976562,0.7274816036224365,0.43912315368652344,-0.2730889618396759
1771525772689231000,41.64323120117187,0.46331119537353516,0.758941650390625,-0.21233204007148743
1771525772699233500,41.65323364257812,0.4921245574951172,0.0061187744140625,-0.03336384892463684
1771525772709236000,41.66323608398437,-0.015811681747436523,-0.22316551208496094,0.38437116146087646
1771525772719238400,41.67323828125,-0.15758085250854492,-0.5104255676269531,0.6137171983718872
1771525772729240800,41.68324072265625,-0.26242804527282715,-0.6247520446777344,0.7447970509529114
1771525772739243300,41.6932431640625,-0.4726083278656006,0.14226055145263672,0.18285685777664185
1771525772749245700,41.70324560546875,-0.3847157955169678,0.12136173248291016,-0.06483852863311768
1771525772759248100,41.713248046875,-0.7610039710998535,-0.15955257415771484,-0.18450626730918884
1771525772779253000,41.7332529296875,-0.2980318069458008,-0.5326471328735352,0.2806801199913025
1771525772789255400,41.74325537109375,-0.27966785430908203,-0.34433841705322266,0.49830377101898193
1771525772799258000,41.753258056640625,-0.345034122467041,-0.3654203414916992,0.4659506678581238
1771525772809260500,41.763260498046876,-0.2826108932495117,-0.5007181167602539,0.3043906092643738
1771525772819263000,41.773262939453126,-0.01374506950378418,-0.30234718322753906,0.17041611671447754
1771525772829265400,41.783265380859376,0.11857295036315918,-0.20871257781982422,0.10027670860290527
1771525772839267800,41.793267822265626,0.2093486785888672,-0.18575572967529297,0.2030026912689209
1771525772849270500,41.8032705078125,0.35106348991394043,-0.2888965606689453,0.3252047300338745
1771525772859273000,41.81327294921875,0.4262270927429199,-0.32060718536376953,0.33997684717178345
1771525772869272300,41.82327221679687,0.4704263210296631,-0.23654842376708984,0.38652294874191284
1771525772889271300,41.84327124023437,0.5699269771575928,-0.22890853881835938,0.197160542011261
1771525772899271700,41.85327172851562,0.6787762641906738,-0.2626533508300781,0.03488105535507202
1771525772909272300,41.86327221679687,0.729811429977417,-0.28856754302978516,-0.14338409900665283
1771525772919274000,41.87327392578125,0.6209955215454102,-0.2651376724243164,-0.06750452518463135
1771525772929276000,41.88327587890625,0.4281477928161621,-0.23996543884277344,0.10153430700302124
1771525772939278600,41.89327856445313,0.30635595321655273,-0.29308128356933594,0.28746461868286133
1771525772949282000,41.90328198242187,0.24832725524902344,-0.3134183883666992,0.3710094094276428
1771525772959285800,41.91328564453125,0.14678215980529785,-0.3144721984863281,0.4618365168571472
1771525772969290000,41.9232900390625,-0.024384260177612305,-0.36685943603515625,0.6017278432846069
1771525772979294700,41.933294677734374,-0.13306427001953125,-0.41721153259277344,0.6863670945167542
1771525772989299500,41.943299560546876,-0.16013121604919434,-0.3653678894042969,0.5831108689308167
1771525772999304700,41.9533046875,-0.12320542335510254,-0.27425289154052734,0.33824437856674194
1771525773009309700,41.963309814453126,-0.11192870140075684,-0.23033523559570312,0.1553695797920227
1771525773019314200,41.97331420898438,-0.14922356605529785,-0.25294017791748047,0.0718192458152771
1771525773029316600,41.98331665039063,-0.2494335174560547,-0.26073551177978516,0.045787155628204346
1771525773039319000,41.99331909179688,-0.3459136486053467,-0.24408435821533203,0.13998687267303467
1771525773049321500,42.00332153320313,-0.37680864334106445,-0.23167037963867188,0.12613260746002197
1771525773059324200,42.01332421875,-0.4238724708557129,-0.14208984375,-0.07216742634773254
1771525773069326600,42.02332666015625,-0.3062441349029541,-0.027599334716796875,-0.28568577766418457
1771525773079329000,42.0333291015625,-0.2291576862335205,0.05434131622314453,-0.3410143554210663
1771525773089331500,42.04333154296875,-0.19310474395751953,0.02767467498779297,-0.2775966227054596
1771525773099334100,42.053334228515624,-0.10705423355102539,-0.026275634765625,-0.14198154211044312
1771525773109336600,42.063336669921874,0.0300600528717041,-0.0841817855834961,-0.07051262259483337
1771525773119335200,42.07333520507812,0.1807694435119629,-0.05098724365234375,-0.11802560091018677
1771525773139333000,42.0933330078125,0.4489002227783203,0.08421707153320312,-0.11321419477462769
1771525773149332700,42.10333276367187,0.45487403869628906,0.09874820709228516,-0.0664510726928711
1771525773159333000,42.1133330078125,0.4050426483154297,0.10803508758544922,-0.039877504110336304
1771525773169334000,42.123333984375,0.3794879913330078,0.3150300979614258,-0.12253057956695557
1771525773179335700,42.13333569335938,0.8630809783935547,0.462188720703125,-0.6028749942779541
1771525773189338400,42.14333837890625,0.7398695945739746,0.5302915573120117,-0.31307274103164673
1771525773199341300,42.15334130859375,0.7879276275634766,0.03497505187988281,0.2406679093837738
1771525773209345300,42.16334521484375,0.6317667961120605,-0.1432504653930664,0.6557766795158386
1771525773219349800,42.173349853515624,0.3059110641479492,-0.28687381744384766,0.8576209545135498
1771525773229354500,42.1833544921875,-0.00840616226196289,-0.22907161712646484,0.521675705909729
1771525773239359700,42.19335986328125,-0.23307228088378906,-0.16274452209472656,-0.045996248722076416
1771525773249365200,42.203365234375,-0.472550630569458,-0.015180587768554688,-0.46654650568962097
1771525773259371000,42.21337109375,-0.635127067565918,0.1100931167602539,-0.6669802665710449
1771525773269376500,42.22337646484375,-0.755138635635376,0.10986137390136719,-0.6184730529785156
1771525773279379000,42.23337890625,-0.8241994380950928,0.08038997650146484,-0.3978937268257141
1771525773289381600,42.243381591796876,-0.7962267398834229,0.040930747985839844,-0.16930320858955383
1771525773299384000,42.253384033203126,-0.5133209228515625,-0.08812427520751953,-0.08737266063690186
1771525773309386500,42.263386474609376,-0.29532456398010254,-0.04846477508544922,-0.12355056405067444
1771525773319389000,42.27338891601563,-0.0157623291015625,-0.004344940185546875,-0.12979352474212646
1771525773329391600,42.2833916015625,0.15371465682983398,0.009477615356445312,-0.14333254098892212
1771525773339394000,42.29339404296875,0.29177427291870117,0.016328811645507812,-0.1692327857017517
1771525773349396500,42.303396484375,0.27561521530151367,0.06392574310302734,-0.0734068751335144
1771525773359399000,42.31339892578125,0.2799715995788574,0.07726383209228516,0.07987457513809204
1771525773369397800,42.32339770507812,0.3705921173095703,0.014364242553710938,0.24898967146873474
1771525773389395500,42.3433955078125,0.4692397117614746,-0.05779552459716797,0.4153737425804138
1771525773399395300,42.35339526367188,0.4211258888244629,-0.08860015869140625,0.44337791204452515
1771525773409395500,42.3633955078125,0.3344564437866211,-0.11376762390136719,0.31520459055900574
1771525773419396600,42.37339672851562,0.11907577514648438,-0.08082294464111328,0.17304161190986633
1771525773429398300,42.383398193359376,-0.06651639938354492,-0.07340049743652344,0.08865052461624146
1771525773439400700,42.39340063476563,-0.1837444305419922,-0.07044696807861328,-0.007629603147506714
1771525773449404000,42.40340380859375,-0.2921624183654785,-0.061362266540527344,-0.13367760181427002
1771525773459407600,42.41340771484375,-0.4183187484741211,-0.07771873474121094,-0.11328351497650146
1771525773469412000,42.423412109375,-0.5405099391937256,-0.06160163879394531,0.03694242238998413
1771525773479417000,42.4334169921875,-0.601914644241333,-0.07033729553222656,0.14700841903686523
1771525773489422300,42.44342236328125,-0.4795653820037842,-0.1608715057373047,0.1307869851589203
1771525773499427800,42.453427734375,-0.25681257247924805,-0.17873764038085938,0.15370962023735046
1771525773509433300,42.463433349609375,-0.13877201080322266,-0.18828105926513672,0.30719536542892456
1771525773519438800,42.47343896484375,0.022186279296875,-0.2461719512939453,0.36456096172332764
1771525773529441500,42.483441650390624,0.2915210723876953,-0.2386760711669922,0.26507773995399475
1771525773539444000,42.49344384765625,0.4113030433654785,-0.17065715789794922,0.18239429593086243
1771525773549446700,42.50344677734375,0.09500694274902344,0.01654338836669922,0.09690120816230774
1771525773559449000,42.513448974609375,0.03457212448120117,0.23556137084960938,-0.2535647749900818
1771525773569451500,42.523451416015625,-0.04277944564819336,0.48378849029541016,-0.4996981620788574
1771525773579454200,42.5334541015625,-0.16423940658569336,0.38130664825439453,-0.4639102518558502
1771525773589456600,42.54345654296875,-0.19581365585327148,0.21794700622558594,-0.1836046278476715
1771525773599459000,42.553458984375,-0.15723419189453125,0.1402425765991211,-0.03616984188556671
1771525773609461500,42.56346142578125,-0.028557777404785156,0.046730995178222656,-0.10255828499794006
1771525773619460400,42.57346044921875,0.04254293441772461,0.10719776153564453,-0.21538707613945007
1771525773639458000,42.5934580078125,0.39953184127807617,0.10210895538330078,-0.12581060826778412
1771525773649457700,42.60345776367188,0.5506958961486816,0.2006673812866211,-0.11828979849815369
1771525773659458000,42.6134580078125,0.5589690208435059,0.2643136978149414,-0.06311075389385223
1771525773669459200,42.62345922851563,0.5548129081726074,0.2225341796875,0.12026150524616241
1771525773679460900,42.6334609375,0.43219852447509766,0.1277484893798828,0.32701534032821655
1771525773689463300,42.64346337890625,0.2852959632873535,0.10412311553955078,0.3426966667175293
1771525773699466800,42.653466796875,0.2274322509765625,0.17874431610107422,0.1703636348247528
1771525773709470500,42.66347045898438,0.14454030990600586,0.19913482666015625,0.023514628410339355
1771525773719475000,42.67347485351563,0.12219810485839844,0.10953140258789062,-0.03310170769691467
1771525773729480000,42.68347998046875,0.10295677185058594,0.03420734405517578,-0.08209355175495148
1771525773739485200,42.69348510742188,0.08638668060302734,-0.017414093017578125,-0.14383725821971893
1771525773749490400,42.703490478515626,0.05344200134277344,0.0062103271484375,-0.1913914531469345
1771525773759496200,42.71349609375,-0.10432004928588867,0.028718948364257812,-0.2962407171726227
1771525773769501700,42.72350170898437,-0.34919142723083496,0.03229808807373047,-0.166546031832695
1771525773779504000,42.73350415039062,-0.6018824577331543,-0.057086944580078125,0.05844363570213318
1771525773789506800,42.7435068359375,-0.7575685977935791,-0.17038917541503906,0.20477163791656494
1771525773799509200,42.75350927734375,-0.6394047737121582,-0.2929553985595703,0.28914183378219604
1771525773809511700,42.76351171875,-0.4850497245788574,-0.27507495880126953,0.24254289269447327
1771525773819514000,42.77351416015625,-0.31096625328063965,-0.2052021026611328,0.14237409830093384
1771525773829516800,42.783516845703126,-0.2234508991241455,-0.1699981689453125,-0.03929382562637329
1771525773839519200,42.793519287109376,-0.19311976432800293,-0.14046001434326172,-0.245444655418396
1771525773849521700,42.803521728515626,-0.17772960662841797,-0.092376708984375,-0.28520113229751587
1771525773859524400,42.8135244140625,-0.1754169464111328,-0.16585159301757812,-0.1402013897895813
1771525773869523000,42.82352294921875,-0.09899711608886719,-0.24000167846679688,0.03998813033103943
1771525773889521000,42.84352099609375,0.08324766159057617,-0.10662269592285156,0.20378771424293518
1771525773899520500,42.8535205078125,0.17064285278320312,-0.027101516723632812,0.20451593399047852
1771525773909521000,42.86352099609375,0.20691537857055664,-0.0252838134765625,0.2412116825580597
1771525773919521800,42.87352172851563,0.22227907180786133,-0.27466583251953125,0.3096691966056824
1771525773939526100,42.893526123046875,-0.004724979400634766,-0.009242057800292969,0.0875784158706665
1771525773949529300,42.903529296875,-0.0601654052734375,0.0936880111694336,-0.40311169624328613
1771525773959533000,42.913532958984376,-0.1306295394897461,0.17244338989257812,-0.4824511706829071
1771525773969537500,42.92353759765625,-0.21826934814453125,0.19091510772705078,-0.40866637229919434
1771525773979542500,42.93354248046875,-0.30898022651672363,0.19728374481201172,-0.23910453915596008
1771525773989547800,42.9435478515625,-0.2888667583465576,0.13005352020263672,-0.06134346127510071
1771525773999553300,42.95355322265625,-0.21418046951293945,0.08353996276855469,0.06693536043167114
1771525774019564500,42.973564453125,-0.0631108283996582,0.09314823150634766,0.031375616788864136
1771525774029567000,42.98356689453125,-0.0075664520263671875,0.08551883697509766,0.002756774425506592
1771525774039569700,42.99356958007812,0.016611099243164062,0.10500907897949219,-0.037501126527786255
1771525774049572000,43.00357202148437,0.03133821487426758,0.10520362854003906,-0.07797876000404358
1771525774059574500,43.013574462890624,0.06729412078857422,0.05938911437988281,-0.07309985160827637
1771525774079579600,43.03357958984375,0.17066240310668945,0.06093406677246094,-0.08918097615242004
1771525774089582000,43.04358203125,0.17173337936401367,0.03475761413574219,0.04745730757713318
1771525774109587200,43.06358715820313,0.06525230407714844,-0.13525772094726562,0.4513307809829712
1771525774119585800,43.07358569335938,0.032907962799072266,-0.19280147552490234,0.5055254697799683
1771525774139584000,43.093583984375,-0.0776972770690918,-0.1158905029296875,0.32386893033981323
1771525774149583600,43.10358349609375,-0.15422773361206055,-0.07062435150146484,0.06045088171958923
1771525774159584000,43.113583984375,-0.1519031524658203,-0.005924224853515625,-0.14125078916549683
1771525774169585200,43.12358520507812,-0.1745471954345703,0.09153938293457031,-0.21273179352283478
1771525774179586800,43.1335869140625,-0.250734806060791,0.09914684295654297,-0.2034735381603241
1771525774189589200,43.14358935546875,-0.2297821044921875,0.09875774383544922,-0.10318577289581299
1771525774199592400,43.15359252929687,-0.15362548828125,0.103546142578125,0.028098732233047485
1771525774209596400,43.16359643554687,-0.08726215362548828,0.08891487121582031,0.13095620274543762
1771525774219600600,43.1736005859375,-0.038346290588378906,0.06376075744628906,0.1513168215751648
1771525774229605600,43.183605712890625,-0.043529510498046875,0.032599449157714844,0.10047167539596558
1771525774239610600,43.19361059570313,-0.11679410934448242,0.033618927001953125,-0.007437914609909058
1771525774249616100,43.2036162109375,-0.22163057327270508,0.03924083709716797,-0.10831275582313538
1771525774259622000,43.213621826171874,-0.2997119426727295,0.046395301818847656,-0.16744017601013184
1771525774269627400,43.22362744140625,-0.27780652046203613,0.032360076904296875,-0.1639261245727539
1771525774279630000,43.23363012695312,-0.1894369125366211,0.015783309936523438,-0.09835094213485718
1771525774289632500,43.243632568359374,-0.09447860717773438,0.02371978759765625,0.04010188579559326
1771525774299635200,43.25363525390625,0.051171302795410156,-0.03468132019042969,0.16369551420211792
1771525774309637600,43.2636376953125,0.18661165237426758,-0.09298133850097656,0.226648211479187
1771525774319640000,43.27364013671875,0.2752504348754883,-0.10923957824707031,0.21589231491088867
1771525774329642800,43.28364282226563,0.27657413482666016,-0.05170631408691406,0.0619528591632843
1771525774359650000,43.31365014648438,-0.05873441696166992,0.020135879516601562,-0.12323001027107239
1771525774369652700,43.32365283203125,-0.1516246795654297,0.02201366424560547,-0.09398666024208069
1771525774379655200,43.3336552734375,-0.11881494522094727,0.04884052276611328,-0.014418989419937134
1771525774389657600,43.34365771484375,-0.06934785842895508,0.07129859924316406,0.07733246684074402
1771525774399660000,43.35365991210937,-0.059317588806152344,0.06093025207519531,0.099954754114151
1771525774409662700,43.363662841796874,-0.12087535858154297,0.05120086669921875,0.09161481261253357
1771525774419665200,43.3736650390625,-0.18324661254882812,0.000202178955078125,0.07660719752311707
1771525774429667600,43.38366748046875,-0.13327264785766602,-0.06326866149902344,0.08990123867988586
1771525774439670000,43.393669921875,-0.06484794616699219,-0.12598133087158203,0.10517904162406921
1771525774449672700,43.403672607421875,-0.024313926696777344,-0.11316585540771484,0.09084755182266235
1771525774459675100,43.413675048828125,0.031159400939941406,-0.04490089416503906,0.047157734632492065
1771525774469677600,43.423677490234375,0.05938577651977539,0.011812210083007812,0.07244861125946045
1771525774479680000,43.433679931640626,0.03137683868408203,-0.00341796875,0.09329673647880554
1771525774489682700,43.4436826171875,0.03646373748779297,-0.027672767639160156,0.09079638123512268
1771525774499685000,43.45368505859375,0.036365509033203125,-0.013674736022949219,0.05091109871864319
1771525774509687600,43.4636875,0.08823204040527344,0.056545257568359375,-0.021870017051696777
1771525774519690200,43.47369018554687,0.031003952026367188,0.12564563751220703,-0.043604254722595215
1771525774529692700,43.48369262695312,0.03487443923950195,0.09058952331542969,-0.09067422151565552
1771525774539695000,43.49369506835937,0.052399635314941406,0.05637645721435547,-0.08223113417625427
1771525774549697500,43.50369750976562,0.02805471420288086,0.0977487564086914,0.00004610419273376465
1771525774559700200,43.5137001953125,-0.014274120330810547,0.04875659942626953,0.09990572929382324
1771525774569702700,43.52370263671875,0.004918575286865234,-0.055794715881347656,0.09137856960296631
1771525774579705000,43.533705078125,0.061429500579833984,-0.050350189208984375,-0.07548588514328003
1771525774589707500,43.54370751953125,0.07574224472045898,0.006306648254394531,-0.12741270661354065
1771525774599710200,43.553710205078126,-0.00337982177734375,0.028705596923828125,-0.08241927623748779
1771525774609712600,43.563712646484376,-0.12048530578613281,-0.0661468505859375,0.0021876096725463867
1771525774619712000,43.5737119140625,-0.04100179672241211,-0.10616016387939453,0.009871989488601685
1771525774639711000,43.5937109375,0.11310243606567383,0.021569252014160156,0.03894832730293274
1771525774649711400,43.60371142578125,0.10550403594970703,0.007678985595703125,0.12438994646072388
1771525774659712000,43.6137119140625,0.08380365371704102,-0.04364967346191406,0.1532529592514038
1771525774669713700,43.623713623046875,0.11413097381591797,-0.032921791076660156,0.06585744023323059
1771525774679715600,43.63371557617187,0.1309194564819336,0.010039329528808594,-0.0002898573875427246
1771525774689718300,43.64371826171875,0.09789180755615234,0.0323944091796875,0.06637418270111084
1771525774699721700,43.6537216796875,-0.0037555694580078125,-0.026353836059570312,0.13192370533943176
1771525774709725400,43.66372534179688,0.009818553924560547,-0.03264331817626953,0.033513814210891724
1771525774719729700,43.67372973632813,0.006089210510253906,0.04033374786376953,-0.07560738921165466
1771525774729734400,43.683734375,-0.019347190856933594,0.09717369079589844,-0.08473455905914307
1771525774739739400,43.693739501953125,-0.1422443389892578,0.10558509826660156,-0.03880062699317932
1771525774749744400,43.70374438476563,-0.19145488739013672,0.04973125457763672,0.02341344952583313
1771525774759749600,43.71374951171875,-0.12105226516723633,0.043646812438964844,0.0451180636882782
1771525774769754400,43.72375439453125,-0.10999202728271484,0.029096603393554688,0.18208783864974976
1771525774779757000,43.73375708007813,-0.12328386306762695,-0.027281761169433594,0.3163841962814331
1771525774789759500,43.74375952148438,-0.08347749710083008,-0.12096691131591797,0.3798818588256836
1771525774799762200,43.75376220703125,-0.0519709587097168,-0.14812850952148438,0.33754491806030273
1771525774809764600,43.7637646484375,-0.09059524536132812,-0.19427776336669922,0.2851623594760895
1771525774819767300,43.773767333984374,-0.063385009765625,-0.18289661407470703,0.24986207485198975
1771525774829769700,43.783769775390624,-0.027451515197753906,-0.11041259765625,0.06530937552452087
1771525774839772400,43.7937724609375,-0.022197723388671875,-0.00527191162109375,-0.18349692225456238
1771525774849774800,43.80377490234375,0.022935867309570312,0.09470272064208984,-0.34810900688171387
1771525774859777500,43.81377758789063,0.041216373443603516,0.1049489974975586,-0.341689795255661
1771525774869780000,43.82378002929688,0.04293251037597656,0.07378292083740234,-0.20274972915649414
1771525774879782400,43.83378247070313,0.07260513305664062,0.03859710693359375,-0.03410401940345764
1771525774889785000,43.84378515625,0.11797714233398438,-0.025278091430664062,0.12437176704406738
1771525774899787500,43.85378759765625,0.11890077590942383,-0.10397052764892578,0.21900349855422974
1771525774909790200,43.86379028320312,0.11839962005615234,-0.09833717346191406,0.16187050938606262
1771525774919792600,43.87379272460937,0.04418325424194336,-0.07954216003417969,0.04750710725784302
1771525774929795300,43.88379541015625,0.008410453796386719,-0.06557941436767578,-0.10182002186775208
1771525774939797800,43.8937978515625,0.028945446014404297,-0.032591819763183594,-0.23109185695648193
1771525774949800400,43.903800537109376,-0.003360271453857422,-0.009145736694335938,-0.275989830493927
1771525774959803000,43.913802978515626,-0.06961584091186523,0.005306243896484375,-0.24759915471076965
1771525774969805600,43.9238056640625,-0.0805211067199707,0.03950309753417969,-0.1518743634223938
1771525774979808000,43.93380810546875,-0.0461888313293457,0.036459922790527344,-0.012083500623703003
1771525774989810700,43.94381079101562,0.06731128692626953,0.005343437194824219,0.06940984725952148
1771525774999813000,43.95381323242187,0.13347864151000977,0.020995140075683594,0.09972241520881653
1771525775009815800,43.96381591796875,0.15383100509643555,0.025774002075195312,0.13661792874336243
1771525775019818200,43.973818359375,0.10524129867553711,-0.017625808715820312,0.18406516313552856
1771525775029821000,43.983821044921875,0.044043540954589844,-0.05598926544189453,0.11475056409835815
1771525775039823400,43.9938232421875,0.09166622161865234,-0.08411216735839844,0.03389006853103638
1771525775049825800,44.00382568359375,0.1578054428100586,-0.06963062286376953,-0.04025283455848694
1771525775069831000,44.023830810546876,-0.40726447105407715,0.06879615783691406,-0.26906323432922363
1771525775079833600,44.03383349609375,-0.5057210922241211,0.07770633697509766,-0.38141652941703796
1771525775089836000,44.0438359375,-0.5024385452270508,0.1352701187133789,-0.3948143720626831
1771525775099838700,44.05383862304687,-0.3401639461517334,0.13350200653076172,-0.31017768383026123
1771525775119843800,44.07384375,0.19488859176635742,0.046947479248046875,-0.05802533030509949
