time,seconds_elapsed,z,y,x
1771525731238463200,0.192463134765625,0.8343793153762817,9.844358444213867,-0.019153613597154617
1771525731258470000,0.212469970703125,0.7194576263427734,9.858723640441895,-0.06703764945268631
1771525731278478000,0.23247802734375,0.767341673374176,9.79647445678711,0.11971008777618408
1771525731298487000,0.252487060546875,0.7481880187988281,9.77253246307373,0.15801730751991272
1771525731348504800,0.3025048828125,0.9588778018951416,9.791686058044434,0.22505496442317963
1771525731388515600,0.342515625,1.0450690984725952,9.604938507080078,0.13407529890537262
1771525731398518300,0.352518310546875,1.0450690984725952,9.604938507080078,0.08619125932455063
1771525731408521000,0.36252099609375,0.9014169573783875,9.595361709594727,0.1628057211637497
1771525731418523600,0.372523681640625,0.8056488633155823,9.633668899536133,0.22505496442317963
1771525731428526300,0.3825263671875,0.7577648162841797,9.691129684448242,0.20111294090747833
1771525731438529000,0.392529052734375,0.8008604645729065,9.715071678161621,0.22505496442317963
1771525731448531700,0.40253173828125,0.8583213090896606,9.753378868103027,0.21547815203666687
1771525731458534400,0.412534423828125,0.8870517015457153,9.762955665588379,0.11013327538967133
1771525731468537300,0.422537353515625,0.9397241473197937,9.820416450500488,0.07661445438861847
1771525731478540000,0.4325400390625,1.0019733905792236,9.844358444213867,0.1867477297782898
1771525731488542700,0.442542724609375,1.0115501880645752,9.844358444213867,0.31603461503982544
1771525731498545400,0.45254541015625,0.973242998123169,9.877877235412598,0.33997663855552673
1771525731508548000,0.462548095703125,1.016338586807251,9.911396026611328,0.3064578175544739
1771525731518550800,0.47255078125,0.9923965930938721,9.911396026611328,0.272938996553421
1771525731528553500,0.482553466796875,0.9445125460624695,9.892242431640625,0.3256114423274994
1771525731538556200,0.49255615234375,0.910993754863739,9.901819229125977,0.2968810200691223
1771525731548558800,0.502558837890625,0.8439561128616333,9.959280967712402,0.2968810200691223
1771525731558561300,0.512561279296875,0.9014169573783875,9.906607627868652,0.33039984107017517
1771525731568564000,0.52256396484375,0.9493009448051453,9.906607627868652,0.3208230137825012
1771525731578566700,0.532566650390625,0.973242998123169,9.925761222839355,0.16759411990642548
1771525731588569300,0.5425693359375,0.9780313968658447,9.906607627868652,-0.08619125932455063
1771525731598572000,0.552572021484375,1.1025298833847046,9.930550575256348,-0.3016694188117981
1771525731608574700,0.56257470703125,1.1743559837341309,9.964069366455078,-0.2777273952960968
1771525731618577400,0.572577392578125,1.1025298833847046,9.77253246307373,-0.12449848651885986
1771525731628580000,0.582580078125,0.9636662006378174,9.839570045471191,-0.07661445438861847
1771525731638582500,0.59258251953125,0.8774749040603638,9.715071678161621,0.11971008777618408
1771525731648585200,0.602585205078125,0.6715735793113708,9.758167266845703,0.07661445438861847
1771525731658588000,0.612587890625,0.5710170865058899,9.758167266845703,0.028730420395731926
1771525731668590600,0.622590576171875,0.5183446407318115,9.719860076904297,0.11013327538967133
1771525731678593300,0.63259326171875,0.46088382601737976,9.729436874389648,0.19153612852096558
1771525731688596000,0.642595947265625,0.5039794445037842,9.729436874389648,0.2346317619085312
1771525731698598700,0.6525986328125,0.6955155730247498,9.753378868103027,0.12928688526153564
1771525731708601300,0.662601318359375,0.8631097078323364,9.791686058044434,0.10055647045373917
1771525731718603800,0.672603759765625,0.9540894031524658,9.734225273132324,0.17717093229293823
1771525731728606500,0.6826064453125,1.0019733905792236,9.724648475646973,0.11013327538967133
1771525731738609200,0.692609130859375,0.9397241473197937,9.791686058044434,0.11013327538967133
1771525731748611800,0.70261181640625,0.9014169573783875,9.700706481933594,0.3256114423274994
1771525731758614500,0.712614501953125,0.7912836670875549,9.628880500793457,0.5171475410461426
1771525731768617200,0.7226171875,0.7194576263427734,9.700706481933594,0.4213795065879822
1771525731778620000,0.732619873046875,0.7960720658302307,9.719860076904297,-0.004788403399288654
1771525731788622600,0.74262255859375,0.829590916633606,9.849146842956543,-0.2777273952960968
1771525731798625300,0.752625244140625,0.9349357485771179,9.9401273727417,-0.3064578175544739
1771525731808628000,0.7626279296875,1.0785878896713257,9.801262855529785,-0.090979665517807
1771525731818630700,0.772630615234375,1.035492181777954,9.79647445678711,0.14844051003456116
1771525731828633300,0.78263330078125,1.0881646871566772,9.734225273132324,0.35434186458587646
1771525731838636000,0.792635986328125,1.2270283699035645,9.791686058044434,0.2537853717803955
1771525731848638700,0.802638671875,1.2844891548156738,9.935338973999023,0.028730420395731926
1771525731858641700,0.8126416015625,1.2222399711608887,9.97364616394043,0.17717093229293823
1771525731868644400,0.822644287109375,1.116895079612732,9.911396026611328,0.2537853717803955
1771525731878647000,0.83264697265625,1.0690110921859741,9.978434562683105,0.11013327538967133
1771525731888649700,0.842649658203125,1.0642226934432983,9.988011360168457,0.028730420395731926
1771525731898652400,0.85265234375,0.9923965930938721,9.954492568969727,0.14365209639072418
1771525731908655000,0.862655029296875,1.0019733905792236,9.839570045471191,0.14844051003456116
1771525731918657800,0.87265771484375,0.910993754863739,9.815628051757812,0.181959331035614
1771525731928660500,0.882660400390625,0.8487445116043091,9.777320861816406,0.28730419278144836
1771525731938663200,0.8926630859375,0.8583213090896606,9.762955665588379,0.28730419278144836
1771525731948665900,0.902665771484375,0.9205705523490906,9.767744064331055,0.2968810200691223
1771525731958668500,0.91266845703125,0.8966285586357117,9.729436874389648,0.4357447028160095
1771525731968671200,0.922671142578125,0.9062053561210632,9.729436874389648,0.44532153010368347
1771525731978674200,0.932674072265625,1.0307037830352783,9.748590469360352,0.26815059781074524
1771525731988676900,0.9426767578125,1.092953085899353,9.791686058044434,0.15322890877723694
1771525731998679600,0.952679443359375,1.1121066808700562,9.786897659301758,-0.05746084079146385
1771525732008682200,0.96268212890625,1.1791443824768066,9.806051254272461,-0.3256114423274994
1771525732018685000,0.972684814453125,1.1456254720687866,9.839570045471191,-0.3495534360408783
1771525732028687600,0.9826875,1.0115501880645752,9.753378868103027,-0.2825157940387726
1771525732038690300,0.992690185546875,0.9157821536064148,9.79647445678711,-0.2059013396501541
1771525732048693000,1.00269287109375,0.872686505317688,9.758167266845703,-0.009576806798577309
1771525732058695700,1.01269580078125,0.7721300721168518,9.695918083190918,0.2537853717803955
1771525732068698400,1.022698486328125,0.7433996200561523,9.686341285705566,0.2059013396501541
1771525732078701000,1.032701171875,0.8678981065750122,9.748590469360352,0.09576806426048279
1771525732088703700,1.042703857421875,0.9301473498344421,9.815628051757812,0.11013327538967133
1771525732098706400,1.05270654296875,0.9636662006378174,9.834781646728516,0.11971008777618408
1771525732108709400,1.06270947265625,0.9828197956085205,9.825204849243164,0.09576806426048279
1771525732118712000,1.072712158203125,0.9636662006378174,9.834781646728516,0.1149216815829277
1771525732128714800,1.08271484375,0.9397241473197937,9.801262855529785,0.2059013396501541
1771525732138717400,1.092717529296875,0.9205705523490906,9.762955665588379,0.2059013396501541
1771525732148720000,1.10272021484375,0.9349357485771179,9.762955665588379,0.14365209639072418
1771525732158722800,1.112722900390625,0.9157821536064148,9.753378868103027,0.1388636976480484
1771525732178728200,1.132728271484375,0.9205705523490906,9.810839653015137,0.10534487664699554
1771525732188731000,1.14273095703125,0.9349357485771179,9.839570045471191,0.06703764945268631
1771525732198733600,1.152733642578125,1.0115501880645752,9.810839653015137,0.1628057211637497
1771525732208736300,1.162736328125,1.049857497215271,9.79647445678711,0.19153612852096558
1771525732218739000,1.172739013671875,1.0211269855499268,9.820416450500488,0.11971008777618408
1771525732228742000,1.182741943359375,0.9205705523490906,9.88745403289795,0.047884032130241394
1771525732238744600,1.19274462890625,0.829590916633606,9.839570045471191,0.15322890877723694
1771525732248747300,1.202747314453125,0.8343793153762817,9.858723640441895,0.2106897532939911
1771525732258750000,1.21275,0.9876081943511963,9.882665634155273,0.19632454216480255
1771525732268752600,1.222752685546875,1.0642226934432983,9.877877235412598,0.28730419278144836
1771525732278755300,1.23275537109375,1.0881646871566772,9.873088836669922,0.31603461503982544
1771525732288758000,1.242758056640625,1.0642226934432983,9.820416450500488,0.3016694188117981
1771525732298760700,1.2527607421875,1.016338586807251,9.839570045471191,0.24420857429504395
1771525732308763400,1.262763427734375,0.9971849918365479,9.868300437927246,0.19153612852096558
1771525732318766000,1.27276611328125,0.9828197956085205,9.839570045471191,0.1149216815829277
1771525732328768800,1.282768798828125,0.9445125460624695,9.858723640441895,0.12928688526153564
1771525732338771500,1.292771484375,0.9349357485771179,9.825204849243164,0.08140286058187485
1771525732348774100,1.302774169921875,0.8678981065750122,9.868300437927246,-0.038307227194309235
1771525732358777000,1.312777099609375,0.8535329103469849,9.916184425354004,-0.17238251864910126
1771525732368779800,1.32277978515625,0.8678981065750122,9.901819229125977,-0.16759411990642548
1771525732378782500,1.332782470703125,0.9349357485771179,9.86351203918457,-0.19153612852096558
1771525732388785200,1.34278515625,0.9205705523490906,9.844358444213867,-0.1628057211637497
1771525732398787800,1.352787841796875,0.8391677141189575,9.806051254272461,-0.009576806798577309
1771525732408790500,1.36279052734375,0.7433996200561523,9.786897659301758,0.043095629662275314
1771525732418793200,1.372793212890625,0.8774749040603638,9.77253246307373,-0.028730420395731926
1771525732428796000,1.3827958984375,0.9780313968658447,9.801262855529785,0.014365210197865963
1771525732438798600,1.392798583984375,1.116895079612732,9.791686058044434,0.06224924325942993
1771525732448801300,1.40280126953125,1.2844891548156738,9.825204849243164,0.1149216815829277
1771525732458804000,1.412803955078125,1.2509703636169434,9.801262855529785,0.15801730751991272
1771525732468806700,1.422806640625,1.0833762884140015,9.820416450500488,0.17717093229293823
1771525732478809300,1.432809326171875,0.9397241473197937,9.834781646728516,0.1628057211637497
1771525732488812300,1.442812255859375,0.872686505317688,9.844358444213867,0.13407529890537262
1771525732498815000,1.45281494140625,0.9062053561210632,9.849146842956543,0.15801730751991272
1771525732508817700,1.462817626953125,0.8918401598930359,9.825204849243164,0.1867477297782898
1771525732518820400,1.4728203125,0.973242998123169,9.753378868103027,0.12928688526153564
1771525732528823000,1.482822998046875,1.1791443824768066,9.786897659301758,0.11971008777618408
1771525732538825700,1.49282568359375,1.1743559837341309,9.791686058044434,0.019153613597154617
1771525732548828400,1.502828369140625,1.1791443824768066,9.825204849243164,-0.07182604819536209
1771525732558831000,1.5128310546875,1.1408370733261108,9.801262855529785,-0.038307227194309235
1771525732568833800,1.522833740234375,1.049857497215271,9.79647445678711,-0.019153613597154617
1771525732578836500,1.53283642578125,0.9684545993804932,9.79647445678711,-0.043095629662275314
1771525732588839200,1.542839111328125,0.9445125460624695,9.806051254272461,-0.05267243832349777
1771525732598841900,1.552841796875,0.9876081943511963,9.79647445678711,-0.023942016065120697
1771525732608844800,1.5628447265625,1.0881646871566772,9.820416450500488,-0.019153613597154617
1771525732618847500,1.572847412109375,1.0642226934432983,9.844358444213867,0.014365210197865963
1771525732628850200,1.58285009765625,1.0259153842926025,9.849146842956543,0.08140286058187485
1771525732638852900,1.592852783203125,1.0642226934432983,9.810839653015137,0.1388636976480484
1771525732648855600,1.60285546875,1.1408370733261108,9.820416450500488,0.14365209639072418
1771525732658858200,1.612858154296875,1.1456254720687866,9.786897659301758,0.1628057211637497
1771525732668861000,1.62286083984375,1.0785878896713257,9.786897659301758,0.23942017555236816
1771525732678863600,1.632863525390625,0.9445125460624695,9.767744064331055,0.2777273952960968
1771525732698869000,1.652868896484375,0.8056488633155823,9.748590469360352,0.13407529890537262
1771525732708871700,1.66287158203125,0.8774749040603638,9.739013671875,0.08619125932455063
1771525732718874400,1.672874267578125,0.8870517015457153,9.734225273132324,-0.033518824726343155
1771525732728877000,1.682876953125,0.9157821536064148,9.734225273132324,-0.15322890877723694
1771525732738880000,1.6928798828125,0.9684545993804932,9.734225273132324,-0.1867477297782898
1771525732748882700,1.702882568359375,0.9205705523490906,9.739013671875,-0.19632454216480255
1771525732758885400,1.712885498046875,0.8535329103469849,9.777320861816406,-0.14365209639072418
1771525732768888000,1.72288818359375,0.872686505317688,9.77253246307373,-0.05267243832349777
1771525732778890800,1.732890869140625,0.9062053561210632,9.79647445678711,0.06703764945268631
1771525732788893400,1.7428935546875,0.9062053561210632,9.820416450500488,0.1149216815829277
1771525732798896000,1.752896240234375,0.9301473498344421,9.849146842956543,0.11013327538967133
1771525732808898800,1.76289892578125,1.0211269855499268,9.873088836669922,0.14844051003456116
1771525732818901500,1.772901611328125,1.049857497215271,9.873088836669922,0.10534487664699554
1771525732828904200,1.782904296875,1.0402805805206299,9.925761222839355,0.009576806798577309
1771525732838907000,1.792906982421875,1.0115501880645752,9.9401273727417,0.05267243832349777
1771525732848909600,1.80290966796875,0.9493009448051453,9.92097282409668,0.1388636976480484
1771525732858912500,1.81291259765625,0.9205705523490906,9.911396026611328,0.1388636976480484
1771525732868915200,1.822915283203125,0.9493009448051453,9.916184425354004,0.11971008777618408
1771525732878918000,1.83291796875,0.9828197956085205,9.935338973999023,0.11013327538967133
1771525732888920600,1.842920654296875,1.0019733905792236,9.906607627868652,0.15322890877723694
1771525732898923300,1.85292333984375,1.0450690984725952,9.877877235412598,0.181959331035614
1771525732908926000,1.862926025390625,1.0259153842926025,9.86351203918457,0.16759411990642548
1771525732918928600,1.8729287109375,0.9445125460624695,9.844358444213867,0.15801730751991272
1771525732928931300,1.882931396484375,0.9062053561210632,9.844358444213867,0.1388636976480484
1771525732938934000,1.89293408203125,0.9062053561210632,9.810839653015137,0.1628057211637497
1771525732948936700,1.902936767578125,0.8487445116043091,9.777320861816406,0.2106897532939911
1771525732958939400,1.912939453125,0.7817068696022034,9.748590469360352,0.17238251864910126
1771525732968942000,1.922942138671875,0.7721300721168518,9.724648475646973,0.12928688526153564
1771525732978944800,1.93294482421875,0.8248024582862854,9.710283279418945,0.090979665517807
1771525732988947700,1.94294775390625,0.9205705523490906,9.691129684448242,0
1771525732998950400,1.952950439453125,0.8966285586357117,9.719860076904297,-0.06224924325942993
1771525733008953000,1.962953125,0.7481880187988281,9.715071678161621,-0.06224924325942993
1771525733018955800,1.972955810546875,0.5997475385665894,9.691129684448242,0.004788403399288654
1771525733028958500,1.98295849609375,0.6763619780540466,9.657610893249512,0.05267243832349777
1771525733038961200,1.992961181640625,0.7912836670875549,9.676764488220215,0.12449848651885986
1771525733048963800,2.0029638671875,0.767341673374176,9.691129684448242,0.10055647045373917
1771525733058966500,2.012966552734375,0.7577648162841797,9.748590469360352,0.047884032130241394
1771525733068969200,2.02296923828125,0.8918401598930359,9.767744064331055,0.06224924325942993
1771525733078972000,2.032971923828125,1.016338586807251,9.777320861816406,0.09576806426048279
1771525733088974600,2.042974609375,0.9253589510917664,9.810839653015137,0.07661445438861847
1771525733098977300,2.052977294921875,0.767341673374176,9.853935241699219,0.08140286058187485
1771525733108980000,2.06297998046875,0.7769184708595276,9.868300437927246,0.023942016065120697
1771525733118983000,2.07298291015625,0.9349357485771179,9.882665634155273,-0.023942016065120697
1771525733128985600,2.082985595703125,0.973242998123169,9.877877235412598,0.004788403399288654
1771525733138988300,2.09298828125,0.8822633028030396,9.877877235412598,0.06224924325942993
1771525733148991000,2.102990966796875,0.8056488633155823,9.849146842956543,0.07661445438861847
1771525733158993700,2.11299365234375,0.8104372620582581,9.858723640441895,0.09576806426048279
1771525733168996400,2.122996337890625,0.8631097078323364,9.834781646728516,0.11013327538967133
1771525733178999000,2.1329990234375,0.872686505317688,9.839570045471191,0.10055647045373917
1771525733189001700,2.143001708984375,0.8391677141189575,9.839570045471191,0.09576806426048279
1771525733199004400,2.15300439453125,0.767341673374176,9.844358444213867,0.11013327538967133
1771525733209007000,2.163007080078125,0.7481880187988281,9.834781646728516,0.11013327538967133
1771525733219009800,2.173009765625,0.8104372620582581,9.806051254272461,0.10055647045373917
1771525733229012500,2.183012451171875,0.9157821536064148,9.806051254272461,0.05746084079146385
1771525733239015400,2.193015380859375,0.9349357485771179,9.810839653015137,0.043095629662275314
1771525733249018000,2.20301806640625,0.8678981065750122,9.806051254272461,0.038307227194309235
1771525733259020800,2.213020751953125,0.8248024582862854,9.834781646728516,0.033518824726343155
1771525733269023500,2.2230234375,0.8152256608009338,9.834781646728516,0.08619125932455063
1771525733279026200,2.233026123046875,0.8439561128616333,9.801262855529785,0.11013327538967133
1771525733289028900,2.24302880859375,0.9349357485771179,9.825204849243164,0.038307227194309235
1771525733299031600,2.253031494140625,0.973242998123169,9.844358444213867,-0.07661445438861847
1771525733309034200,2.2630341796875,0.9636662006378174,9.844358444213867,-0.10534487664699554
1771525733319037000,2.273036865234375,0.9636662006378174,9.834781646728516,-0.023942016065120697
1771525733329039600,2.28303955078125,0.9253589510917664,9.844358444213867,-0.009576806798577309
1771525733339042300,2.293042236328125,0.8487445116043091,9.839570045471191,0.047884032130241394
1771525733349045000,2.303044921875,0.8487445116043091,9.858723640441895,0.033518824726343155
1771525733359047700,2.313047607421875,1.016338586807251,9.858723640441895,0.028730420395731926
1771525733369050600,2.323050537109375,1.0690110921859741,9.839570045471191,0.07661445438861847
1771525733379053300,2.33305322265625,0.9636662006378174,9.820416450500488,0.12928688526153564
1771525733389056000,2.343055908203125,0.8343793153762817,9.762955665588379,0.14844051003456116
1771525733399058700,2.35305859375,0.8056488633155823,9.762955665588379,0.12928688526153564
1771525733409061400,2.363061279296875,0.6811503767967224,9.791686058044434,0.06224924325942993
1771525733419064000,2.37306396484375,0.6045359373092651,9.815628051757812,-0.014365210197865963
1771525733429066800,2.383066650390625,0.6476315855979919,9.810839653015137,-0.10055647045373917
1771525733439069400,2.3930693359375,0.8966285586357117,9.791686058044434,-0.10534487664699554
1771525733449072000,2.403072021484375,1.0211269855499268,9.810839653015137,-0.06703764945268631
1771525733459074800,2.41307470703125,0.9301473498344421,9.810839653015137,-0.047884032130241394
1771525733469077500,2.423077392578125,0.872686505317688,9.79647445678711,-0.043095629662275314
1771525733479080200,2.433080078125,0.8870517015457153,9.782109260559082,-0.043095629662275314
1771525733489083100,2.443083251953125,0.9876081943511963,9.748590469360352,0.047884032130241394
1771525733499085800,2.4530859375,0.9540894031524658,9.734225273132324,0.06224924325942993
1771525733509088500,2.463088623046875,0.8248024582862854,9.734225273132324,-0.023942016065120697
1771525733519091200,2.47309130859375,0.7433996200561523,9.758167266845703,-0.090979665517807
1771525733529094000,2.483093994140625,0.7577648162841797,9.743802070617676,-0.14365209639072418
1771525733539096600,2.4930966796875,0.7864952683448792,9.758167266845703,-0.1628057211637497
1771525733549099300,2.503099365234375,0.7529764175415039,9.777320861816406,-0.1149216815829277
1771525733559098600,2.5130986328125,0.6715735793113708,9.77253246307373,-0.07182604819536209
1771525733579097600,2.53309765625,0.8200140595436096,9.791686058044434,-0.07661445438861847
1771525733589098000,2.543097900390625,0.9014169573783875,9.782109260559082,-0.004788403399288654
1771525733599098600,2.5530986328125,0.872686505317688,9.777320861816406,0.06224924325942993
1771525733609100300,2.563100341796875,0.8008604645729065,9.782109260559082,0.090979665517807
1771525733619102200,2.573102294921875,0.7625532150268555,9.820416450500488,0.043095629662275314
1771525733629105200,2.583105224609375,0.7625532150268555,9.853935241699219,0
1771525733639108600,2.593108642578125,0.7960720658302307,9.839570045471191,0.019153613597154617
1771525733649112600,2.603112548828125,0.7864952683448792,9.815628051757812,-0.009576806798577309
1771525733659117000,2.613116943359375,0.8200140595436096,9.806051254272461,-0.038307227194309235
1771525733669122000,2.6231220703125,0.8439561128616333,9.782109260559082,0
1771525733679127300,2.633127197265625,0.7960720658302307,9.758167266845703,0.009576806798577309
1771525733689132800,2.6431328125,0.7864952683448792,9.748590469360352,0.009576806798577309
1771525733699138300,2.65313818359375,0.8391677141189575,9.734225273132324,0.023942016065120697
1771525733709143300,2.663143310546875,0.8870517015457153,9.739013671875,0.038307227194309235
1771525733719146000,2.67314599609375,0.8870517015457153,9.719860076904297,0.033518824726343155
1771525733729148700,2.683148681640625,0.8966285586357117,9.719860076904297,0.028730420395731926
1771525733739151400,2.6931513671875,0.8918401598930359,9.710283279418945,0
1771525733749154000,2.703154052734375,0.8535329103469849,9.715071678161621,-0.06224924325942993
1771525733759156700,2.71315673828125,0.8200140595436096,9.734225273132324,-0.07182604819536209
1771525733769159400,2.723159423828125,0.6667851805686951,9.724648475646973,-0.07661445438861847
1771525733779162000,2.733162109375,0.48482584953308105,9.715071678161621,-0.043095629662275314
1771525733789164800,2.743164794921875,0.43694180250167847,9.70549488067627,-0.009576806798577309
1771525733799167500,2.75316748046875,0.5231330990791321,9.710283279418945,-0.028730420395731926
1771525733809170200,2.763170166015625,0.6524199843406677,9.739013671875,-0.05746084079146385
1771525733819172900,2.7731728515625,0.8056488633155823,9.791686058044434,-0.07182604819536209
1771525733829175300,2.78317529296875,0.8631097078323364,9.77253246307373,-0.038307227194309235
1771525733839178000,2.793177978515625,0.9014169573783875,9.791686058044434,-0.07182604819536209
1771525733849180700,2.8031806640625,0.8678981065750122,9.777320861816406,-0.08140286058187485
1771525733859183400,2.813183349609375,0.6811503767967224,9.782109260559082,-0.047884032130241394
1771525733869186000,2.82318603515625,0.5518634915351868,9.762955665588379,-0.004788403399288654
1771525733879188700,2.833188720703125,0.4991910457611084,9.743802070617676,0.004788403399288654
1771525733889191400,2.84319140625,0.4321534037590027,9.734225273132324,-0.009576806798577309
1771525733899194000,2.853194091796875,0.4034229815006256,9.743802070617676,-0.023942016065120697
1771525733909196500,2.863196533203125,0.4082113802433014,9.743802070617676,-0.05746084079146385
1771525733929202000,2.883201904296875,0.38905778527259827,9.748590469360352,-0.019153613597154617
1771525733939204600,2.89320458984375,0.3315969407558441,9.753378868103027,-0.019153613597154617
1771525733949207300,2.903207275390625,0.3172317147254944,9.79647445678711,-0.05746084079146385
1771525733959210000,2.9132099609375,0.2645592987537384,9.815628051757812,-0.06224924325942993
1771525733969212700,2.923212646484375,0.3124433159828186,9.791686058044434,-0.004788403399288654
1771525733979215400,2.93321533203125,0.39384618401527405,9.810839653015137,0.047884032130241394
1771525733989217800,2.9432177734375,0.365115761756897,9.844358444213867,0.08619125932455063
1771525733999220500,2.953220458984375,0.3076549172401428,9.844358444213867,0.1628057211637497
1771525734009223200,2.96322314453125,0.29807811975479126,9.849146842956543,0.22505496442317963
1771525734019225900,2.973225830078125,0.38905778527259827,9.882665634155273,0.2537853717803955
1771525734029228500,2.983228515625,0.4944026470184326,9.8970308303833,0.272938996553421
1771525734039231200,2.993231201171875,0.6236895322799683,9.868300437927246,0.26336219906806946
1771525734049234000,3.00323388671875,0.7912836670875549,9.8970308303833,0.20111294090747833
1771525734059236600,3.013236572265625,0.829590916633606,9.8970308303833,0.1388636976480484
1771525734069239300,3.0232392578125,0.7577648162841797,9.892242431640625,0.11971008777618408
1771525734079242000,3.033241943359375,0.6524199843406677,9.858723640441895,0.1628057211637497
1771525734089244700,3.04324462890625,0.628477931022644,9.82999324798584,0.17717093229293823
1771525734099247600,3.05324755859375,0.729034423828125,9.791686058044434,0.15322890877723694
1771525734109250300,3.063250244140625,0.8631097078323364,9.719860076904297,0.19153612852096558
1771525734119253000,3.0732529296875,0.973242998123169,9.710283279418945,0.181959331035614
1771525734129255700,3.083255615234375,0.9780313968658447,9.729436874389648,0.14365209639072418
1771525734139258400,3.09325830078125,0.9349357485771179,9.758167266845703,0.15801730751991272
1771525734149261000,3.103260986328125,0.8439561128616333,9.825204849243164,0.12928688526153564
1771525734159263700,3.113263671875,0.6955155730247498,9.916184425354004,0.09576806426048279
1771525734169266400,3.123266357421875,0.5183446407318115,9.983222961425781,0.15322890877723694
1771525734179269000,3.13326904296875,0.4513070285320282,9.964069366455078,0.22026655077934265
1771525734189271800,3.143271728515625,0.5422866940498352,9.978434562683105,0.3208230137825012
1771525734199274500,3.1532744140625,0.6859387755393982,9.868300437927246,0.40701428055763245
1771525734209277200,3.163277099609375,0.7577648162841797,9.873088836669922,0.42616790533065796
1771525734219280000,3.17327978515625,0.7146692276000977,9.820416450500488,0.49320554733276367
1771525734229282800,3.18328271484375,0.46567222476005554,9.753378868103027,0.49799394607543945
1771525734239285500,3.193285400390625,0.08259996026754379,9.743802070617676,0.5650315880775452
1771525734249288200,3.2032880859375,-0.32441434264183044,9.667187690734863,0.6033388376235962
1771525734259291000,3.213290771484375,-0.568622887134552,9.652822494506836,0.5650315880775452
1771525734269293600,3.22329345703125,-0.645237386226654,9.667187690734863,0.4596867263317108
1771525734279296300,3.233296142578125,-0.5829881429672241,9.652822494506836,0.3064578175544739
1771525734289299000,3.243298828125,-0.4010287821292877,9.609726905822754,0.08619125932455063
1771525734299301600,3.253301513671875,-0.15682020783424377,9.571419715881348,-0.047884032130241394
1771525734309304300,3.26330419921875,0.0586579404771328,9.542689323425293,-0.047884032130241394
1771525734319307000,3.27330712890625,0.11611878126859665,9.542689323425293,0.014365210197865963
1771525734329309700,3.283309814453125,0.25977087020874023,9.499593734741211,0.019153613597154617
1771525734339312400,3.2933125,0.5279214978218079,9.533112525939941,0.004788403399288654
1771525734349315000,3.303315185546875,0.7098808288574219,9.504382133483887,0.08619125932455063
1771525734359318000,3.313318115234375,0.7721300721168518,9.49001693725586,0.19153612852096558
1771525734369320700,3.32332080078125,0.6476315855979919,9.485228538513184,0.3208230137825012
1771525734379323400,3.333323486328125,0.4034229815006256,9.408614158630371,0.45489832758903503
1771525734389326000,3.343326171875,0.18315643072128296,9.394248962402344,0.5506663918495178
1771525734399328800,3.353328857421875,0.02992752194404602,9.389460563659668,0.569819986820221
1771525734409331500,3.36333154296875,0.08259996026754379,9.403825759887695,0.5219359993934631
1771525734419334100,3.373334228515625,0.13527239859104156,9.408614158630371,0.5027823448181152
1771525734429336800,3.3833369140625,0.2932897210121155,9.39903736114502,0.5123591423034668
1771525734439339500,3.393339599609375,0.5422866940498352,9.494805335998535,0.4165911078453064
1771525734449342200,3.40334228515625,0.6572083830833435,9.475651741027832,0.3208230137825012
1771525734459345000,3.413344970703125,0.7003039717674255,9.518747329711914,0.43095630407333374
1771525734469347600,3.42334765625,0.6811503767967224,9.547477722167969,0.5027823448181152
1771525734479350500,3.4333505859375,0.7003039717674255,9.542689323425293,0.5363011956214905
1771525734489353200,3.443353271484375,0.7864952683448792,9.595361709594727,0.507570743560791
1771525734499356000,3.45335595703125,0.8104372620582581,9.68155288696289,0.5027823448181152
1771525734509358600,3.463358642578125,0.7433996200561523,9.758167266845703,0.47884035110473633
1771525734519361300,3.473361328125,0.690727174282074,9.820416450500488,0.4836287498474121
1771525734529364000,3.483364013671875,0.6189011335372925,9.882665634155273,0.5171475410461426
1771525734539366700,3.49336669921875,0.5566518902778625,9.911396026611328,0.5363011956214905
1771525734549369300,3.503369384765625,0.50876784324646,9.959280967712402,0.5123591423034668
1771525734559372000,3.5133720703125,0.4082113802433014,10.026318550109863,0.4213795065879822
1771525734569374700,3.523374755859375,0.29807811975479126,10.074202537536621,0.4213795065879822
1771525734579377400,3.53337744140625,0.17836803197860718,10.083779335021973,0.5219359993934631
1771525734589380000,3.543380126953125,0.03950432687997818,10.15560531616211,0.6655880808830261
1771525734599382800,3.5533828125,0.09696517139673233,10.174758911132812,0.7374141216278076
1771525734609385700,3.5633857421875,0.13048399984836578,10.270526885986328,0.8044517636299133
1771525734619388400,3.573388427734375,0.1735796183347702,10.323199272155762,0.8571242094039917
1771525734639393800,3.593393798828125,0.3172317147254944,10.538677215576172,0.9241618514060974
1771525734649396500,3.603396484375,0.2214636504650116,10.682329177856445,0.8906430602073669
1771525734659399200,3.613399169921875,0.2214636504650116,10.845134735107422,0.8188169598579407
1771525734669401900,3.62340185546875,0.3124433159828186,10.993576049804688,0.7374141216278076
1771525734679404500,3.633404541015625,0.5327098965644836,11.209053993225098,0.6607996821403503
1771525734689407200,3.6434072265625,0.6332663297653198,11.381436347961426,0.5985504388809204
1771525734699410000,3.653409912109375,0.6476315855979919,11.577760696411133,0.5841852426528931
1771525734709412600,3.66341259765625,0.6093243360519409,11.673528671264648,0.5793967843055725
1771525734719415300,3.673415283203125,0.5183446407318115,11.730989456176758,0.4596867263317108
1771525734729418200,3.683418212890625,0.5662286877632141,11.663951873779297,0.33997663855552673
1771525734739421000,3.6934208984375,0.6667851805686951,11.563395500183105,0.17238251864910126
1771525734749423600,3.703423583984375,0.7721300721168518,11.304821968078613,-0.028730420395731926
1771525734759426300,3.71342626953125,0.8200140595436096,11.074978828430176,-0.2585737705230713
1771525734769429000,3.723428955078125,0.9205705523490906,10.816404342651367,-0.3878606855869293
1771525734779431700,3.733431640625,1.049857497215271,10.701482772827148,-0.26815059781074524
1771525734789434400,3.743434326171875,0.9780313968658447,10.5530424118042,-0.009576806798577309
1771525734799437000,3.75343701171875,1.035492181777954,10.476428031921387,0.2346317619085312
1771525734809439700,3.763439697265625,1.313219666481018,10.428544044494629,0.3926490843296051
1771525734829445000,3.783445068359375,2.874239206314087,10.193912506103516,0.4884171485900879
1771525734839447800,3.79344775390625,3.621230125427246,9.9401273727417,0.37828385829925537
1771525734849450500,3.803450439453125,4.1862616539001465,9.667187690734863,0.1628057211637497
1771525734859453400,3.813453369140625,4.444835662841797,9.485228538513184,0.043095629662275314
1771525734869456100,3.8234560546875,4.124012470245361,9.437344551086426,-0.023942016065120697
1771525734879458800,3.833458740234375,3.2142157554626465,9.427767753601074,0.043095629662275314
1771525734889461500,3.84346142578125,1.9835960865020752,9.437344551086426,0.2585737705230713
1771525734899464200,3.853464111328125,0.8248024582862854,9.504382133483887,0.42616790533065796
1771525734909467000,3.863466796875,-0.061052143573760986,9.585784912109375,0.33039984107017517
1771525734919469600,3.873469482421875,-0.41539400815963745,9.710283279418945,0.14844051003456116
1771525734929472300,3.88347216796875,-0.45848962664604187,9.79647445678711,-0.10055647045373917
1771525734939475000,3.893474853515625,-0.18555063009262085,9.77253246307373,-0.4213795065879822
1771525734949477600,3.9034775390625,0.32202014327049255,9.710283279418945,-0.6991068720817566
1771525734959480300,3.913480224609375,1.0019733905792236,9.600150108337402,-0.7613561153411865
1771525734969483000,3.92348291015625,1.624465823173523,9.475651741027832,-0.7230489253997803
1771525734979485700,3.933485595703125,1.9835960865020752,9.331999778747559,-0.6129156351089478
1771525734989488600,3.943488525390625,2.227804660797119,9.202713012695312,-0.40701428055763245
1771525734999491300,3.9534912109375,2.3331496715545654,9.1260986328125,-0.1388636976480484
1771525735009494000,3.963493896484375,2.3810336589813232,9.025542259216309,0.14844051003456116
1771525735019496700,3.97349658203125,2.3044190406799316,8.9249849319458,0.3734954595565796
1771525735029499400,3.98349951171875,2.055422067642212,8.834005355834961,0.5123591423034668
1771525735039502000,3.993502197265625,1.7585411071777344,8.776544570922852,0.5363011956214905
1771525735049504800,4.0035048828125,1.6484078168869019,8.714295387268066,0.40222588181495667
1771525735059507500,4.013507568359375,1.6531962156295776,8.594585418701172,0.15322890877723694
1771525735069510100,4.02351025390625,1.5430630445480347,8.580220222473145,0.023942016065120697
1771525735079512800,4.033512939453125,1.4520833492279053,8.474875450134277,-0.19632454216480255
1771525735089515500,4.043515625,1.217451572418213,8.465298652648926,-0.24899697303771973
1771525735099518200,4.053518310546875,1.0019733905792236,8.36953067779541,-0.2585737705230713
1771525735109521200,4.063521240234375,0.8343793153762817,8.417414665222168,-0.2059013396501541
1771525735119523800,4.07352392578125,0.8104372620582581,8.465298652648926,-0.1867477297782898
1771525735129526500,4.083526611328125,0.9588778018951416,8.503605842590332,-0.17238251864910126
1771525735139529200,4.093529296875,1.116895079612732,8.575431823730469,-0.20111294090747833
1771525735149532000,4.103531982421875,1.169567584991455,8.666411399841309,-0.3016694188117981
1771525735159534600,4.11353466796875,1.1312602758407593,8.771756172180176,-0.35913026332855225
1771525735169537300,4.123537353515625,1.0546458959579468,8.886677742004395,-0.3447650372982025
1771525735179540000,4.1335400390625,0.9397241473197937,9.030330657958984,-0.3687070608139038
1771525735189542700,4.143542724609375,0.7242460250854492,9.221866607666016,-0.37828385829925537
1771525735199545300,4.15354541015625,0.5374982953071594,9.446921348571777,-0.3926490843296051
1771525735209548000,4.163548095703125,0.4129997789859772,9.662399291992188,-0.33518823981285095
1771525735219550700,4.17355078125,0.48961424827575684,9.882665634155273,-0.28730419278144836
1771525735229553400,4.183553466796875,0.7003039717674255,10.102932929992676,-0.2777273952960968
1771525735239556400,4.193556396484375,0.8966285586357117,10.366294860839844,-0.3016694188117981
1771525735249559000,4.20355908203125,0.9588778018951416,10.567407608032227,-0.3495534360408783
1771525735259561700,4.213561767578125,1.0067617893218994,10.821192741394043,-0.3974374830722809
1771525735269564400,4.223564453125,0.9636662006378174,11.01272964477539,-0.4118026793003082
1771525735279567000,4.233567138671875,0.829590916633606,11.261726379394531,-0.33997663855552673
1771525735289569800,4.24356982421875,0.7864952683448792,11.46762752532959,-0.33997663855552673
1771525735299572500,4.253572509765625,0.9014169573783875,11.663951873779297,-0.35434186458587646
1771525735309575200,4.2635751953125,1.1216834783554077,11.793238639831543,-0.22026655077934265
1771525735319577900,4.273577880859375,1.3706804513931274,11.879429817199707,-0.047884032130241394
1771525735329580500,4.28358056640625,1.581370234489441,12.003929138183594,0.14365209639072418
1771525735339583200,4.293583251953125,1.5670050382614136,12.061389923095703,0.3926490843296051
1771525735349586000,4.3035859375,1.4089876413345337,12.142792701721191,0.7182605266571045
1771525735359588600,4.313588623046875,1.0402805805206299,12.205041885375977,0.9528923034667969
1771525735369591300,4.32359130859375,0.5949591398239136,12.066178321838379,1.235408067703247
1771525735379594000,4.333593994140625,0.44173020124435425,11.8411226272583,1.2976573705673218
1771525735389596700,4.3435966796875,0.6189011335372925,11.640009880065918,1.1971008777618408
1771525735399599400,4.353599365234375,1.1791443824768066,11.333552360534668,0.9145850539207458
1771525735409602000,4.36360205078125,2.1368250846862793,10.974422454833984,0.3926490843296051
1771525735419604700,4.373604736328125,3.180696964263916,10.682329177856445,-0.047884032130241394
1771525735429607200,4.383607177734375,3.932476282119751,10.327987670898438,-0.24899697303771973
1771525735439609900,4.39360986328125,4.061763286590576,10.088567733764648,-0.33997663855552673
1771525735449612500,4.403612548828125,3.2764649391174316,10.016741752624512,-0.15322890877723694
1771525735459615200,4.413615234375,1.8590975999832153,9.844358444213867,0.272938996553421
1771525735469618000,4.423617919921875,0.6667851805686951,9.767744064331055,0.6368576288223267
1771525735479620600,4.43362060546875,-0.1999158412218094,9.782109260559082,0.790086567401886
1771525735489623300,4.443623291015625,-0.7841010689735413,9.724648475646973,0.8571242094039917
1771525735499626000,4.4536259765625,-0.9660604000091553,9.695918083190918,0.790086567401886
1771525735509628400,4.46362841796875,-0.6356605291366577,9.49001693725586,0.5746083855628967
1771525735519631000,4.473631103515625,0.07781155407428741,9.21707820892334,0.45010992884635925
1771525735529633800,4.4836337890625,0.9923965930938721,8.948927879333496,0.38307225704193115
1771525735539636500,4.493636474609375,1.9309237003326416,8.752602577209473,0.19153612852096558
1771525735549639200,4.50363916015625,2.6396074295043945,8.513182640075684,0.17238251864910126
1771525735559641900,4.513641845703125,2.960430383682251,8.283339500427246,0.31124621629714966
1771525735569644500,4.52364453125,2.960430383682251,8.130110740661621,0.44532153010368347
1771525735579647200,4.533647216796875,2.8215668201446533,7.933785915374756,0.47405192255973816
1771525735589649700,4.543649658203125,2.5965118408203125,7.761403560638428,0.4692635238170624
1771525735599652400,4.55365234375,2.2373814582824707,7.593809127807617,0.5123591423034668
1771525735609655000,4.563655029296875,1.744175910949707,7.512406349182129,0.507570743560791
1771525735619657700,4.57365771484375,1.4281413555145264,7.464522361755371,0.3208230137825012
1771525735629660400,4.583660400390625,1.2701239585876465,7.459733963012695,0.17238251864910126
1771525735639663000,4.5936630859375,1.0977414846420288,7.512406349182129,0.17238251864910126
1771525735649665800,4.603665771484375,1.0259153842926025,7.517194747924805,0.2537853717803955
1771525735659668500,4.61366845703125,1.1121066808700562,7.498041152954102,0.23942017555236816
1771525735669671000,4.6236708984375,0.9971849918365479,7.617751121520996,0.23942017555236816
1771525735679673600,4.633673583984375,0.910993754863739,7.7183074951171875,0.2777273952960968
1771525735689676300,4.64367626953125,0.9014169573783875,7.818864345550537,0.3256114423274994
1771525735699679000,4.653678955078125,0.9062053561210632,7.9864583015441895,0.4213795065879822
1771525735709681700,4.663681640625,0.8966285586357117,8.192359924316406,0.569819986820221
1771525735719684400,4.673684326171875,1.0115501880645752,8.388684272766113,0.6607996821403503
1771525735729687300,4.683687255859375,1.2222399711608887,8.575431823730469,0.6033388376235962
1771525735739690000,4.69368994140625,1.1456254720687866,8.862735748291016,0.5171475410461426
1771525735749692700,4.703692626953125,1.0833762884140015,9.169194221496582,0.47884035110473633
1771525735759695400,4.7136953125,0.9062053561210632,9.528324127197266,0.4596867263317108
1771525735769698000,4.723697998046875,0.6332663297653198,9.849146842956543,0.5219359993934631
1771525735779700700,4.73370068359375,0.4704606235027313,10.146028518676758,0.6033388376235962
1771525735789703400,4.743703369140625,0.5518634915351868,10.433332443237305,0.5123591423034668
1771525735799706000,4.7537060546875,0.7050924301147461,10.754155158996582,0.4357447028160095
1771525735809708800,4.763708740234375,0.8248024582862854,11.051036834716797,0.45010992884635925
1771525735819711500,4.77371142578125,0.973242998123169,11.266514778137207,0.5315127968788147
1771525735829714200,4.783714111328125,1.0546458959579468,11.381436347961426,0.6129156351089478
1771525735839716900,4.793716796875,1.0833762884140015,11.563395500183105,0.6847416758537292
1771525735849719600,4.803719482421875,1.1504138708114624,11.640009880065918,0.5841852426528931
1771525735859722500,4.813722412109375,1.2844891548156738,11.750143051147461,0.7661445140838623
1771525735869725200,4.82372509765625,1.5526398420333862,11.769296646118164,0.8092401623725891
1771525735879727900,4.833727783203125,1.7968484163284302,11.936891555786133,0.8427590131759644
1771525735889730600,4.84373046875,1.7729063034057617,12.185888290405273,0.9145850539207458
1771525735899733200,4.853733154296875,1.3946224451065063,12.420519828796387,0.9911994934082031
1771525735909736000,4.86373583984375,0.9923965930938721,12.477980613708496,0.8619126081466675
1771525735919738600,4.873738525390625,0.5662286877632141,12.501922607421875,0.5985504388809204
1771525735929741300,4.8837412109375,0.22625206410884857,12.25771427154541,0.1867477297782898
1771525735939744000,4.893743896484375,0.41778820753097534,11.908161163330078,-0.40701428055763245
1771525735949746700,4.90374658203125,1.0977414846420288,11.491569519042969,-1.0247182846069336
1771525735959749400,4.913749267578125,1.8830395936965942,11.089344024658203,-1.3072341680526733
1771525735969752000,4.923751953125,2.6204538345336914,10.7110595703125,-1.3455413579940796
1771525735979755000,4.933755126953125,2.8455088138580322,10.28010368347168,-1.0247182846069336
1771525735989757700,4.9437578125,2.539050817489624,10.078990936279297,-0.5027823448181152
1771525735999760400,4.953760498046875,1.9788076877593994,10.026318550109863,0.023942016065120697
1771525736009763000,4.96376318359375,1.4760253429412842,9.954492568969727,0.4836287498474121
1771525736019765800,4.973765869140625,1.169567584991455,9.983222961425781,0.7709329724311829
1771525736029768400,4.9837685546875,1.236605167388916,9.930550575256348,0.7469909191131592
1771525736039771100,4.993771240234375,1.5143325328826904,10.021530151367188,0.7757213711738586
1771525736049773800,5.00377392578125,1.7585411071777344,10.035895347595215,0.6320692300796509
1771525736059776500,5.013776611328125,1.9740192890167236,10.00716495513916,0.43095630407333374
1771525736069779200,5.023779296875,2.184709072113037,9.825204849243164,0.15801730751991272
1771525736079782000,5.033781982421875,2.2613234519958496,9.576208114624023,-0.07661445438861847
1771525736089784600,5.04378466796875,2.3714568614959717,9.264962196350098,-0.3064578175544739
1771525736099787300,5.053787353515625,2.409764051437378,8.963293075561523,-0.5267243981361389
1771525736109790200,5.063790283203125,2.318784236907959,8.73344898223877,-0.49799394607543945
1771525736119793000,5.07379296875,2.0937294960021973,8.436568260192871,-0.33997663855552673
1771525736129795600,5.083795654296875,1.868674397468567,8.144475936889648,-0.181959331035614
1771525736139798300,5.09379833984375,1.6053122282028198,7.8092875480651855,-0.028730420395731926
1771525736149801000,5.103801025390625,1.4089876413345337,7.545925140380859,0.14844051003456116
1771525736159803600,5.1138037109375,1.2030863761901855,7.354389190673828,0.12928688526153564
1771525736169806300,5.123806396484375,1.0019733905792236,7.3017168045043945,0.038307227194309235
1771525736179809000,5.13380908203125,0.9014169573783875,7.2586212158203125,0.023942016065120697
1771525736189811700,5.143811767578125,0.829590916633606,7.234679222106934,0.08619125932455063
1771525736199814400,5.153814453125,0.8487445116043091,7.191583156585693,0.12449848651885986
1771525736209817000,5.163817138671875,0.8822633028030396,7.282563209533691,0.21547815203666687
1771525736219819800,5.17381982421875,0.872686505317688,7.36396598815918,0.3734954595565796
1771525736229822700,5.18382275390625,0.7960720658302307,7.526771545410156,0.33997663855552673
1771525736239825400,5.193825439453125,0.7098808288574219,7.7230963706970215,0.23942017555236816
1771525736249828000,5.203828125,0.6476315855979919,7.92899751663208,0.15801730751991272
1771525736259830800,5.213830810546875,0.43694180250167847,8.110957145690918,0.06703764945268631
1771525736269833500,5.22383349609375,0.5758054852485657,8.326435089111328,-0.028730420395731926
1771525736279836200,5.233836181640625,0.9301473498344421,8.637681007385254,-0.21547815203666687
1771525736289838800,5.2438388671875,1.4089876413345337,8.944138526916504,-0.35913026332855225
1771525736299841500,5.253841552734375,1.7633295059204102,9.2841157913208,-0.49320554733276367
1771525736309844200,5.26384423828125,1.8590975999832153,9.604938507080078,-0.5554547905921936
1771525736319847000,5.273846923828125,1.6819267272949219,9.97364616394043,-0.49799394607543945
1771525736329849600,5.283849609375,1.2701239585876465,10.356718063354492,-0.3447650372982025
1771525736339852300,5.293852294921875,1.2461819648742676,10.691905975341797,-0.2537853717803955
1771525736349855000,5.30385498046875,1.3323732614517212,10.940903663635254,-0.3495534360408783
1771525736359858000,5.31385791015625,1.0785878896713257,11.371859550476074,-0.2825157940387726
1771525736369860600,5.323860595703125,1.1408370733261108,11.606491088867188,-0.16759411990642548
1771525736379863300,5.33386328125,1.4185645580291748,11.869853019714355,-0.15801730751991272
1771525736389866000,5.343865966796875,1.7106571197509766,12.066178321838379,-0.033518824726343155
1771525736399868400,5.353868408203125,1.868674397468567,12.185888290405273,0.10534487664699554
1771525736409871000,5.36387109375,1.9788076877593994,12.343905448913574,0.004788403399288654
1771525736419873800,5.373873779296875,1.9261353015899658,12.568960189819336,0.05746084079146385
1771525736429876500,5.38387646484375,1.4089876413345337,12.83711051940918,0.24899697303771973
1771525736439879200,5.393879150390625,0.6141127347946167,13.086108207702637,0.6272808313369751
1771525736449881900,5.4038818359375,-0.11851298063993454,13.181876182556152,1.2401964664459229
1771525736459884500,5.413884521484375,-0.3579331636428833,13.07174301147461,1.6663644313812256
1771525736469887200,5.42388720703125,0.13048399984836578,12.8131685256958,1.5849615335464478
1771525736479889700,5.4338896484375,1.1982979774475098,12.329540252685547,1.2880805730819702
1771525736509897700,5.463897705078125,4.358644008636475,10.897807121276855,0.2346317619085312
1771525736519900400,5.473900390625,3.951629877090454,10.7110595703125,0.45489832758903503
1771525736529903000,5.483903076171875,2.7880477905273438,10.452486038208008,0.9193734526634216
1771525736539905800,5.49390576171875,1.456871747970581,10.217854499816895,1.2689268589019775
1771525736549908500,5.503908447265625,0.4704606235027313,10.035895347595215,1.41257905960083
1771525736559911000,5.513910888671875,-0.11851298063993454,9.853935241699219,1.479616641998291
1771525736569913600,5.52391357421875,-0.3387795388698578,9.710283279418945,1.3646949529647827
1771525736579916300,5.533916259765625,-0.25737667083740234,9.413402557373047,1.1252747774124146
1771525736589919000,5.5439189453125,0.28371289372444153,9.020753860473633,0.8571242094039917
1771525736599921700,5.553921630859375,1.0067617893218994,8.637681007385254,0.6799532771110535
1771525736609924400,5.56392431640625,1.6675615310668945,8.283339500427246,0.6512228846549988
1771525736619927000,5.573927001953125,2.074575662612915,7.967304706573486,0.6416460275650024
1771525736639932200,5.59393212890625,2.4145524501800537,7.340023994445801,0.8092401623725891
1771525736649934800,5.603934814453125,2.232593059539795,7.114968776702881,0.8475474119186401
1771525736659937500,5.6139375,1.9931728839874268,6.899490833282471,0.7374141216278076
1771525736669940200,5.623940185546875,1.868674397468567,6.722319602966309,0.608127236366272
1771525736679943000,5.63394287109375,1.7154455184936523,6.64091682434082,0.45010992884635925
1771525736689945600,5.643945556640625,1.4712369441986084,6.60739803314209,0.3064578175544739
1771525736699948300,5.6539482421875,1.2557587623596191,6.621763229370117,0.09576806426048279
1771525736709951000,5.663950927734375,0.9828197956085205,6.69837760925293,-0.019153613597154617
1771525736719953400,5.673953369140625,0.8583213090896606,6.789357662200928,-0.06703764945268631
1771525736729956000,5.6839560546875,0.8343793153762817,6.875548839569092,-0.009576806798577309
1771525736739958800,5.693958740234375,0.8870517015457153,7.000047206878662,0.11013327538967133
1771525736749961500,5.70396142578125,0.9588778018951416,7.17242956161499,0.22026655077934265
1771525736759964200,5.713964111328125,1.0785878896713257,7.330447196960449,0.3208230137825012
1771525736769966800,5.723966796875,1.1504138708114624,7.531559944152832,0.3495534360408783
1771525736779969500,5.733969482421875,1.1839327812194824,7.80449914932251,0.31603461503982544
1771525736789972200,5.74397216796875,1.1504138708114624,8.134899139404297,0.2585737705230713
1771525736799974700,5.753974609375,1.0881646871566772,8.513182640075684,0.24899697303771973
1771525736809977300,5.763977294921875,0.8870517015457153,8.896254539489746,0.3256114423274994
1771525736819980000,5.77397998046875,0.7817068696022034,9.25059700012207,0.3447650372982025
1771525736829983000,5.78398291015625,0.8391677141189575,9.638457298278809,0.2537853717803955
1771525736839985700,5.793985595703125,0.9923965930938721,10.00716495513916,0.19153612852096558
1771525736849988400,5.80398828125,1.260547161102295,10.366294860839844,0.2106897532939911
1771525736859991000,5.813990966796875,1.581370234489441,10.667963981628418,0.35434186458587646
1771525736869993700,5.82399365234375,1.8255788087844849,10.960057258605957,0.5746083855628967
1771525736879996400,5.833996337890625,1.92134690284729,11.185111999511719,0.8427590131759644
1771525736889999000,5.8439990234375,2.0266916751861572,11.400589942932129,1.0438719987869263
1771525736900001800,5.854001708984375,1.9261353015899658,11.697470664978027,1.2545616626739502
1771525736910004500,5.86400439453125,1.6484078168869019,12.090120315551758,1.460463047027588
1771525736920007200,5.874007080078125,1.4520833492279053,12.262502670288086,1.3694833517074585
1771525736930009900,5.884009765625,1.6340426206588745,12.650362968444824,1.4748282432556152
1771525736940012500,5.894012451171875,1.8782511949539185,12.856264114379883,1.2976573705673218
1771525736950015200,5.90401513671875,2.0410568714141846,13.41171932220459,1.3072341680526733
1771525736960018200,5.91401806640625,1.4856021404266357,13.35425853729248,0.6799532771110535
1771525736970020900,5.924020751953125,1.1408370733261108,13.560159683227539,0.7038952708244324
1771525736980023600,5.9340234375,1.0211269855499268,13.26327896118164,0.24899697303771973
1771525736990026200,5.944026123046875,1.3084312677383423,13.0142822265625,-0.2585737705230713
1771525737000029000,5.95402880859375,2.2038626670837402,12.540229797363281,-0.6129156351089478
1771525737010031600,5.964031494140625,3.4392707347869873,11.989563941955566,-0.7805097699165344
1771525737020034300,5.974034423828125,4.200626850128174,11.367071151733398,-0.6368576288223267
1771525737030037000,5.984037109375,4.162319660186768,10.940903663635254,-0.33518823981285095
1771525737040039700,5.994039794921875,3.161543369293213,10.778097152709961,0.1149216815829277
1771525737050042400,6.00404248046875,1.6675615310668945,10.600926399230957,0.545877993106842
1771525737060045000,6.014045166015625,0.44173020124435425,10.457274436950684,0.6272808313369751
1771525737070047700,6.0240478515625,-0.29568392038345337,10.28010368347168,0.5889736413955688
1771525737080050700,6.03405078125,-0.669179379940033,10.174758911132812,0.545877993106842
1771525737090053400,6.044053466796875,-0.7793126702308655,9.997588157653809,0.44532153010368347
1771525737100056000,6.05405615234375,-0.09457096457481384,9.715071678161621,0.2298433631658554
1771525737110058800,6.064058837890625,1.0019733905792236,9.322422981262207,-0.047884032130241394
1771525737120061400,6.0740615234375,1.9596540927886963,8.972869873046875,-0.272938996553421
1771525737130064100,6.084064208984375,2.519897222518921,8.599373817443848,-0.45010992884635925
1771525737140066800,6.09406689453125,2.5917234420776367,8.331223487854004,-0.6416460275650024
1771525737150069500,6.104069580078125,2.3953988552093506,8.130110740661621,-0.49799394607543945
1771525737160072200,6.114072265625,2.2613234519958496,7.790133953094482,-0.29209262132644653
1771525737170075000,6.124074951171875,2.227804660797119,7.641693115234375,-0.2537853717803955
1771525737180077600,6.13407763671875,2.275688648223877,7.459733963012695,-0.2537853717803955
1771525737190080300,6.144080322265625,2.227804660797119,7.263409614562988,-0.2298433631658554
1771525737200083000,6.1540830078125,2.1368250846862793,7.105391979217529,-0.17717093229293823
1771525737210086000,6.1640859375,2.01232647895813,6.909067630767822,0.004788403399288654
1771525737220088600,6.174088623046875,1.8399440050125122,6.83245325088501,0.09576806426048279
1771525737240094000,6.194093994140625,1.6340426206588745,6.980893611907959,0.3878606855869293
1771525737250096600,6.2040966796875,1.5430630445480347,6.9904704093933105,0.40222588181495667
1771525737260099300,6.214099365234375,1.4760253429412842,7.268198013305664,0.3447650372982025
1771525737270102000,6.22410205078125,1.5622166395187378,7.373542785644531,0.28730419278144836
1771525737280104700,6.234104736328125,1.6292542219161987,7.689577102661133,0.16759411990642548
1771525737290107400,6.244107421875,1.725022315979004,7.828441143035889,0.033518824726343155
1771525737300110000,6.254110107421875,1.7872716188430786,8.077438354492188,-0.2059013396501541
1771525737330118100,6.2841181640625,1.8543092012405396,8.958504676818848,-0.5889736413955688
1771525737340120800,6.294120849609375,1.92134690284729,9.226655006408691,-0.7134721279144287
1771525737350123500,6.30412353515625,2.007538080215454,9.643245697021484,-0.9097966551780701
1771525737360126200,6.314126220703125,2.0649988651275635,9.968857765197754,-0.9959878921508789
1771525737370129000,6.32412890625,2.0410568714141846,10.356718063354492,-1.0342950820922852
1771525737380131600,6.334131591796875,1.92134690284729,10.725424766540527,-1.1061211824417114
1771525737390134300,6.34413427734375,1.7920600175857544,11.137228012084961,-0.9911994934082031
1771525737400136700,6.35413671875,1.657984733581543,11.491569519042969,-0.9097966551780701
1771525737410139400,6.364139404296875,1.4472949504852295,11.960833549499512,-0.7565677165985107
1771525737420142000,6.37414208984375,2.007538080215454,12.219407081604004,-0.363918662071228
1771525737430144800,6.384144775390625,2.1511902809143066,12.420519828796387,-0.08619125932455063
1771525737440147500,6.3941474609375,2.2421698570251465,12.583325386047363,0.07661445438861847
1771525737450150100,6.404150146484375,2.4001872539520264,12.77964973449707,0.10055647045373917
1771525737460152800,6.41415283203125,2.103306293487549,12.904149055480957,0.33518823981285095
1771525737470155500,6.424155517578125,1.3994108438491821,13.119626998901367,0.6655880808830261
1771525737480158000,6.434157958984375,0.6619967818260193,13.268067359924316,1.2018892765045166
1771525737490160600,6.44416064453125,-0.03711012750864029,13.191452980041504,1.5897499322891235
1771525737500163300,6.454163330078125,-0.12330138683319092,13.04780101776123,1.3742717504501343
1771525737510166000,6.464166015625,0.4129997789859772,12.851475715637207,0.9672574996948242
1771525737520168700,6.474168701171875,1.3515268564224243,12.434885025024414,0.5746083855628967
1771525737530171400,6.48417138671875,2.404975652694702,12.056601524353027,0.043095629662275314
1771525737540174000,6.494174072265625,3.089717388153076,11.726201057434082,-0.2968810200691223
1771525737550176800,6.5041767578125,3.0178911685943604,11.424531936645508,-0.21547815203666687
1771525737560179200,6.51417919921875,3.2381577491760254,10.964845657348633,0.11971008777618408
1771525737570182000,6.524181884765625,0.7577648162841797,11.0701904296875,0.2777273952960968
1771525737580184600,6.5341845703125,-0.07062894850969315,10.7110595703125,0.8092401623725891
1771525737590187300,6.544187255859375,-0.27653029561042786,10.663175582885742,0.5219359993934631
1771525737600190000,6.55418994140625,-0.23822307586669922,10.351929664611816,0.19153612852096558
1771525737610192600,6.564192626953125,0.5135562419891357,10.184335708618164,-0.023942016065120697
1771525737620195300,6.5741953125,1.193509578704834,9.643245697021484,-0.28730419278144836
1771525737630198000,6.584197998046875,1.7537527084350586,9.130887031555176,-0.33039984107017517
1771525737650203100,6.604203125,2.539050817489624,8.110957145690918,-0.45010992884635925
1771525737660205800,6.614205810546875,2.8455088138580322,7.770980358123779,-0.4596867263317108
1771525737670208500,6.62420849609375,2.9460651874542236,7.469310760498047,-0.569819986820221
1771525737680211200,6.634211181640625,2.7066450119018555,7.1436991691589355,-0.35913026332855225
1771525737690214000,6.6442138671875,2.36188006401062,6.880337238311768,0.06224924325942993
1771525737700216600,6.654216552734375,1.964442491531372,6.602609634399414,0.2777273952960968
1771525737710219300,6.66421923828125,1.581370234489441,6.430227279663086,0.47884035110473633
1771525737720221700,6.6742216796875,1.0785878896713257,6.324882507324219,0.5315127968788147
1771525737730224400,6.684224365234375,0.7098808288574219,6.162076473236084,0.37828385829925537
1771525737740227000,6.69422705078125,0.5231330990791321,6.090250492095947,0.17717093229293823
1771525737750229800,6.704229736328125,0.28371289372444153,6.095038890838623,-0.090979665517807
1771525737760232400,6.714232421875,-0.013168109580874443,6.176441669464111,-0.40701428055763245
1771525737770235100,6.724235107421875,-0.06584054976701736,6.276998519897461,-0.608127236366272
1771525737780237800,6.73423779296875,0.10175357013940811,6.42543888092041,-0.6655880808830261
1771525737790240500,6.744240478515625,0.25019407272338867,6.64091682434082,-0.49799394607543945
1771525737800243000,6.754242919921875,0.46088382601737976,6.918644428253174,-0.3687070608139038
1771525737810245600,6.76424560546875,0.7386112213134766,7.186794757843018,-0.29209262132644653
1771525737820248300,6.774248291015625,0.7721300721168518,7.517194747924805,-0.05267243832349777
1771525737830251000,6.7842509765625,0.7912836670875549,7.8763251304626465,0.2537853717803955
1771525737840253700,6.794253662109375,0.910993754863739,8.221090316772461,0.4405331015586853
1771525737850256400,6.80425634765625,0.9636662006378174,8.680776596069336,0.5315127968788147
1771525737860259000,6.814259033203125,0.8966285586357117,9.135675430297852,0.7326257228851318
1771525737870261800,6.82426171875,0.9014169573783875,9.667187690734863,0.9911994934082031
1771525737880264400,6.834264404296875,0.7481880187988281,9.815628051757812,0.6703764796257019
1771525737890267100,6.84426708984375,1.1121066808700562,10.260950088500977,0.7948749661445618
1771525737900269800,6.854269775390625,1.3275848627090454,10.758943557739258,0.8858546018600464
1771525737910272500,6.8642724609375,1.3563152551651,10.902595520019531,0.6607996821403503
1771525737920275200,6.874275146484375,1.294066071510315,11.314398765563965,0.6607996821403503
1771525737930278000,6.88427783203125,1.279700756072998,11.596914291381836,0.49320554733276367
1771525737940280600,6.894280517578125,1.2461819648742676,11.946468353271484,0.47884035110473633
1771525737950283300,6.904283203125,1.2844891548156738,12.300809860229492,0.4884171485900879
1771525737960286000,6.914285888671875,1.5478514432907104,12.722188949584961,0.507570743560791
1771525737970288600,6.92428857421875,1.6148890256881714,12.999917030334473,0.545877993106842
1771525737980291300,6.934291259765625,1.5047557353973389,13.335104942321777,0.35913026332855225
1771525737990294300,6.944294189453125,0.9923965930938721,13.641562461853027,0.13407529890537262
1771525738000297000,6.954296875,0.4752490520477295,13.526640892028809,-0.05267243832349777
1771525738010299600,6.964299560546875,0.2645592987537384,13.32073974609375,-0.33997663855552673
1771525738020302300,6.97430224609375,0.6093243360519409,13.133992195129395,-0.5650315880775452
1771525738030305000,6.984304931640625,1.677138328552246,12.918514251708984,-0.6991068720817566
1771525738040307700,6.9943076171875,3.271676540374756,12.525864601135254,-0.689530074596405
1771525738050310400,7.004310302734375,5.072116374969482,12.032659530639648,-0.5793967843055725
1771525738060313000,7.01431298828125,6.206967830657959,11.721412658691406,-0.14365209639072418
1771525738070315800,7.024315673828125,5.881356239318848,11.41016674041748,0.6224924325942993
1771525738090321200,7.044321044921875,3.4392707347869873,10.873865127563477,0.9289502501487732
1771525738100323800,7.05432373046875,2.7976245880126953,10.916961669921875,0.9050082564353943
1771525738110326800,7.064326904296875,1.6531962156295776,10.2561616897583,0.9864110946655273
1771525738130332200,7.084332275390625,1.2653355598449707,10.213066101074219,0.014365210197865963
1771525738140334800,7.0943349609375,1.7393875122070312,9.810839653015137,-0.3974374830722809
1771525738150337500,7.104337646484375,2.342726469039917,9.446921348571777,-0.5602431893348694
1771525738160340200,7.11434033203125,2.764105796813965,9.06863784790039,-0.7422025203704834
1771525738170343000,7.124343017578125,2.8790276050567627,8.67598819732666,-0.7469909191131592
1771525738180345600,7.134345703125,2.807201385498047,8.326435089111328,-0.7996633648872375
1771525738190348300,7.144348388671875,2.5246856212615967,8.010400772094727,-0.790086567401886
1771525738200351000,7.15435107421875,2.208651065826416,7.7230963706970215,-0.6272808313369751
1771525738210353700,7.164353759765625,2.0697872638702393,7.464522361755371,-0.4165911078453064
1771525738230359000,7.184359130859375,1.8160020112991333,7.110180377960205,0.047884032130241394
1771525738240362000,7.194362060546875,1.7154455184936523,7.0575079917907715,0.11971008777618408
1771525738250364700,7.20436474609375,1.6675615310668945,7.023989200592041,0.10055647045373917
1771525738260367400,7.214367431640625,1.557428240776062,7.086238384246826,0.047884032130241394
1771525738270370000,7.2243701171875,1.413776159286499,7.196371555328369,-0.05267243832349777
1771525738280372700,7.234372802734375,1.380257248878479,7.3017168045043945,-0.12449848651885986
1771525738290375400,7.24437548828125,1.4329297542572021,7.387907981872559,-0.1867477297782898
1771525738300378000,7.254378173828125,1.5095441341400146,7.459733963012695,-0.11971008777618408
1771525738310380500,7.264380615234375,1.48081374168396,7.646481513977051,-0.08619125932455063
1771525738320383200,7.27438330078125,1.2988544702529907,7.842806339263916,0.028730420395731926
1771525738330386000,7.284385986328125,0.9923965930938721,8.024765968322754,0.15322890877723694
1771525738340388600,7.294388671875,0.8343793153762817,8.30249309539795,0.13407529890537262
1771525738350391300,7.304391357421875,0.9205705523490906,8.637681007385254,0.07661445438861847
1771525738360394000,7.31439404296875,1.2509703636169434,9.025542259216309,-0.038307227194309235
1771525738370396700,7.324396728515625,1.7106571197509766,9.49001693725586,-0.13407529890537262
1771525738380399400,7.3343994140625,2.2182278633117676,9.892242431640625,-0.15801730751991272
1771525738390401800,7.34440185546875,2.6587610244750977,10.241796493530273,-0.28730419278144836
1771525738400404500,7.354404541015625,2.8598740100860596,10.49558162689209,-0.40222588181495667
1771525738410407200,7.3644072265625,2.764105796813965,10.80203914642334,-0.49320554733276367
1771525738420409900,7.374409912109375,2.4384944438934326,11.122862815856934,-0.4357447028160095
1771525738430412500,7.38441259765625,1.9500772953033447,11.43410873413086,-0.22026655077934265
1771525738440415200,7.394415283203125,1.6484078168869019,11.735777854919434,-0.05746084079146385
1771525738450418000,7.40441796875,1.6101006269454956,11.994352340698242,0.06703764945268631
1771525738460420600,7.414420654296875,1.7872716188430786,12.152369499206543,0.08140286058187485
1771525738470423000,7.424423095703125,2.2900538444519043,12.334328651428223,0.05746084079146385
1771525738480425700,7.43442578125,2.6874914169311523,12.492345809936523,-0.038307227194309235
1771525738490428400,7.444428466796875,2.476801633834839,12.650362968444824,0.1388636976480484
1771525738500431000,7.45443115234375,1.4760253429412842,12.683881759643555,0.5363011956214905
1771525738510433800,7.464433837890625,0.14484919607639313,12.583325386047363,1.0869675874710083
1771525738520436500,7.4744365234375,-0.7218518257141113,12.401366233825684,1.41257905960083
1771525738530439200,7.484439208984375,-0.5207388401031494,12.214618682861328,1.216254472732544
1771525738540441900,7.49444189453125,0.7433996200561523,11.932103157043457,0.646434485912323
1771525738550444500,7.504444580078125,2.625242233276367,11.53466510772705,-0.038307227194309235
1771525738560447000,7.514447021484375,4.377797603607178,11.142016410827637,-0.49320554733276367
1771525738570449700,7.52444970703125,5.340266704559326,10.797250747680664,-0.45489832758903503
1771525738580452400,7.534452392578125,5.163095951080322,10.466851234436035,-0.043095629662275314
1771525738590455000,7.544455078125,4.128800868988037,10.179547309875488,0.44532153010368347
1771525738600457700,7.554457763671875,2.8646624088287354,9.94970417022705,0.8427590131759644
1771525738610460400,7.56446044921875,1.677138328552246,9.729436874389648,0.9241618514060974
1771525738620463000,7.574463134765625,0.8535329103469849,9.700706481933594,0.7709329724311829
1771525738630465800,7.5844658203125,0.29807811975479126,9.49001693725586,0.6177040338516235
1771525738640468200,7.59446826171875,0.27413609623908997,9.245808601379395,0.22026655077934265
1771525738650471000,7.604470947265625,0.8391677141189575,8.948927879333496,-0.3064578175544739
1771525738660473600,7.6144736328125,1.624465823173523,8.58500862121582,-0.5650315880775452
1771525738670476300,7.624476318359375,2.433706045150757,8.307281494140625,-0.6991068720817566
1771525738680479000,7.63447900390625,2.8119897842407227,8.06307315826416,-0.6033388376235962
1771525738690481700,7.644481689453125,2.802412986755371,7.842806339263916,-0.38307225704193115
1771525738700484400,7.654484375,2.653972625732422,7.589020729064941,-0.05746084079146385
1771525738710487000,7.664487060546875,2.433706045150757,7.359177589416504,0.22026655077934265
1771525738720489500,7.674489501953125,2.1990742683410645,7.234679222106934,0.2585737705230713
1771525738730492200,7.6844921875,2.01232647895813,7.17242956161499,0.24899697303771973
1771525738740494800,7.694494873046875,1.8590975999832153,7.0575079917907715,0.31124621629714966
1771525738750497500,7.70449755859375,1.7872716188430786,6.995258808135986,0.3878606855869293
1771525738760500200,7.714500244140625,1.7537527084350586,6.966528415679932,0.4213795065879822
1771525738770503000,7.7245029296875,1.6388310194015503,6.971316814422607,0.33039984107017517
1771525738780505600,7.734505615234375,1.5478514432907104,6.995258808135986,0.2346317619085312
1771525738790508300,7.74450830078125,1.380257248878479,7.033565998077393,0.19153612852096558
1771525738810513400,7.764513427734375,0.8774749040603638,7.344812393188477,0.19632454216480255
1771525738820516000,7.77451611328125,0.5949591398239136,7.641693115234375,0.19153612852096558
1771525738830518800,7.784518798828125,0.32680854201316833,7.957727909088135,0.3016694188117981
1771525738840521500,7.794521484375,0.34596213698387146,8.27855110168457,0.363918662071228
1771525738850524200,7.804524169921875,0.6619967818260193,8.695141792297363,0.40222588181495667
1771525738860526800,7.81452685546875,0.9971849918365479,9.135675430297852,0.5027823448181152
1771525738870529500,7.824529541015625,1.3419500589370728,9.485228538513184,0.545877993106842
1771525738880532000,7.834531982421875,1.744175910949707,9.777320861816406,0.6033388376235962
1771525738890534700,7.84453466796875,2.160767078399658,10.016741752624512,0.6560112833976746
1771525738900537300,7.854537353515625,2.3762452602386475,10.265738487243652,0.6224924325942993
1771525738910540000,7.8645400390625,2.36188006401062,10.476428031921387,0.6799532771110535
1771525738920542700,7.874542724609375,2.2230162620544434,10.749366760253906,0.5985504388809204
1771525738930545400,7.88454541015625,1.9548656940460205,11.108497619628906,0.37828385829925537
1771525738940548000,7.894548095703125,1.6340426206588745,11.386224746704102,0.31124621629714966
1771525738950550800,7.90455078125,1.6053122282028198,11.702259063720703,0.20111294090747833
1771525738960553200,7.91455322265625,1.9835960865020752,12.080543518066406,0.07661445438861847
1771525738970556000,7.924555908203125,2.227804660797119,12.477980613708496,0.17238251864910126
1771525738980558600,7.93455859375,2.472013235092163,12.8131685256958,0.3734954595565796
1771525738990561300,7.944561279296875,2.3523032665252686,13.19624137878418,0.4644751250743866
1771525739000564000,7.95456396484375,1.8734627962112427,13.359046936035156,0.5889736413955688
1771525739010566700,7.964566650390625,1.2844891548156738,13.387777328491211,0.7709329724311829
1771525739020569300,7.9745693359375,0.829590916633606,13.153145790100098,0.5410895943641663
1771525739030572000,7.984572021484375,1.1743559837341309,12.937667846679688,0.22505496442317963
1771525739040574700,7.99457470703125,2.342726469039917,12.34869384765625,-0.019153613597154617
1771525739050577400,8.004577392578126,4.0330328941345215,11.730989456176758,-0.363918662071228
1771525739060580000,8.014580078125,5.4025163650512695,11.113286018371582,-0.6368576288223267
1771525739080585500,8.03458544921875,5.230133533477783,10.323199272155762,-0.3064578175544739
1771525739090588200,8.044588134765625,3.7169981002807617,10.102932929992676,0.13407529890537262
1771525739100590800,8.0545908203125,2.275688648223877,9.959280967712402,0.5171475410461426
1771525739110593500,8.064593505859374,1.0067617893218994,9.901819229125977,0.8523358106613159
1771525739120596200,8.07459619140625,0.19273324310779572,9.925761222839355,0.8427590131759644
1771525739130599000,8.084598876953125,0.32202014327049255,9.729436874389648,0.4596867263317108
1771525739140601600,8.0946015625,1.217451572418213,9.403825759887695,-0.004788403399288654
1771525739150604500,8.1046044921875,2.275688648223877,8.9680814743042,-0.5841852426528931
1771525739160607200,8.114607177734374,3.1088709831237793,8.647257804870605,-1.091755986213684
1771525739170610000,8.12460986328125,3.7696704864501953,8.316858291625977,-1.3072341680526733
1771525739180612600,8.134612548828125,3.889380693435669,7.957727909088135,-0.9672574996948242
1771525739190615300,8.144615234375,3.4775779247283936,7.665635108947754,-0.569819986820221
1771525739200618000,8.154617919921876,2.8455088138580322,7.464522361755371,-0.3256114423274994
1771525739210620700,8.16462060546875,2.3523032665252686,7.234679222106934,-0.05267243832349777
1771525739220623400,8.174623291015624,1.9835960865020752,7.062296390533447,0.1867477297782898
1771525739230626000,8.1846259765625,1.7585411071777344,6.942586421966553,0.23942017555236816
1771525739240628700,8.194628662109375,1.768117904663086,6.880337238311768,0.1867477297782898
1771525739250631400,8.20463134765625,1.8734627962112427,6.870760440826416,0
1771525739260634000,8.214634033203126,2.031480073928833,6.899490833282471,-0.19632454216480255
1771525739270636800,8.22463671875,2.1559786796569824,7.004835605621338,-0.33039984107017517
1771525739280639700,8.2346396484375,2.031480073928833,7.105391979217529,-0.3926490843296051
1771525739290642400,8.244642333984375,1.8543092012405396,7.162852764129639,-0.4118026793003082
1771525739300645000,8.25464501953125,1.6915035247802734,7.27298641204834,-0.33039984107017517
1771525739310647800,8.264647705078126,1.4520833492279053,7.3687543869018555,-0.26336219906806946
1771525739320650500,8.274650390625,1.337161660194397,7.550713539123535,-0.3064578175544739
1771525739330653200,8.284653076171875,1.294066071510315,7.761403560638428,-0.272938996553421
1771525739340655900,8.29465576171875,1.169567584991455,8.077438354492188,-0.2346317619085312
1771525739350658600,8.304658447265625,1.2988544702529907,8.379107475280762,-0.33997663855552673
1771525739360661200,8.3146611328125,1.6101006269454956,8.829216957092285,-0.40701428055763245
1771525739370664000,8.324663818359374,1.8399440050125122,9.245808601379395,-0.4213795065879822
1771525739380666600,8.33466650390625,1.9979612827301025,9.79647445678711,-0.47884035110473633
1771525739390669300,8.34466943359375,2.2038626670837402,10.28010368347168,-0.5363011956214905
1771525739400672000,8.354672119140625,2.448071241378784,10.720636367797852,-0.6033388376235962
1771525739420677400,8.374677490234374,2.539050817489624,11.630433082580566,-0.6512228846549988
1771525739430680000,8.38468017578125,2.428917646408081,11.989563941955566,-0.3734954595565796
1771525739440682500,8.3946826171875,2.36188006401062,12.25771427154541,-0.08140286058187485
1771525739450685200,8.404685302734375,2.649184226989746,12.468403816223145,0.12928688526153564
1771525739460688000,8.41468798828125,3.027467966079712,12.578536987304688,0.31603461503982544
1771525739470690600,8.424690673828126,3.6355953216552734,12.640786170959473,0.4405331015586853
1771525739480693200,8.434693359375,3.951629877090454,12.80359172821045,0.3734954595565796
1771525739490696000,8.444696044921875,3.491943120956421,12.952033042907715,0.3974374830722809
1771525739500698600,8.45469873046875,2.184709072113037,13.086108207702637,0.6416460275650024
1771525739510701300,8.464701416015625,0.4129997789859772,13.268067359924316,1.115697979927063
1771525739520703700,8.474703857421876,-0.970848798751831,13.248913764953613,1.4652514457702637
1771525739530706400,8.48470654296875,-1.0043675899505615,13.16272258758545,1.4269442558288574
1771525739540709000,8.494709228515624,0.11133038252592087,12.894572257995605,0.8331822156906128
1771525739550711800,8.5047119140625,2.0458452701568604,12.296021461486816,0.272938996553421
1771525739560714500,8.514714599609375,4.162319660186768,11.711835861206055,-0.20111294090747833
1771525739570717200,8.52471728515625,5.828683853149414,11.03667163848877,-0.4357447028160095
1771525739580719900,8.534719970703126,6.384139060974121,10.486004829406738,0.023942016065120697
1771525739590722600,8.54472265625,5.74249267578125,10.078990936279297,0.6655880808830261
1771525739600725000,8.55472509765625,4.36343240737915,9.853935241699219,1.1492167711257935
1771525739610727700,8.564727783203125,2.8215668201446533,9.662399291992188,1.335964560508728
1771525739620730400,8.57473046875,1.4281413555145264,9.566631317138672,1.436521053314209
1771525739630733000,8.584733154296876,0.5135562419891357,9.475651741027832,1.3311761617660522
1771525739640735700,8.59473583984375,0.19273324310779572,9.202713012695312,0.9911994934082031
1771525739650738400,8.604738525390625,0.5518634915351868,8.862735748291016,0.3208230137825012
1771525739660741000,8.6147412109375,1.3275848627090454,8.508394241333008,-0.3208230137825012
1771525739670743800,8.624743896484375,2.103306293487549,8.168417930603027,-0.7374141216278076
1771525739680746200,8.634746337890626,2.6396074295043945,7.680000305175781,-0.8954314589500427
1771525739690749000,8.6447490234375,2.8790276050567627,7.387907981872559,-0.8236053586006165
1771525739700751600,8.654751708984374,2.7305870056152344,7.1006035804748535,-0.6177040338516235
1771525739710754300,8.66475439453125,2.3810336589813232,6.856395244598389,-0.38307225704193115
1771525739720757000,8.674757080078125,2.0602104663848877,6.559514045715332,0.038307227194309235
1771525739730759700,8.684759765625,1.6101006269454956,6.248267650604248,0.4165911078453064
1771525739740762400,8.694762451171876,1.3036428689956665,6.224325656890869,0.40701428055763245
1771525739750765000,8.70476513671875,1.212663173675537,6.142922878265381,0.43095630407333374
1771525739760767500,8.714767578125,1.4281413555145264,6.133346080780029,0.35913026332855225
1771525739770770200,8.724770263671875,1.7585411071777344,6.181230068206787,0.33039984107017517
1771525739780772900,8.73477294921875,1.902193307876587,6.1285576820373535,0.3064578175544739
1771525739790775600,8.744775634765626,2.031480073928833,6.214748859405518,0.31603461503982544
1771525739800778200,8.7547783203125,1.7920600175857544,6.310517311096191,0.363918662071228
1771525739810781000,8.764781005859374,1.3323732614517212,6.5499372482299805,0.31124621629714966
1771525739820783600,8.77478369140625,0.8152256608009338,6.789357662200928,0.3974374830722809
1771525739830786300,8.784786376953125,0.3411737382411957,7.091026782989502,0.5027823448181152
1771525739840788700,8.794788818359375,-0.12330138683319092,7.598597526550293,0.5171475410461426
1771525739850791400,8.80479150390625,-0.4920084476470947,8.09659194946289,0.5410895943641663
1771525739860794000,8.814794189453124,-0.4297592043876648,8.70950698852539,0.3974374830722809
1771525739870796800,8.824796875,0.08738835901021957,9.236231803894043,0.14365209639072418
1771525739880799500,8.834799560546875,0.8200140595436096,9.77253246307373,0.07182604819536209
1771525739890802200,8.84480224609375,1.6101006269454956,10.2561616897583,0.05746084079146385
1771525739900804900,8.854804931640626,2.409764051437378,10.610503196716309,0.11013327538967133
1771525739910807600,8.8648076171875,2.917334794998169,10.940903663635254,0.24420857429504395
1771525739920810000,8.87481005859375,2.9316999912261963,11.151593208312988,0.6847416758537292
1771525739930812700,8.884812744140625,2.6635494232177734,11.438897132873535,1.1061211824417114
1771525739940815400,8.8948154296875,2.4815900325775146,11.64958667755127,1.278503656387329
1771525739950818000,8.904818115234375,2.232593059539795,11.970410346984863,1.50355863571167
1771525739960820700,8.91482080078125,2.0889410972595215,12.114062309265137,1.5658079385757446
1771525739970823400,8.924823486328124,2.390610456466675,12.454038619995117,1.259350061416626
1771525739980826000,8.934826171875,2.653972625732422,12.683881759643555,1.048660397529602
1771525739990828800,8.944828857421875,2.9891607761383057,12.913725852966309,1.0247182846069336
1771525740000831200,8.954831298828125,3.0561983585357666,13.215394973754883,0.9672574996948242
1771525740020836600,8.974836669921874,1.2461819648742676,13.521852493286133,0.5363011956214905
1771525740030839300,8.98483935546875,0.6811503767967224,13.488333702087402,0.16759411990642548
1771525740040842000,8.994842041015625,0.8774749040603638,13.22976016998291,-0.1388636976480484
1771525740050844700,9.0048447265625,1.9405004978179932,12.817956924438477,-0.5985504388809204
1771525740060847400,9.014847412109376,3.645172119140625,12.233772277832031,-1.1683704853057861
1771525740070850000,9.02485009765625,5.076904773712158,11.616067886352539,-1.2210428714752197
1771525740080852500,9.0348525390625,5.474342346191406,11.165958404541016,-0.8427590131759644
1771525740090855200,9.044855224609375,5.043385982513428,10.811615943908691,-0.3974374830722809
1771525740100857900,9.05485791015625,4.23893404006958,10.600926399230957,0.009576806798577309
1771525740110860500,9.064860595703125,3.3865983486175537,10.43812084197998,0.33997663855552673
1771525740120863200,9.07486328125,2.519897222518921,10.270526885986328,0.6177040338516235
1771525740130866000,9.084865966796874,1.9740192890167236,10.179547309875488,0.6177040338516235
1771525740140868600,9.09486865234375,1.8399440050125122,9.97364616394043,0.363918662071228
1771525740150871300,9.104871337890625,2.1368250846862793,9.719860076904297,0.090979665517807
1771525740160873700,9.114873779296875,2.6204538345336914,9.327211380004883,-0.14844051003456116
1771525740170876400,9.12487646484375,3.1280245780944824,8.905831336975098,-0.5027823448181152
1771525740180879000,9.134879150390624,3.5063083171844482,8.58500862121582,-0.9050082564353943
1771525740190881800,9.1448818359375,3.578134536743164,8.177994728088379,-0.9672574996948242
1771525740200884500,9.154884521484375,3.156754970550537,7.814075946807861,-0.7134721279144287
1771525740210887200,9.16488720703125,2.4576480388641357,7.48846435546875,-0.33039984107017517
1771525740220889900,9.174889892578125,1.8160020112991333,7.1436991691589355,0.028730420395731926
1771525740230892500,9.184892578125,1.404199242591858,6.842030048370361,0.3926490843296051
1771525740240895000,9.19489501953125,1.2892776727676392,6.554725646972656,0.6607996821403503
1771525740250897700,9.204897705078125,1.3036428689956665,6.3967084884643555,0.7757213711738586
1771525740260900400,9.214900390625,1.1887211799621582,6.33445930480957,0.8858546018600464
1771525740270903000,9.224903076171875,1.2988544702529907,6.358401298522949,0.9433154463768005
1771525740280905700,9.23490576171875,1.1647791862487793,6.387131690979004,0.8906430602073669
1771525740290908400,9.244908447265624,1.07379949092865,6.684012413024902,0.7326257228851318
1771525740300911000,9.2549111328125,1.0594342947006226,6.770204067230225,0.5363011956214905
1771525740310913800,9.264913818359375,1.1121066808700562,6.980893611907959,0.44532153010368347
1771525740320916200,9.274916259765625,1.159990668296814,7.129333972930908,0.5027823448181152
1771525740330919000,9.2849189453125,1.0977414846420288,7.378331184387207,0.4213795065879822
1771525740340921600,9.294921630859376,1.1839327812194824,7.699153900146484,0.19632454216480255
1771525740350924300,9.30492431640625,1.3467384576797485,8.067861557006836,-0.023942016065120697
1771525740360927000,9.314927001953125,1.4329297542572021,8.450933456420898,-0.1388636976480484
1771525740370929700,9.3249296875,1.7202339172363281,8.848370552062988,-0.2537853717803955
1771525740380932400,9.334932373046875,2.0410568714141846,9.212289810180664,-0.4213795065879822
1771525740390935000,9.34493505859375,2.227804660797119,9.61451530456543,-0.37828385829925537
1771525740400937500,9.3549375,2.2469582557678223,10.021530151367188,-0.35434186458587646
1771525740410940200,9.364940185546875,2.189497470855713,10.466851234436035,-0.47884035110473633
1771525740420942800,9.37494287109375,2.1751322746276855,11.017518043518066,-0.47405192255973816
1771525740430945500,9.384945556640625,2.1703438758850098,11.462839126586914,-0.26336219906806946
1771525740440948200,9.3949482421875,2.428917646408081,11.936891555786133,0.014365210197865963
1771525740450951000,9.404950927734374,2.4863784313201904,12.29123306274414,0.3208230137825012
1771525740460953600,9.41495361328125,2.653972625732422,12.501922607421875,0.5602431893348694
1771525740470956300,9.424956298828125,2.936488389968872,12.74613094329834,0.790086567401886
1771525740480958700,9.434958740234375,3.0370447635650635,13.038224220275879,1.0678139925003052
1771525740490961400,9.44496142578125,2.764105796813965,13.402142524719238,1.3407529592514038
1771525740500964000,9.454964111328126,2.1511902809143066,13.699023246765137,1.6711528301239014
1771525740510966800,9.464966796875,1.48081374168396,13.794791221618652,2.097320795059204
1771525740520969500,9.474969482421875,1.1743559837341309,13.766060829162598,2.145204782485962
1771525740530972200,9.48497216796875,1.2413935661315918,13.574524879455566,1.7094600200653076
1771525740540974800,9.494974853515625,1.8830395936965942,12.990340232849121,1.0438719987869263
1771525740550977500,9.5049775390625,3.400963544845581,12.238560676574707,0.43095630407333374
1771525740560980000,9.51497998046875,4.947618007659912,11.323975563049316,0.05746084079146385
1771525740570982700,9.524982666015624,5.594052314758301,10.600926399230957,0.028730420395731926
1771525740580985300,9.5349853515625,5.009867191314697,10.18912410736084,0.3734954595565796
1771525740590988000,9.544988037109375,3.5158851146698,10.04068374633789,0.9959878921508789
1771525740600990700,9.55499072265625,1.8782511949539185,9.806051254272461,1.50355863571167
1771525740610993400,9.564993408203126,0.5279214978218079,9.676764488220215,1.7525556087493896
1771525740620996000,9.57499609375,-0.4537012279033661,9.68155288696289,1.7142484188079834
1771525740630998800,9.584998779296875,-0.7553706169128418,9.513958930969238,1.6136919260025024
1771525740641001500,9.59500146484375,-0.48722004890441895,9.221866607666016,1.3455413579940796
1771525740651004000,9.60500390625,0.39863458275794983,8.843582153320312,0.727837324142456
1771525740661006600,9.615006591796876,1.5526398420333862,8.470087051391602,0.10055647045373917
1771525740671009300,9.62500927734375,2.6443958282470703,8.010400772094727,-0.2106897532939911
1771525740681012000,9.635011962890625,3.5254619121551514,7.665635108947754,-0.16759411990642548
1771525740691014700,9.6450146484375,3.822343111038208,7.311293601989746,0.12928688526153564
1771525740701017300,9.655017333984375,3.712209701538086,7.000047206878662,0.5315127968788147
1771525740711020000,9.66502001953125,3.362656354904175,6.755838871002197,0.8331822156906128
1771525740721022700,9.675022705078124,2.936488389968872,6.578667640686035,1.0055646896362305
1771525740731025400,9.685025390625,2.5438392162323,6.444592475891113,1.1492167711257935
1771525740741028000,9.695028076171875,2.050633668899536,6.430227279663086,1.0630255937576294
1771525740751030800,9.70503076171875,1.643619418144226,6.487688064575195,0.7757213711738586
1771525740761033500,9.715033447265625,1.4233529567718506,6.540360450744629,0.43095630407333374
1771525740771036400,9.725036376953126,1.4520833492279053,6.679224014282227,0.11971008777618408
1771525740781039000,9.7350390625,1.581370234489441,6.746262073516846,0.004788403399288654
1771525740791041800,9.745041748046875,1.7729063034057617,7.009624004364014,-0.12928688526153564
1771525740801044500,9.75504443359375,1.7824832201004028,7.215525150299072,-0.1149216815829277
1771525740811047200,9.765047119140625,1.7585411071777344,7.421426773071289,-0.019153613597154617
1771525740821049900,9.7750498046875,1.557428240776062,7.7230963706970215,-0.019153613597154617
1771525740831052500,9.785052490234374,1.3658920526504517,7.938574314117432,-0.009576806798577309
1771525740841055200,9.79505517578125,1.2461819648742676,8.33601188659668,-0.06224924325942993
1771525740851058000,9.805057861328125,1.1982979774475098,8.508394241333008,-0.009576806798577309
1771525740861060600,9.815060546875,1.380257248878479,8.786121368408203,0.06703764945268631
1771525740871063300,9.825063232421876,1.4281413555145264,9.083003044128418,0.2346317619085312
1771525740881066000,9.83506591796875,1.3658920526504517,9.346364974975586,0.5554547905921936
1771525740891068700,9.845068603515625,1.437718152999878,9.686341285705566,0.7852981686592102
1771525740901071600,9.855071533203125,1.3754688501358032,9.94970417022705,1.072602391242981
1771525740911074300,9.86507421875,1.2557587623596191,10.275315284729004,1.139639973640442
1771525740921077000,9.875076904296876,1.169567584991455,10.591349601745605,1.0247182846069336
1771525740931079700,9.88507958984375,0.9205705523490906,10.974422454833984,0.8523358106613159
1771525740941082400,9.895082275390624,0.8008604645729065,11.266514778137207,0.6703764796257019
1771525740951085000,9.9050849609375,0.8104372620582581,11.481992721557617,0.37828385829925537
1771525740971090400,9.92509033203125,1.2270283699035645,12.142792701721191,-0.009576806798577309
1771525740981093000,9.935093017578126,1.3180080652236938,12.588113784790039,0.05267243832349777
1771525740991095800,9.945095703125,1.1073182821273804,13.04780101776123,0.08619125932455063
1771525741001098500,9.955098388671875,0.729034423828125,13.22976016998291,0.22505496442317963
1771525741011101200,9.96510107421875,0.628477931022644,13.335104942321777,0.5315127968788147
1771525741021103600,9.975103515625,1.0402805805206299,13.220183372497559,0.6224924325942993
1771525741031106300,9.985106201171876,2.3523032665252686,12.932879447937012,0.3447650372982025
1771525741041109000,9.99510888671875,4.262876033782959,12.401366233825684,-0.2346317619085312
1771525741051111700,10.005111572265625,5.9771246910095215,11.702259063720703,-0.569819986820221
1771525741061114400,10.0151142578125,6.776787757873535,11.065402030944824,-0.5841852426528931
1771525741071117000,10.025116943359375,6.432023048400879,10.687117576599121,-0.33039984107017517
1771525741081119700,10.03511962890625,5.163095951080322,10.567407608032227,0.004788403399288654
1771525741091122400,10.045122314453126,3.3722331523895264,10.696694374084473,0.28730419278144836
1771525741101124900,10.055124755859374,1.7345991134643555,10.672752380371094,0.5937620401382446
1771525741111127600,10.06512744140625,0.7769184708595276,10.667963981628418,0.6655880808830261
1771525741121130200,10.075130126953125,0.7433996200561523,10.581772804260254,0.5171475410461426
1771525741141135600,10.095135498046876,1.8160020112991333,9.882665634155273,-0.23942017555236816
1771525741151138300,10.10513818359375,2.337938070297241,9.384672164916992,-0.6272808313369751
1771525741161141000,10.11514111328125,2.45285964012146,8.848370552062988,-0.8092401623725891
1771525741171143700,10.125143798828125,2.5677812099456787,8.470087051391602,-0.727837324142456
1771525741181146000,10.13514599609375,2.630030632019043,8.077438354492188,-0.4165911078453064
1771525741191148800,10.145148681640626,2.491166830062866,7.589020729064941,-0.09576806426048279
1771525741201151500,10.1551513671875,2.098517894744873,7.316082000732422,0.16759411990642548
1771525741211154200,10.165154296875,1.6867151260375977,7.095815181732178,0.3256114423274994
1771525741221156900,10.175156982421875,1.5143325328826904,6.875548839569092,0.4644751250743866
1771525741231159600,10.18515966796875,1.600523829460144,6.712742805480957,0.5027823448181152
1771525741241162200,10.195162353515625,1.744175910949707,6.5930328369140625,0.4884171485900879
1771525741251165000,10.2051650390625,1.88782799243927,6.545148849487305,0.4405331015586853
1771525741261167600,10.215167724609374,1.9835960865020752,6.51641845703125,0.2968810200691223
1771525741271170000,10.225170166015625,1.92134690284729,6.492476463317871,0.3926490843296051
1771525741281172700,10.2351728515625,1.7729063034057617,6.468534469604492,0.4644751250743866
1771525741291175400,10.245175537109375,1.3611036539077759,6.497264862060547,0.4118026793003082
1771525741301178000,10.25517822265625,0.9923965930938721,6.655282020568848,0.24420857429504395
1771525741311180800,10.265180908203124,0.8678981065750122,6.83245325088501,0.16759411990642548
1771525741321183500,10.27518359375,0.7960720658302307,7.0575079917907715,0
1771525741331186200,10.285186279296875,0.7050924301147461,7.392696380615234,-0.22026655077934265
1771525741341188900,10.29518896484375,0.7481880187988281,7.742249965667725,-0.42616790533065796
1771525741351191300,10.30519140625,1.035492181777954,8.283339500427246,-0.5602431893348694
1771525741361194000,10.315194091796876,1.533486247062683,8.776544570922852,-0.6655880808830261
1771525741371196700,10.32519677734375,2.0410568714141846,9.2841157913208,-0.7230489253997803
1771525741381199400,10.335199462890625,2.3331496715545654,9.715071678161621,-0.5793967843055725
1771525741391202000,10.3452021484375,2.3044190406799316,10.198700904846191,-0.4165911078453064
1771525741401204700,10.355204833984375,2.103306293487549,10.735001564025879,-0.08619125932455063
1771525741411207400,10.36520751953125,1.7824832201004028,11.34312915802002,0.2106897532939911
1771525741421210000,10.375210205078124,1.7537527084350586,11.826757431030273,0.2777273952960968
1771525741431212500,10.385212646484375,1.8926163911819458,12.209830284118652,0.3256114423274994
1771525741441215200,10.39521533203125,2.299630641937256,12.545018196105957,0.181959331035614
1771525741451218000,10.405218017578125,2.7736825942993164,12.717400550842285,0.181959331035614
1771525741461220600,10.415220703125,3.4105403423309326,12.726977348327637,0.2106897532939911
1771525741471223300,10.425223388671874,3.8127663135528564,12.717400550842285,0.23942017555236816
1771525741481226000,10.43522607421875,3.4392707347869873,12.932879447937012,0.3926490843296051
1771525741491228700,10.445228759765625,2.1080946922302246,13.028647422790527,0.689530074596405
1771525741501231400,10.4552314453125,0.5135562419891357,13.239336967468262,1.1875240802764893
1771525741511233800,10.46523388671875,-0.6643909811973572,13.296797752380371,1.6328455209732056
1771525741521236500,10.475236572265626,-0.9756371974945068,13.268067359924316,1.4077905416488647
1771525741531239200,10.4852392578125,0.27413609623908997,12.894572257995605,0.5123591423034668
1771525741541241900,10.495241943359375,2.7018566131591797,12.233772277832031,-0.47405192255973816
1771525741551244500,10.50524462890625,5.129577159881592,11.46762752532959,-0.7757213711738586
1771525741561247200,10.515247314453125,6.27400541305542,10.773308753967285,-0.4692635238170624
1771525741571250000,10.52525,5.814318656921387,10.433332443237305,0.4644751250743866
1771525741581252600,10.535252685546874,4.305971622467041,10.232219696044922,1.5849615335464478
1771525741591255000,10.545255126953125,2.764105796813965,10.237008094787598,2.121262788772583
1771525741601257700,10.5552578125,1.5717934370040894,10.227431297302246,2.346317768096924
1771525741611260400,10.565260498046875,0.9971849918365479,10.241796493530273,2.298433542251587
1771525741621263000,10.57526318359375,1.092953085899353,10.06462574005127,1.7717092037200928
1771525741631265800,10.585265869140626,1.6819267272949219,9.662399291992188,0.8667010068893433
1771525741641268500,10.5952685546875,2.337938070297241,9.164405822753906,0.22026655077934265
1771525741651271200,10.605271240234375,2.89339280128479,8.599373817443848,-0.11971008777618408
1771525741661273900,10.61527392578125,3.2381577491760254,8.24503231048584,-0.3016694188117981
1771525741671276300,10.6252763671875,3.1950621604919434,7.737461566925049,-0.363918662071228
1771525741681279000,10.635279052734376,3.0418331623077393,7.545925140380859,-0.181959331035614
1771525741691281700,10.64528173828125,2.960430383682251,7.162852764129639,-0.009576806798577309
1771525741701284400,10.655284423828125,2.448071241378784,7.071873188018799,0.06224924325942993
1771525741711287000,10.665287109375,1.8974047899246216,6.875548839569092,0.13407529890537262
1771525741731292400,10.68529248046875,1.6627731323242188,6.60739803314209,0.1628057211637497
1771525741741295000,10.695295166015624,1.7537527084350586,6.545148849487305,0.13407529890537262
1771525741751297500,10.705297607421874,1.6053122282028198,6.487688064575195,0.1867477297782898
1771525741761300200,10.71530029296875,1.3898340463638306,6.545148849487305,0.16759411990642548
1771525741771303000,10.725302978515625,1.3036428689956665,6.684012413024902,0
1771525741781305600,10.7353056640625,1.523909330368042,6.870760440826416,0.038307227194309235
1771525741791308300,10.745308349609376,1.7298107147216797,7.091026782989502,0.1867477297782898
1771525741801311000,10.75531103515625,1.7393875122070312,7.316082000732422,0.4357447028160095
1771525741811313700,10.765313720703125,1.643619418144226,7.541136741638184,0.5363011956214905
1771525741821316400,10.77531640625,1.5191209316253662,7.814075946807861,0.4596867263317108
1771525741831318800,10.78531884765625,1.499967336654663,8.125322341918945,0.40701428055763245
1771525741841321500,10.795321533203126,1.868674397468567,8.412626266479492,0.3447650372982025
1771525741851324200,10.80532421875,2.2613234519958496,8.752602577209473,0.2777273952960968
1771525741861326800,10.815326904296874,2.390610456466675,9.083003044128418,0.2059013396501541
1771525741871329500,10.82532958984375,2.256535053253174,9.346364974975586,0.3256114423274994
1771525741881332200,10.835332275390625,2.141613483428955,9.5809965133667,0.40701428055763245
1771525741891335000,10.8453349609375,1.9835960865020752,9.873088836669922,0.5171475410461426
1771525741901337600,10.855337646484376,1.844732403755188,10.18912410736084,0.6751648783683777
1771525741911340000,10.865340087890624,1.88782799243927,10.548254013061523,0.5985504388809204
1771525741921342700,10.8753427734375,2.2038626670837402,10.955268859863281,0.5650315880775452
1771525741931345400,10.885345458984375,2.586935043334961,11.496357917785645,0.5363011956214905
1771525741941348000,10.89534814453125,2.697068214416504,11.55860710144043,0.004788403399288654
1771525741951350800,10.905350830078126,2.874239206314087,11.989563941955566,0.2777273952960968
1771525741961353500,10.915353515625,3.199850559234619,12.219407081604004,0.2777273952960968
1771525741971356200,10.925356201171875,3.400963544845581,12.511499404907227,0.363918662071228
1771525741981358800,10.93535888671875,3.070563793182373,12.908937454223633,0.3734954595565796
1771525741991361300,10.945361328125,2.1272482872009277,13.296797752380371,0.5123591423034668
1771525742001364000,10.955364013671876,0.8152256608009338,13.622408866882324,0.8140285611152649
1771525742011366700,10.96536669921875,-0.1759738177061081,13.7852144241333,0.9433154463768005
1771525742021369300,10.975369384765624,-0.23343466222286224,13.454814910888672,0.5363011956214905
1771525742031372000,10.9853720703125,0.9971849918365479,13.258490562438965,0.26336219906806946
1771525742041374700,10.995374755859375,3.204638957977295,12.612055778503418,-0.047884032130241394
1771525742051377400,11.00537744140625,5.321113109588623,11.735777854919434,-0.2106897532939911
1771525742061380000,11.015380126953126,6.250063419342041,11.041460037231445,-0.12928688526153564
1771525742071382500,11.025382568359374,5.809530258178711,10.672752380371094,0.5410895943641663
1771525742081385200,11.03538525390625,4.440047264099121,10.548254013061523,1.0438719987869263
1771525742091388000,11.045387939453125,3.003525972366333,10.414178848266602,1.072602391242981
1771525742101390600,11.055390625,1.9261353015899658,10.399813652038574,1.0007762908935547
1771525742111393300,11.065393310546876,1.313219666481018,10.251373291015625,0.8667010068893433
1771525742121396000,11.07539599609375,1.6101006269454956,10.055048942565918,0.4884171485900879
1771525742131398700,11.085398681640624,2.4241292476654053,9.70549488067627,0.047884032130241394
1771525742141401300,11.0954013671875,3.051409959793091,9.37509536743164,-0.22505496442317963
1771525742151403800,11.10540380859375,3.5206735134124756,9.083003044128418,-0.2968810200691223
1771525742161406500,11.115406494140625,3.8127663135528564,8.80048656463623,-0.29209262132644653
1771525742171409200,11.1254091796875,3.7600936889648438,8.470087051391602,-0.181959331035614
1771525742181411800,11.135411865234374,3.3243491649627686,8.144475936889648,0.014365210197865963
1771525742191414500,11.14541455078125,2.7688941955566406,7.770980358123779,0.2298433631658554
1771525742201417200,11.155417236328125,2.270900249481201,7.450157165527344,0.35913026332855225
1771525742211420000,11.165419921875,1.7920600175857544,7.263409614562988,0.40222588181495667
1771525742231425000,11.185425048828124,1.6484078168869019,6.961740016937256,0.06224924325942993
1771525742241427700,11.195427734375,1.8926163911819458,6.875548839569092,0.13407529890537262
1771525742251430400,11.205430419921875,1.8926163911819458,6.918644428253174,0.17717093229293823
1771525742261433000,11.21543310546875,1.7585411071777344,6.995258808135986,0.1628057211637497
1771525742271435800,11.225435791015625,1.7106571197509766,6.976105213165283,0.22026655077934265
1771525742281438500,11.2354384765625,1.8543092012405396,7.038354396820068,0.019153613597154617
1771525742291441200,11.245441162109374,1.8782511949539185,7.153275966644287,-0.2106897532939911
1771525742301443800,11.25544384765625,1.5765818357467651,7.27298641204834,-0.24899697303771973
1771525742311446300,11.2654462890625,1.1887211799621582,7.383119583129883,-0.17717093229293823
1771525742321449000,11.275448974609375,1.049857497215271,7.502829551696777,-0.19632454216480255
1771525742331451600,11.28545166015625,1.217451572418213,7.7230963706970215,-0.09576806426048279
1771525742341454300,11.295454345703124,1.3563152551651,7.914632320404053,0.22026655077934265
1771525742351457000,11.30545703125,1.5095441341400146,8.283339500427246,0.10055647045373917
1771525742361459700,11.315459716796875,1.8064252138137817,8.623315811157227,-0.028730420395731926
1771525742371462400,11.32546240234375,2.079364061355591,9.011177062988281,-0.12928688526153564
1771525742381465000,11.335465087890626,2.2804770469665527,9.537900924682617,-0.181959331035614
1771525742391467500,11.345467529296876,2.342726469039917,10.088567733764648,-0.2537853717803955
1771525742401470200,11.35547021484375,2.3523032665252686,10.663175582885742,-0.31124621629714966
1771525742411473000,11.365472900390625,2.649184226989746,11.089344024658203,-0.2537853717803955
1771525742421475600,11.3754755859375,2.955641984939575,11.419743537902832,-0.16759411990642548
1771525742431478300,11.385478271484375,3.338714361190796,11.726201057434082,-0.08619125932455063
1771525742441481000,11.39548095703125,3.33392596244812,11.91773796081543,0.14365209639072418
1771525742451483600,11.405483642578124,3.1088709831237793,11.989563941955566,0.3687070608139038
1771525742461486300,11.415486328125,2.783259391784668,12.080543518066406,0.19632454216480255
1771525742471489000,11.425489013671875,2.299630641937256,12.181099891662598,0.20111294090747833
1771525742481491500,11.435491455078125,1.4281413555145264,12.396577835083008,0.3256114423274994
1771525742491494100,11.445494140625,0.5183446407318115,12.6551513671875,0.6655880808830261
1771525742501496800,11.455496826171874,-0.13766659796237946,12.865840911865234,1.015141487121582
1771525742511499500,11.46549951171875,0.08738835901021957,13.009493827819824,1.2306196689605713
1771525742521502200,11.475502197265625,1.3323732614517212,12.894572257995605,1.1109095811843872
1771525742531505000,11.4855048828125,3.1663317680358887,12.47319221496582,0.9050082564353943
1771525742541507600,11.495507568359375,4.794388771057129,11.845911026000977,0.569819986820221
1771525742551510300,11.50551025390625,5.6227827072143555,11.213842391967773,0.47405192255973816
1771525742561512700,11.5155126953125,5.249287128448486,10.797250747680664,0.7757213711738586
1771525742571515400,11.525515380859375,3.8606503009796143,10.486004829406738,1.2066776752471924
1771525742581518000,11.53551806640625,2.117671489715576,10.351929664611816,1.50355863571167
1771525742591520800,11.545520751953125,0.7242460250854492,10.299257278442383,1.7094600200653076
1771525742601523500,11.5555234375,0.07302315533161163,10.165182113647461,1.6615760326385498
1771525742611526100,11.565526123046874,0.02992752194404602,10.021530151367188,1.2976573705673218
1771525742621528800,11.57552880859375,0.5805938839912415,9.686341285705566,0.8427590131759644
1771525742631531500,11.585531494140625,1.5765818357467651,9.312846183776855,0.4884171485900879
1771525742641534000,11.595533935546875,2.448071241378784,8.939350128173828,0.24899697303771973
1771525742651536600,11.60553662109375,3.094505786895752,8.565855026245117,0.272938996553421
1771525742661539300,11.615539306640626,3.530250310897827,8.216301918029785,0.545877993106842
1771525742671542000,11.6255419921875,3.5446155071258545,7.938574314117432,0.8667010068893433
1771525742681544700,11.635544677734375,3.3243491649627686,7.6752119064331055,0.9864110946655273
1771525742691547400,11.64554736328125,2.9221231937408447,7.459733963012695,0.8810662031173706
1771525742701549800,11.6555498046875,2.5007436275482178,7.282563209533691,0.8523358106613159
1771525742711552500,11.665552490234376,2.3810336589813232,6.995258808135986,0.6560112833976746
1771525742721555200,11.67555517578125,2.256535053253174,6.889914035797119,0.6033388376235962
1771525742731557600,11.6855576171875,2.0937294960021973,6.707954406738281,0.5267243981361389
1771525742741560300,11.695560302734375,1.9405004978179932,6.597821235656738,0.42616790533065796
1771525742751563000,11.70556298828125,1.92134690284729,6.5499372482299805,0.3208230137825012
1771525742761565400,11.7155654296875,1.7106571197509766,6.578667640686035,0.28730419278144836
1771525742771568000,11.725568115234376,1.4712369441986084,6.612186431884766,0.31124621629714966
1771525742781570800,11.73557080078125,1.4329297542572021,6.664858818054199,0.15322890877723694
1771525742791573200,11.7455732421875,1.4329297542572021,6.8372416496276855,0.1388636976480484
1771525742801576000,11.755575927734375,1.2413935661315918,7.076661586761475,0.20111294090747833
1771525742811578600,11.76557861328125,1.0833762884140015,7.36396598815918,0.272938996553421
1771525742821581000,11.7755810546875,1.0690110921859741,7.646481513977051,0.3495534360408783
1771525742831583700,11.785583740234374,1.3036428689956665,7.92899751663208,0.47884035110473633
1771525742841586400,11.79558642578125,1.5382746458053589,8.326435089111328,0.5171475410461426
1771525742851588900,11.8055888671875,1.9500772953033447,8.814851760864258,0.49320554733276367
1771525742861591600,11.815591552734375,2.2038626670837402,9.331999778747559,0.5363011956214905
1771525742871594200,11.82559423828125,2.448071241378784,9.810839653015137,0.5554547905921936
1771525742881596700,11.8355966796875,2.5342624187469482,10.284892082214355,0.6272808313369751
1771525742891599400,11.845599365234374,2.6396074295043945,10.715847969055176,0.6943184733390808
1771525742901602000,11.85560205078125,2.7449522018432617,11.113286018371582,0.6943184733390808
1771525742911604500,11.8656044921875,3.0131027698516846,11.424531936645508,0.6607996821403503
1771525742921607200,11.875607177734375,3.185485363006592,11.726201057434082,0.7086837291717529
1771525742931609900,11.88560986328125,3.137601375579834,12.147581100463867,0.7469909191131592
1771525742941612300,11.8956123046875,3.180696964263916,12.415731430053711,0.828393816947937
1771525742951615000,11.905614990234374,3.118447780609131,12.659939765930176,0.9385270476341248
1771525742961617700,11.91561767578125,2.673126220703125,12.975975036621094,1.015141487121582
1771525742971620400,11.925620361328125,1.8112136125564575,13.397354125976562,1.216254472732544
1771525742981623000,11.935623046875,0.829590916633606,13.574524879455566,1.460463047027588
1771525742991625700,11.945625732421876,0.10654197633266449,13.756484031677246,1.4508862495422363
1771525743001628200,11.955628173828124,0.07781155407428741,13.627197265625,1.1540051698684692
1771525743011630800,11.965630859375,0.8678981065750122,13.349470138549805,0.6129156351089478
1771525743021633500,11.975633544921875,2.433706045150757,12.726977348327637,0.22505496442317963
1771525743031636200,11.98563623046875,4.210203647613525,11.889006614685059,-0.11013327538967133
1771525743041639000,11.995638916015626,5.340266704559326,11.16117000579834,-0.24899697303771973
1771525743051641600,12.0056416015625,5.163095951080322,10.672752380371094,0.2777273952960968
1771525743061644300,12.015644287109374,3.927687883377075,10.299257278442383,0.9720458984375
1771525743071647000,12.02564697265625,2.6874914169311523,10.102932929992676,0.9720458984375
1771525743081649400,12.0356494140625,1.8399440050125122,9.954492568969727,0.8810662031173706
1771525743091652000,12.045652099609375,1.2509703636169434,9.858723640441895,0.790086567401886
1771525743101654800,12.05565478515625,1.2078747749328613,9.676764488220215,0.4836287498474121
1771525743111657500,12.065657470703124,1.8734627962112427,9.442132949829102,-0.15322890877723694
1771525743121660200,12.07566015625,2.5438392162323,9.193136215209961,-0.6703764796257019
1771525743131662800,12.085662841796875,2.960430383682251,8.867524147033691,-0.8619126081466675
1771525743141665500,12.09566552734375,3.199850559234619,8.541913032531738,-0.8427590131759644
1771525743151668200,12.105668212890626,3.2190041542053223,8.201936721801758,-0.7661445140838623
1771525743161670700,12.115670654296874,2.9747955799102783,7.8092875480651855,-0.608127236366272
1771525743171673300,12.12567333984375,2.5246856212615967,7.459733963012695,-0.08140286058187485
1771525743181676000,12.135676025390625,2.117671489715576,7.148487567901611,0.2537853717803955
1771525743191678700,12.1456787109375,1.9117701053619385,6.9042792320251465,0.43095630407333374
1771525743201681400,12.155681396484376,1.9357120990753174,6.722319602966309,0.6033388376235962
1771525743211684000,12.16568408203125,2.0602104663848877,6.684012413024902,0.545877993106842
1771525743221686800,12.175686767578124,2.031480073928833,6.655282020568848,0.5123591423034668
1771525743231689500,12.185689453125,1.9596540927886963,6.655282020568848,0.33039984107017517
1771525743241692000,12.19569189453125,1.7537527084350586,6.717531204223633,0.09576806426048279
1771525743251694600,12.205694580078125,1.5478514432907104,6.746262073516846,-0.038307227194309235
1771525743261697300,12.215697265625,1.4089876413345337,6.808511257171631,-0.07661445438861847
1771525743271700000,12.225699951171874,1.1456254720687866,6.909067630767822,-0.028730420395731926
1771525743281702700,12.23570263671875,1.0307037830352783,7.076661586761475,-0.06224924325942993
1771525743291705300,12.245705322265625,0.9828197956085205,7.234679222106934,0
1771525743301708000,12.2557080078125,0.9780313968658447,7.464522361755371,-0.05267243832349777
1771525743311710700,12.265710693359376,1.0019733905792236,7.751826763153076,-0.11971008777618408
1771525743321713200,12.275713134765626,1.092953085899353,8.082226753234863,-0.15801730751991272
1771525743331715800,12.2857158203125,1.3706804513931274,8.55148983001709,-0.28730419278144836
1771525743341718500,12.295718505859375,1.8064252138137817,8.934561729431152,-0.35434186458587646
1771525743351721200,12.30572119140625,2.184709072113037,9.422979354858398,-0.3878606855869293
1771525743361724000,12.315723876953125,2.385822057723999,10.026318550109863,-0.40701428055763245
1771525743371726600,12.3257265625,2.5055320262908936,10.591349601745605,-0.44532153010368347
1771525743381729300,12.335729248046874,2.5917234420776367,11.046248435974121,-0.38307225704193115
1771525743391732000,12.34573193359375,2.625242233276367,11.438897132873535,-0.31124621629714966
1771525743401734400,12.355734375,2.677914619445801,11.884218215942383,-0.15801730751991272
1771525743411737000,12.365737060546875,2.6348190307617188,12.286444664001465,0.1149216815829277
1771525743421739800,12.37573974609375,2.7688941955566406,12.501922607421875,0.4884171485900879
1771525743431742500,12.385742431640624,2.8886044025421143,12.674304962158203,0.7038952708244324
1771525743441745200,12.3957451171875,2.941276788711548,12.707823753356934,0.7326257228851318
1771525743451747800,12.405747802734375,2.6348190307617188,12.750919342041016,0.727837324142456
1771525743461750500,12.41575048828125,1.801636815071106,12.851475715637207,0.7805097699165344
1771525743471753200,12.425753173828125,0.7386112213134766,12.918514251708984,0.9528923034667969
1771525743481755600,12.435755615234376,-0.07062894850969315,12.966398239135742,1.0630255937576294
1771525743491758300,12.44575830078125,-0.04189852997660637,12.95682144165039,0.9576807022094727
1771525743501761000,12.455760986328125,1.2030863761901855,12.789226531982422,0.5889736413955688
1771525743511763700,12.465763671875,2.874239206314087,12.372635841369629,0.2106897532939911
1771525743521766400,12.475766357421875,4.253299236297607,11.783661842346191,0.019153613597154617
1771525743531769000,12.48576904296875,5.081693172454834,11.089344024658203,0.009576806798577309
1771525743541771800,12.495771728515624,4.871003150939941,10.610503196716309,0.2825157940387726
1771525743551774500,12.5057744140625,3.7265748977661133,10.34714126586914,0.7948749661445618
1771525743561777000,12.51577685546875,2.1703438758850098,10.169970512390137,1.2976573705673218
1771525743571779600,12.525779541015625,0.8631097078323364,10.093356132507324,1.6328455209732056
1771525743581782300,12.5357822265625,0.1256955862045288,10.011953353881836,1.6615760326385498
1771525743591785000,12.545784912109376,0.2214636504650116,9.868300437927246,1.3311761617660522
1771525743601787600,12.55578759765625,0.9684545993804932,9.533112525939941,0.7709329724311829
1771525743621793000,12.57579296875,2.759317398071289,8.82442855834961,-0.023942016065120697
1771525743631795700,12.585795654296875,3.0801405906677246,8.417414665222168,0.023942016065120697
1771525743641798100,12.595798095703126,3.2094273567199707,8.082226753234863,0.09576806426048279
1771525743651800800,12.60580078125,3.1711201667785645,7.742249965667725,0.15322890877723694
1771525743661803500,12.615803466796875,2.869450807571411,7.450157165527344,0.40222588181495667
1771525743671806200,12.62580615234375,2.6635494232177734,7.153275966644287,0.6991068720817566
1771525743681809000,12.635808837890625,2.7114334106445312,6.913856029510498,0.8475474119186401
1771525743691811600,12.6458115234375,2.73537540435791,6.73189640045166,0.933738648891449
1771525743701814300,12.655814208984374,2.61087703704834,6.60739803314209,0.9289502501487732
1771525743711817000,12.66581689453125,2.4384944438934326,6.51641845703125,0.8188169598579407
1771525743721819600,12.675819580078125,2.0841526985168457,6.454169273376465,0.689530074596405
1771525743731822000,12.685822021484375,1.8160020112991333,6.521206855773926,0.44532153010368347
1771525743741824800,12.69582470703125,1.5670050382614136,6.530783653259277,0.4165911078453064
1771525743751827500,12.705827392578126,1.3467384576797485,6.655282020568848,0.31603461503982544
1771525743761830100,12.715830078125,1.217451572418213,6.7941460609436035,0.1867477297782898
1771525743771832800,12.725832763671875,1.1552022695541382,6.9473748207092285,0.023942016065120697
1771525743781835500,12.73583544921875,0.9588778018951416,7.196371555328369,-0.11013327538967133
1771525743791838200,12.745838134765625,0.7625532150268555,7.502829551696777,-0.2059013396501541
1771525743801841000,12.7558408203125,0.6763619780540466,7.814075946807861,-0.1628057211637497
1771525743811843300,12.76584326171875,0.7912836670875549,8.230667114257812,0.028730420395731926
1771525743821846000,12.775845947265625,0.9157821536064148,8.776544570922852,0.004788403399288654
1771525743831848700,12.7858486328125,1.3706804513931274,9.245808601379395,-0.14844051003456116
1771525743841851400,12.795851318359375,1.9835960865020752,9.676764488220215,-0.07182604819536209
1771525743851854000,12.80585400390625,2.4863784313201904,10.074202537536621,0.07182604819536209
1771525743871859500,12.825859375,3.0849289894104004,10.725424766540527,0.5985504388809204
1771525743881862100,12.835862060546875,3.1950621604919434,11.0701904296875,0.5841852426528931
1771525743891864600,12.845864501953125,3.314772367477417,11.391013145446777,0.6416460275650024
1771525743901867300,12.8558671875,3.161543369293213,11.620856285095215,0.9289502501487732
1771525743911870000,12.865869873046876,2.8119897842407227,11.912949562072754,1.0103530883789062
1771525743931875300,12.885875244140625,2.826355218887329,12.286444664001465,0.828393816947937
1771525743941878000,12.8958779296875,3.2525229454040527,12.415731430053711,0.8188169598579407
1771525743951880700,12.905880615234375,3.664325714111328,12.573748588562012,0.7326257228851318
1771525743961883400,12.91588330078125,3.578134536743164,12.698246955871582,0.7374141216278076
1771525743971885800,12.9258857421875,3.027467966079712,12.808380126953125,0.6799532771110535
1771525743981888500,12.935888427734374,2.0889410972595215,12.817956924438477,0.5650315880775452
1771525743991891200,12.94589111328125,1.0402805805206299,12.794014930725098,0.3974374830722809
1771525744001894000,12.955893798828125,0.4321534037590027,12.659939765930176,0.090979665517807
1771525744011896600,12.965896484375,0.5518634915351868,12.415731430053711,-0.07182604819536209
1771525744021899300,12.975899169921876,1.2413935661315918,12.018294334411621,-0.14365209639072418
1771525744031902000,12.98590185546875,2.098517894744873,11.505934715270996,-0.2346317619085312
1771525744041904600,12.995904541015625,2.7066450119018555,11.007941246032715,-0.2346317619085312
1771525744051907000,13.005906982421875,2.6396074295043945,10.533888816833496,-0.05267243832349777
1771525744061909800,13.01590966796875,2.0171148777008057,10.122086524963379,0.3447650372982025
1771525744071912400,13.025912353515626,1.380257248878479,9.839570045471191,0.7374141216278076
1771525744081915100,13.0359150390625,0.7625532150268555,9.600150108337402,0.933738648891449
1771525744091917800,13.045917724609374,0.27413609623908997,9.518747329711914,0.9385270476341248
1771525744101920500,13.05592041015625,0.0011971008498221636,9.37509536743164,0.8810662031173706
1771525744111923200,13.065923095703125,0.27413609623908997,9.178771018981934,0.4644751250743866
1771525744121926000,13.07592578125,0.829590916633606,8.97765827178955,0.014365210197865963
1771525744131928300,13.08592822265625,1.3419500589370728,8.872312545776367,-0.17238251864910126
1771525744141931000,13.095930908203124,1.8112136125564575,8.762179374694824,-0.3256114423274994
1771525744151933700,13.10593359375,2.29484224319458,8.623315811157227,-0.40701428055763245
1771525744161936400,13.115936279296875,2.476801633834839,8.417414665222168,-0.2777273952960968
1771525744171939000,13.12593896484375,2.476801633834839,8.154052734375,-0.1149216815829277
1771525744181941800,13.135941650390626,2.227804660797119,7.9625163078308105,0.26815059781074524
1771525744191944400,13.1459443359375,2.0458452701568604,7.627327919006348,0.4405331015586853
1771525744211949600,13.165949462890625,1.6723499298095703,7.215525150299072,1.139639973640442
1771525744221952300,13.1759521484375,1.4616601467132568,7.08144998550415,1.3263877630233765
1771525744231955000,13.185954833984376,1.3658920526504517,7.114968776702881,1.1683704853057861
1771525744241957600,13.19595751953125,1.2988544702529907,7.148487567901611,1.0438719987869263
1771525744251960300,13.205960205078124,1.456871747970581,7.162852764129639,0.7565677165985107
1771525744261963000,13.215962890625,1.6388310194015503,7.17242956161499,0.363918662071228
1771525744271965700,13.225965576171875,1.7920600175857544,7.186794757843018,0.11013327538967133
1771525744281968400,13.235968505859375,1.7872716188430786,7.148487567901611,0.07182604819536209
1771525744291970800,13.245970703125,1.657984733581543,7.162852764129639,0.014365210197865963
1771525744301973500,13.255973388671874,1.6484078168869019,7.205948352813721,-0.12449848651885986
1771525744311976200,13.26597607421875,1.6675615310668945,7.335235595703125,-0.19153612852096558
1771525744321979000,13.275978759765625,1.581370234489441,7.498041152954102,-0.3064578175544739
1771525744331981600,13.285981689453125,1.2222399711608887,7.770980358123779,-0.33997663855552673
1771525744341984000,13.29598388671875,0.547075092792511,8.110957145690918,-0.35913026332855225
1771525744351986700,13.305986572265626,0.08738835901021957,8.513182640075684,-0.2298433631658554
1771525744361989400,13.3159892578125,0.0347159244120121,8.97765827178955,-0.08619125932455063
1771525744371991800,13.32599169921875,0.34596213698387146,9.446921348571777,-0.043095629662275314
1771525744381994500,13.335994384765625,0.729034423828125,9.964069366455078,-0.181959331035614
1771525744391997200,13.3459970703125,1.0977414846420288,10.40460205078125,-0.12449848651885986
1771525744401999600,13.35599951171875,1.5382746458053589,10.830769538879395,-0.10534487664699554
1771525744412002300,13.366002197265624,1.8399440050125122,11.242572784423828,-0.11971008777618408
1771525744422005000,13.3760048828125,2.189497470855713,11.505934715270996,0
1771525744432007400,13.38600732421875,2.5246856212615967,11.663951873779297,0.2059013396501541
1771525744442010000,13.396010009765625,2.721010208129883,11.869853019714355,0.23942017555236816
1771525744452012800,13.4060126953125,2.8167781829833984,12.209830284118652,0.19632454216480255
1771525744462015200,13.41601513671875,2.4193408489227295,12.664728164672852,0.3447650372982025
1771525744472018000,13.426017822265624,1.4664485454559326,13.124415397644043,0.9002198576927185
1771525744482020600,13.4360205078125,0.5805938839912415,13.368623733520508,1.3263877630233765
1771525744492023000,13.44602294921875,0.09696517139673233,13.53621768951416,1.6711528301239014
1771525744502025700,13.456025634765625,0.41778820753097534,13.416507720947266,1.699883222579956
1771525744512028400,13.4660283203125,1.820790410041809,13.114838600158691,1.403002142906189
1771525744522031000,13.476031005859374,3.7409400939941406,12.583325386047363,1.0055646896362305
1771525744532033500,13.486033447265624,5.479130744934082,11.850699424743652,0.8619126081466675
1771525744542036200,13.4960361328125,6.221333026885986,11.314398765563965,1.0678139925003052
1771525744552039000,13.506038818359375,5.579687118530273,10.983999252319336,1.4269442558288574
1771525744562041300,13.516041259765625,4.095282077789307,10.797250747680664,1.6903064250946045
1771525744572044000,13.5260439453125,2.6348190307617188,10.663175582885742,1.7046716213226318
1771525744582046700,13.536046630859374,1.643619418144226,10.505158424377441,1.6280571222305298
1771525744592049200,13.546049072265625,1.1743559837341309,10.318410873413086,1.3838485479354858
1771525744602051800,13.5560517578125,0.9493009448051453,10.00716495513916,1.1061211824417114
1771525744612054500,13.566054443359375,0.9157821536064148,9.513958930969238,0.8619126081466675
1771525744622057000,13.576056884765626,1.2222399711608887,8.939350128173828,0.545877993106842
1771525744632059600,13.5860595703125,1.5622166395187378,8.345588684082031,0.10534487664699554
1771525744642062300,13.596062255859374,1.7393875122070312,7.991246700286865,0.19632454216480255
1771525744652064800,13.606064697265625,1.9309237003326416,7.574655532836914,0.14844051003456116
1771525744662067500,13.6160673828125,2.2469582557678223,7.311293601989746,0.07182604819536209
1771525744672070100,13.626070068359375,2.716221809387207,7.158064365386963,0.20111294090747833
1771525744682072800,13.63607275390625,2.9652187824249268,6.9473748207092285,0.26815059781074524
1771525744692075500,13.646075439453124,3.2094273567199707,7.019200801849365,0.5554547905921936
1771525744702078000,13.656077880859375,2.7880477905273438,6.746262073516846,0.8092401623725891
1771525744712080600,13.66608056640625,2.3523032665252686,6.818088054656982,0.8523358106613159
1771525744722083300,13.676083251953125,1.8303672075271606,6.8372416496276855,0.7374141216278076
1771525744732086000,13.6860859375,1.600523829460144,6.846818447113037,0.4165911078453064
1771525744742088700,13.696088623046874,1.4520833492279053,6.870760440826416,0.21547815203666687
1771525744752091400,13.70609130859375,1.2318167686462402,6.961740016937256,0.11013327538967133
1771525744762094000,13.716093994140625,1.0833762884140015,7.162852764129639,-0.004788403399288654
1771525744772096800,13.7260966796875,1.0785878896713257,7.435791969299316,0.043095629662275314
1771525744782099200,13.73609912109375,1.437718152999878,7.732673168182373,0.1149216815829277
1771525744792102000,13.746101806640626,1.8064252138137817,8.087015151977539,0.38307225704193115
1771525744802104600,13.7561044921875,1.9069817066192627,8.46051025390625,0.8331822156906128
1771525744812107300,13.766107177734375,1.9788076877593994,8.82442855834961,1.048660397529602
1771525744822110000,13.77610986328125,2.3092074394226074,9.193136215209961,1.1204863786697388
1771525744832112600,13.786112548828125,2.783259391784668,9.547477722167969,1.1348515748977661
1771525744842115300,13.796115234375,3.161543369293213,9.877877235412598,1.1779472827911377
1771525744852118000,13.806117919921874,3.2764649391174316,10.18912410736084,1.0965443849563599
1771525744862120400,13.816120361328124,3.0609867572784424,10.505158424377441,0.9864110946655273
1771525744872123100,13.826123046875,2.6204538345336914,10.773308753967285,1.048660397529602
1771525744882125800,13.836125732421875,2.3570916652679443,10.988787651062012,1.0247182846069336
1771525744892128500,13.84612841796875,2.2900538444519043,11.213842391967773,0.790086567401886
1771525744902131200,13.856131103515626,2.5055320262908936,11.458050727844238,0.6560112833976746
1771525744912134000,13.8661337890625,2.7545289993286133,11.673528671264648,0.3256114423274994
1771525744922136600,13.876136474609375,2.898181200027466,11.826757431030273,0.047884032130241394
1771525744932139300,13.88613916015625,2.8838160037994385,11.970410346984863,0.043095629662275314
1771525744942141700,13.8961416015625,2.7736825942993164,12.176311492919922,0.15322890877723694
1771525744952144400,13.906144287109376,2.3092074394226074,12.387001037597656,0.23942017555236816
1771525744962147000,13.91614697265625,1.4664485454559326,12.755707740783691,0.47884035110473633
1771525744972149800,13.926149658203125,0.7242460250854492,12.88978385925293,0.7996633648872375
1771525744982152400,13.93615234375,0.35075053572654724,12.947244644165039,0.9050082564353943
1771525744992155100,13.946155029296875,0.8104372620582581,12.87062931060791,0.5841852426528931
1771525745002157800,13.95615771484375,1.9548656940460205,12.573748588562012,0.272938996553421
1771525745012160500,13.966160400390624,3.362656354904175,12.13321590423584,-0.05267243832349777
1771525745022163000,13.976162841796874,4.703409194946289,11.515511512756348,-0.3016694188117981
1771525745032165600,13.98616552734375,5.057751178741455,10.960057258605957,-0.26815059781074524
1771525745042168300,13.996168212890625,4.310760021209717,10.505158424377441,0.14844051003456116
1771525745052171000,14.0061708984375,2.7736825942993164,10.136451721191406,0.4405331015586853
1771525745062173700,14.016173583984376,1.2844891548156738,9.997588157653809,0.49799394607543945
1771525745072176400,14.02617626953125,0.23582886159420013,9.901819229125977,0.7326257228851318
1771525745082179000,14.036178955078125,-0.41539400815963745,9.729436874389648,0.7038952708244324
1771525745092181800,14.046181640625,-0.15682020783424377,9.55705451965332,0.22505496442317963
1771525745102184200,14.05618408203125,0.4944026470184326,9.30805778503418,-0.06703764945268631
1771525745112187000,14.066186767578126,1.2078747749328613,9.049484252929688,-0.2298433631658554
1771525745122189600,14.076189453125,1.9357120990753174,8.757390975952148,-0.4644751250743866
1771525745132192300,14.086192138671874,2.586935043334961,8.479663848876953,-0.45489832758903503
1771525745142195000,14.09619482421875,2.960430383682251,8.249820709228516,-0.4596867263317108
1771525745152197600,14.10619775390625,3.118447780609131,7.976881504058838,-0.569819986820221
1771525745162200300,14.116200439453126,2.979583978652954,7.545925140380859,-0.3256114423274994
1771525745172203000,14.126203125,2.4576480388641357,7.589020729064941,-0.038307227194309235
1771525745182205400,14.136205322265624,2.409764051437378,7.009624004364014,0.06224924325942993
1771525745192208100,14.1462080078125,2.189497470855713,6.818088054656982,0.23942017555236816
1771525745202210800,14.1562109375,1.8974047899246216,6.573879241943359,0.5889736413955688
1771525745212213500,14.166213623046875,1.4329297542572021,6.497264862060547,0.8331822156906128
1771525745222216200,14.17621630859375,0.9062053561210632,6.4828996658325195,0.9576807022094727
1771525745232219000,14.186218994140624,0.6189011335372925,6.473322868347168,1.0007762908935547
1771525745242221600,14.1962216796875,0.5758054852485657,6.559514045715332,1.0342950820922852
1771525745252224300,14.206224365234375,0.7529764175415039,6.679224014282227,0.9241618514060974
1771525745262226700,14.216226806640625,1.0690110921859741,6.822876453399658,0.569819986820221
1771525745272229400,14.2262294921875,1.260547161102295,7.08144998550415,0.2298433631658554
1771525745282232000,14.236232177734376,1.5622166395187378,7.39748477935791,-0.028730420395731926
1771525745292234800,14.24623486328125,1.8734627962112427,7.7470383644104,-0.26336219906806946
1771525745302237400,14.256237548828125,2.0649988651275635,8.130110740661621,-0.4165911078453064
1771525745312240000,14.266240234375,2.29484224319458,8.503605842590332,-0.5841852426528931
1771525745322242800,14.276242919921875,2.5534160137176514,8.896254539489746,-0.5889736413955688
1771525745332245500,14.28624560546875,2.7257986068725586,9.207501411437988,-0.4692635238170624
1771525745342248000,14.296248046875,2.807201385498047,9.518747329711914,-0.4213795065879822
1771525745352250600,14.306250732421875,2.653972625732422,9.906607627868652,-0.4213795065879822
1771525745362253300,14.31625341796875,2.2613234519958496,10.299257278442383,-0.23942017555236816
1771525745372256000,14.326256103515625,1.9069817066192627,10.663175582885742,-0.11971008777618408
1771525745382258700,14.3362587890625,1.9117701053619385,11.046248435974121,0.023942016065120697
1771525745392261400,14.346261474609374,2.055422067642212,11.357494354248047,0.26815059781074524
1771525745402264000,14.35626416015625,2.4001872539520264,11.635221481323242,0.4836287498474121
1771525745412266800,14.366266845703125,2.9077579975128174,11.889006614685059,0.5363011956214905
1771525745422269400,14.37626953125,3.6978445053100586,12.00871753692627,0.6224924325942993
1771525745432272000,14.38627197265625,4.502296447753906,11.999140739440918,0.7469909191131592
1771525745442274600,14.396274658203126,4.966771602630615,12.128427505493164,0.8427590131759644
1771525745452277200,14.40627734375,4.636371612548828,12.109273910522461,0.9911994934082031
1771525745462279700,14.41627978515625,3.2142157554626465,12.243349075317383,1.0821791887283325
1771525745472282400,14.426282470703125,1.4616601467132568,12.454038619995117,1.192312479019165
1771525745482285000,14.43628515625,0.0586579404771328,12.578536987304688,1.50355863571167
1771525745492287500,14.44628759765625,-0.3866635859012604,12.674304962158203,1.5275006294250488
1771525745502290200,14.456290283203124,0.28371289372444153,12.626420974731445,1.173158884048462
1771525745512292900,14.46629296875,1.768117904663086,12.214618682861328,0.7661445140838623
1771525745522295300,14.47629541015625,3.3004069328308105,11.754931449890137,0.45010992884635925
1771525745532298000,14.486298095703125,4.1192240715026855,11.338340759277344,0.2298433631658554
1771525745542300700,14.49630078125,4.210203647613525,10.883441925048828,0.3016694188117981
1771525745552303000,14.50630322265625,3.558980941772461,10.581772804260254,0.6943184733390808
1771525745562305800,14.516305908203124,2.5534160137176514,10.31362247467041,1.1061211824417114
1771525745572308500,14.52630859375,1.6819267272949219,10.117298126220703,1.2689268589019775
1771525745582311000,14.536310791015625,1.1264718770980835,10.069414138793945,1.1061211824417114
1771525745592313600,14.546313720703125,0.8678981065750122,9.882665634155273,0.7805097699165344
1771525745602316300,14.55631640625,0.9062053561210632,9.576208114624023,0.4405331015586853
1771525745612318700,14.566318603515626,1.279700756072998,9.288904190063477,0.06703764945268631
1771525745622321400,14.5763212890625,1.744175910949707,9.011177062988281,-0.07182604819536209
1771525745632324000,14.586323974609375,2.0266916751861572,8.728660583496094,0.06224924325942993
1771525745642326800,14.596326904296875,2.055422067642212,8.350377082824707,0.24899697303771973
1771525745652329200,14.6063291015625,1.9405004978179932,8.168417930603027,0.5650315880775452
1771525745662332000,14.616331787109376,1.8495208024978638,7.8332295417785645,0.5602431893348694
1771525745672334600,14.62633447265625,2.3044190406799316,7.948151111602783,0.6368576288223267
1771525745682337000,14.6363369140625,2.337938070297241,7.474099159240723,1.158793568611145
1771525745712344800,14.6663447265625,2.5773582458496094,7.387907981872559,0.6847416758537292
1771525745722347500,14.676347412109376,2.7305870056152344,7.373542785644531,0.5363011956214905
1771525745732350200,14.68635009765625,2.6443958282470703,7.239467620849609,0.5267243981361389
1771525745742352600,14.6963525390625,2.448071241378784,7.239467620849609,0.3687070608139038
1771525745752355300,14.706355224609375,2.1799206733703613,7.2298903465271,0.24420857429504395
1771525745762358000,14.71635791015625,1.9117701053619385,7.253832817077637,0.09576806426048279
1771525745772360400,14.7263603515625,1.5909470319747925,7.30650520324707,0.14844051003456116
1771525745782363100,14.736363037109374,1.4664485454559326,7.421426773071289,0.37828385829925537
1771525745792365800,14.74636572265625,1.4760253429412842,7.622539520263672,0.4692635238170624
1771525745802368300,14.7563681640625,1.3658920526504517,7.900267124176025,0.5793967843055725
1771525745812371000,14.766370849609375,1.3180080652236938,8.182783126831055,0.5315127968788147
1771525745822373600,14.77637353515625,1.4472949504852295,8.474875450134277,0.49799394607543945
1771525745832376000,14.7863759765625,1.6962919235229492,8.762179374694824,0.45010992884635925
1771525745842378800,14.796378662109374,2.0602104663848877,9.083003044128418,0.42616790533065796
1771525745852381400,14.80638134765625,2.4863784313201904,9.403825759887695,0.3256114423274994
1771525745862384000,14.816384033203125,2.7736825942993164,9.753378868103027,0.33997663855552673
1771525745882389500,14.836389404296876,2.778470993041992,10.452486038208008,0.3064578175544739
1771525745892392200,14.84639208984375,2.8167781829833984,10.76852035522461,0.40222588181495667
1771525745902394600,14.85639453125,2.9700071811676025,11.027094841003418,0.5123591423034668
1771525745912397300,14.866397216796875,3.1711201667785645,11.309610366821289,0.5267243981361389
1771525745922400000,14.87639990234375,3.558980941772461,11.520299911499023,0.5410895943641663
1771525745932402700,14.886402587890625,3.9468414783477783,11.726201057434082,0.5363011956214905
1771525745942405400,14.8964052734375,3.8606503009796143,12.037447929382324,0.5650315880775452
1771525745952408000,14.906407958984374,3.1759085655212402,12.324751853942871,0.608127236366272
1771525745962410800,14.91641064453125,2.0889410972595215,12.736554145812988,0.5793967843055725
1771525745972413400,14.926413330078125,1.1552022695541382,12.899360656738281,0.4884171485900879
1771525745982416000,14.936415771484375,0.5710170865058899,13.004705429077148,0.24899697303771973
1771525745992418600,14.94641845703125,0.6667851805686951,12.932879447937012,-0.05267243832349777
1771525746002421200,14.956421142578124,1.3419500589370728,12.68867015838623,-0.14844051003456116
1771525746012424000,14.966423828125,2.184709072113037,12.300809860229492,-0.047884032130241394
1771525746022426600,14.976426513671875,2.653972625732422,11.83154582977295,0.15801730751991272
1771525746032429300,14.98642919921875,2.6348190307617188,11.486781120300293,0.47884035110473633
1771525746042432000,14.996431884765625,2.428917646408081,11.185111999511719,0.8762778043746948
1771525746052434700,15.0064345703125,2.3092074394226074,10.878653526306152,1.278503656387329
1771525746062437000,15.01643701171875,2.433706045150757,10.648810386657715,1.4844050407409668
1771525746072439800,15.026439697265625,2.721010208129883,10.481216430664062,1.455674648284912
1771525746082442500,15.0364423828125,3.1711201667785645,10.299257278442383,1.3646949529647827
1771525746092445200,15.046445068359375,3.774458885192871,10.011953353881836,1.0534487962722778
1771525746102447900,15.05644775390625,4.301183223724365,9.686341285705566,0.646434485912323
1771525746112450600,15.066450439453124,4.315548419952393,9.351153373718262,0.3734954595565796
1771525746122453200,15.076453369140625,3.8319199085235596,8.982446670532227,0.06703764945268631
1771525746132456000,15.0864560546875,3.271676540374756,8.61852741241455,-0.2059013396501541
1771525746142458400,15.096458251953125,2.653972625732422,8.230667114257812,-0.2777273952960968
1771525746152461000,15.1064609375,2.117671489715576,8.015189170837402,-0.3256114423274994
1771525746162463700,15.116463623046876,1.6340426206588745,7.512406349182129,-0.07661445438861847
1771525746172466400,15.126466552734374,1.3850456476211548,7.316082000732422,-0.15322890877723694
1771525746182469000,15.13646923828125,1.169567584991455,7.2107367515563965,-0.1388636976480484
1771525746192471800,15.146471923828125,1.236605167388916,7.086238384246826,0.014365210197865963
1771525746202474500,15.156474609375,1.3706804513931274,6.8611836433410645,0.05267243832349777
1771525746222479600,15.176479736328124,1.8495208024978638,6.942586421966553,0.33039984107017517
1771525746232482300,15.186482421875,1.8782511949539185,7.033565998077393,0.3687070608139038
1771525746242485000,15.196485107421875,1.6196774244308472,7.177217960357666,0.33518823981285095
1771525746252487700,15.20648779296875,1.2653355598449707,7.3687543869018555,0.12449848651885986
1771525746262490400,15.216490478515626,1.1264718770980835,7.598597526550293,0
1771525746272493000,15.2264931640625,1.1839327812194824,7.8332295417785645,-0.12449848651885986
1771525746282495700,15.236495849609375,1.3850456476211548,8.087015151977539,-0.26815059781074524
1771525746292498400,15.24649853515625,1.6867151260375977,8.359953880310059,-0.2968810200691223
1771525746302500900,15.2565009765625,1.868674397468567,8.508394241333008,-0.09576806426048279
1771525746312503600,15.266503662109375,1.9405004978179932,8.738237380981445,0.1149216815829277
1771525746322506200,15.27650634765625,1.988384485244751,9.044695854187012,0.4118026793003082
1771525746332509000,15.286509033203124,1.9165585041046143,9.46607494354248,0.689530074596405
1771525746342511600,15.29651171875,2.0410568714141846,9.978434562683105,0.9145850539207458
1771525746352514300,15.306514404296875,2.519897222518921,10.581772804260254,1.1827356815338135
1771525746362517000,15.31651708984375,2.9221231937408447,11.189900398254395,1.3503297567367554
1771525746372519700,15.326519775390626,2.5917234420776367,12.018294334411621,1.2306196689605713
1771525746382522000,15.336522216796874,1.6915035247802734,12.765284538269043,1.0438719987869263
1771525746392524800,15.34652490234375,1.844732403755188,13.19624137878418,0.8858546018600464
1771525746402527500,15.356527587890625,3.223792552947998,13.44523811340332,0.5793967843055725
1771525746412530000,15.366530029296875,4.981136798858643,13.368623733520508,0.49799394607543945
1771525746422532600,15.37653271484375,6.858190536499023,12.932879447937012,0.507570743560791
1771525746432535300,15.386535400390626,8.040925979614258,12.401366233825684,0.7086837291717529
1771525746442537700,15.396537841796874,7.274781703948975,11.726201057434082,1.139639973640442
1771525746452540400,15.40654052734375,5.278017520904541,11.12765121459961,2.1356279850006104
1771525746462543000,15.416543212890625,3.003525972366333,10.691905975341797,2.5330653190612793
1771525746472545800,15.4265458984375,1.1312602758407593,10.380660057067871,2.5474305152893066
1771525746482548200,15.43654833984375,-0.30526071786880493,10.227431297302246,2.5713725090026855
1771525746492551000,15.446551025390624,-1.0761936902999878,9.988011360168457,2.389413356781006
1771525746502553600,15.4565537109375,-0.6308721303939819,9.719860076904297,1.8818424940109253
1771525746512556000,15.46655615234375,0.8678981065750122,9.394248962402344,1.1827356815338135
1771525746522558700,15.476558837890625,2.6443958282470703,9.049484252929688,0.7374141216278076
1771525746532561400,15.4865615234375,3.578134536743164,8.685564994812012,0.507570743560791
1771525746542563800,15.496563720703126,3.7265748977661133,8.331223487854004,0.4165911078453064
1771525746552566500,15.50656640625,3.3674447536468506,8.015189170837402,0.3208230137825012
1771525746562569200,15.5165693359375,2.8455088138580322,7.7470383644104,0.09576806426048279
1771525746572571600,15.526571533203125,2.189497470855713,7.5219831466674805,-0.1149216815829277
1771525746582574300,15.53657421875,1.437718152999878,7.378331184387207,-0.3208230137825012
1771525746592577000,15.546576904296876,1.0115501880645752,7.249044418334961,-0.5363011956214905
1771525746602579500,15.556579345703126,0.7386112213134766,7.244256019592285,-0.6224924325942993
1771525746612582100,15.56658203125,0.5805938839912415,7.27298641204834,-0.6320692300796509
1771525746622584800,15.576584716796875,0.5997475385665894,7.474099159240723,-0.608127236366272
1771525746642590000,15.59658984375,0.9876081943511963,8.06307315826416,-0.12928688526153564
1771525746652592600,15.606592529296876,1.0642226934432983,8.470087051391602,0.1149216815829277
1771525746662595000,15.616594970703124,1.092953085899353,8.881889343261719,0.26815059781074524
1771525746672597800,15.62659765625,1.092953085899353,9.355941772460938,0.3256114423274994
1771525746682600400,15.636600341796875,1.2318167686462402,9.820416450500488,0.2059013396501541
1771525746692603000,15.646602783203125,1.5526398420333862,10.15560531616211,0.14365209639072418
1771525746702605600,15.65660546875,1.945288896560669,10.476428031921387,0.12449848651885986
1771525746712608300,15.666608154296876,2.428917646408081,10.720636367797852,0.08140286058187485
1771525746722610700,15.676610595703124,2.9221231937408447,10.940903663635254,-0.014365210197865963
1771525746732613400,15.68661328125,2.8455088138580322,11.098920822143555,-0.06703764945268631
1771525746742616000,15.696615966796875,2.404975652694702,11.237784385681152,-0.004788403399288654
1771525746752618500,15.706618408203125,1.9165585041046143,11.271303176879883,0
1771525746762621200,15.71662109375,1.5622166395187378,11.300033569335938,0.10534487664699554
1771525746772624000,15.726623779296874,1.3850456476211548,11.2282075881958,0.45010992884635925
1771525746782626300,15.736626220703124,1.1504138708114624,11.2282075881958,0.689530074596405
1771525746792629000,15.74662890625,0.628477931022644,11.175535202026367,0.9145850539207458
1771525746802631700,15.756631591796875,-0.04668693244457245,11.098920822143555,1.1827356815338135
1771525746812634000,15.766634033203125,-0.5877765417098999,10.988787651062012,1.259350061416626
1771525746822636800,15.77663671875,-0.34835633635520935,10.811615943908691,0.727837324142456
1771525746832639500,15.786639404296874,0.8678981065750122,10.581772804260254,-0.3016694188117981
1771525746842642000,15.796641845703125,2.189497470855713,10.428544044494629,-1.0438719987869263
1771525746852644600,15.80664453125,2.778470993041992,10.332776069641113,-1.1492167711257935
1771525746862647300,15.816647216796875,2.251746654510498,10.237008094787598,-0.5889736413955688
1771525746872649700,15.826649658203126,1.212663173675537,10.13166332244873,0.26336219906806946
1771525746882652400,15.83665234375,0.43694180250167847,10.146028518676758,1.0582371950149536
1771525746892655000,15.846655029296874,-0.07062894850969315,10.217854499816895,1.4844050407409668
1771525746902657800,15.85665771484375,-0.48722004890441895,10.275315284729004,1.5322890281677246
1771525746912660500,15.866660400390625,-0.52552729845047,10.146028518676758,1.2306196689605713
1771525746922663200,15.8766630859375,0.010773907415568829,9.834781646728516,0.6224924325942993
1771525746932665600,15.88666552734375,1.1312602758407593,9.518747329711914,0.1628057211637497
1771525746942668300,15.896668212890624,1.2222399711608887,9.020753860473633,-0.507570743560791
1771525746952671000,15.9066708984375,1.4903905391693115,8.637681007385254,-0.3878606855869293
1771525746962673700,15.916673583984375,1.3898340463638306,8.455721855163574,-0.08619125932455063
1771525746972676400,15.92667626953125,0.7481880187988281,8.048707962036133,0.4884171485900879
1771525746982679000,15.936678955078126,0.27413609623908997,7.842806339263916,1.0199298858642578
1771525746992681700,15.946681640625,-0.04668693244457245,7.632116317749023,1.5945383310317993
1771525747002684400,15.956684326171874,-0.08978256583213806,7.474099159240723,1.9105730056762695
1771525747012686800,15.966686767578125,0.21188685297966003,7.320870399475098,1.8962076902389526
1771525747022689500,15.976689453125,0.5279214978218079,7.239467620849609,1.920149803161621
1771525747032692200,15.986692138671875,0.8535329103469849,7.330447196960449,1.968033790588379
1771525747042695000,15.99669482421875,0.9876081943511963,7.555501937866211,1.7477672100067139
1771525747052697600,16.006697509765626,0.9540894031524658,7.699153900146484,1.460463047027588
1771525747062700300,16.0167001953125,0.7817068696022034,7.857171535491943,1.115697979927063
1771525747072703000,16.026702880859375,0.4800374507904053,8.130110740661621,0.6512228846549988
1771525747082705700,16.03670556640625,0.11133038252592087,8.537124633789062,0.33518823981285095
1771525747092708000,16.0467080078125,-0.12330138683319092,8.920196533203125,0.047884032130241394
1771525747102710800,16.056710693359374,0.13527239859104156,9.413402557373047,-0.40701428055763245
1771525747112713500,16.06671337890625,0.6045359373092651,9.82999324798584,-0.6799532771110535
1771525747122716200,16.076716064453127,1.1312602758407593,10.385448455810547,-0.5841852426528931
1771525747132718800,16.08671875,1.413776159286499,10.672752380371094,-0.35913026332855225
1771525747142721500,16.096721435546876,1.6531962156295776,11.031883239746094,-0.14844051003456116
1771525747152724200,16.10672412109375,1.8303672075271606,11.34312915802002,0.047884032130241394
1771525747162727000,16.116726806640624,1.8782511949539185,11.640009880065918,0.3256114423274994
1771525747172729300,16.126729248046875,1.701080322265625,11.903372764587402,0.7374141216278076
1771525747182732000,16.13673193359375,1.3946224451065063,12.094908714294434,1.0295066833496094
1771525747192734700,16.146734619140624,1.1791443824768066,12.262502670288086,1.192312479019165
1771525747202737400,16.1567373046875,1.2222399711608887,12.372635841369629,1.2449848651885986
1771525747212740000,16.166739990234376,1.7058687210083008,12.363059043884277,0.9864110946655273
1771525747222742800,16.17674267578125,2.558204412460327,12.387001037597656,0.646434485912323
1771525747232745500,16.186745361328125,2.898181200027466,12.607267379760742,0.5506663918495178
1771525747242748200,16.196748046875,2.45285964012146,12.789226531982422,0.9624691009521484
1771525747252750600,16.20675048828125,1.499967336654663,12.846687316894531,1.8100165128707886
1771525747262753300,16.216753173828124,0.9253589510917664,12.95682144165039,2.3271639347076416
1771525747272756000,16.226755859375,1.1073182821273804,12.83711051940918,2.4133553504943848
1771525747282758700,16.236758544921877,1.7489643096923828,12.56417179107666,2.2457611560821533
1771525747292761300,16.24676123046875,2.6874914169311523,11.932103157043457,1.6903064250946045
1771525747302764000,16.256763916015625,3.95641827583313,11.19468879699707,0.871489405632019
1771525747312766700,16.2667666015625,4.808753967285156,10.466851234436035,0.5123591423034668
1771525747322769400,16.276769287109374,4.780023574829102,9.868300437927246,0.6607996821403503
1771525747332771800,16.286771728515625,3.870227098464966,9.480440139770508,1.0534487962722778
1771525747342774500,16.2967744140625,2.677914619445801,9.264962196350098,1.6089035272598267
1771525747352777200,16.306777099609373,1.600523829460144,9.18355941772461,1.987187385559082
1771525747362779600,16.316779541015624,0.7003039717674255,9.197924613952637,2.073378562927246
1771525747372782300,16.3267822265625,0.04908113554120064,9.202713012695312,1.8387469053268433
1771525747382785000,16.336784912109376,-0.23822307586669922,9.164405822753906,1.3694833517074585
1771525747392787500,16.346787353515627,0.02513911761343479,9.06863784790039,0.8044517636299133
1771525747402790100,16.3567900390625,1.0115501880645752,8.747814178466797,0.3256114423274994
1771525747412792800,16.366792724609375,2.189497470855713,8.522759437561035,0.1388636976480484
1771525747422795300,16.376795166015626,3.0849289894104004,8.163629531860352,0.019153613597154617
1771525747432798000,16.3867978515625,3.7696704864501953,7.957727909088135,0.19153612852096558
1771525747442800600,16.396800537109375,3.884592294692993,7.727884769439697,0.6129156351089478
1771525747452803000,16.406802978515625,3.5494039058685303,7.541136741638184,1.0007762908935547
1771525747462805800,16.4168056640625,2.9700071811676025,7.30650520324707,1.072602391242981
1771525747472808400,16.426808349609374,2.2613234519958496,7.13891077041626,0.9672574996948242
1771525747482811000,16.436810791015624,1.7537527084350586,7.009624004364014,0.7182605266571045
1771525747492813600,16.4468134765625,1.404199242591858,6.961740016937256,0.3878606855869293
1771525747502816300,16.456816162109376,1.092953085899353,6.899490833282471,0.14365209639072418
1771525747512818700,16.466818603515627,0.9349357485771179,6.842030048370361,0.038307227194309235
1771525747522821400,16.4768212890625,0.9349357485771179,6.842030048370361,-0.09576806426048279
1771525747532824000,16.486823974609376,0.9876081943511963,6.95695161819458,-0.023942016065120697
1771525747542826500,16.496826416015626,1.0546458959579468,7.105391979217529,0.08140286058187485
1771525747552829200,16.5068291015625,0.9923965930938721,7.282563209533691,0.09576806426048279
1771525747562832000,16.516831787109375,0.8439561128616333,7.512406349182129,0.1867477297782898
1771525747572834300,16.526834228515625,0.7960720658302307,7.83801794052124,0.3256114423274994
1771525747582837000,16.5368369140625,0.8918401598930359,8.154052734375,0.45489832758903503
1771525747592839700,16.546839599609374,0.9971849918365479,8.575431823730469,0.5746083855628967
1771525747602842000,16.556842041015624,1.0977414846420288,9.015965461730957,0.8092401623725891
1771525747612844800,16.5668447265625,1.380257248878479,9.43255615234375,1.0103530883789062
1771525747622847500,16.576847412109377,1.8590975999832153,9.753378868103027,1.0103530883789062
1771525747632850000,16.586849853515623,2.3283610343933105,10.002376556396484,0.9002198576927185
1771525747652855300,16.606855224609376,2.912546396255493,10.49558162689209,0.8188169598579407
1771525747662857700,16.616857666015626,3.1711201667785645,10.763731956481934,0.7565677165985107
1771525747672860400,16.6268603515625,3.204638957977295,10.974422454833984,0.8092401623725891
1771525747682863000,16.636863037109375,2.8646624088287354,11.213842391967773,0.9289502501487732
1771525747692865800,16.64686572265625,2.4241292476654053,11.400589942932129,1.1444283723831177
1771525747702868200,16.6568681640625,2.227804660797119,11.59212589263916,1.216254472732544
1771525747712871000,16.666870849609374,2.007538080215454,11.764508247375488,1.335964560508728
1771525747722873600,16.67687353515625,1.92134690284729,11.936891555786133,1.2641384601593018
1771525747732876000,16.6868759765625,2.1799206733703613,12.2002534866333,1.0247182846069336
1771525747742878700,16.696878662109373,2.0937294960021973,12.516287803649902,0.9864110946655273
1771525747752881400,16.70688134765625,1.2701239585876465,12.798803329467773,0.7661445140838623
1771525747762883800,16.7168837890625,0.0586579404771328,12.98076343536377,0.5554547905921936
1771525747772886500,16.726886474609376,-1.258152961730957,13.100473403930664,0.507570743560791
1771525747782889200,16.73688916015625,-1.5598224401474,13.114838600158691,0.2346317619085312
1771525747792891600,16.7468916015625,-0.41539400815963745,12.832322120666504,-0.24420857429504395
1771525747802894300,16.756894287109375,1.5765818357467651,12.415731430053711,-0.3878606855869293
1771525747812897000,16.76689697265625,3.602076530456543,11.730989456176758,-0.5506663918495178
1771525747822899500,16.7768994140625,5.0912699699401855,11.180323600769043,-0.790086567401886
1771525747832902100,16.786902099609375,5.450400352478027,10.7110595703125,-0.5841852426528931
1771525747842904800,16.79690478515625,4.55496883392334,10.375871658325195,-0.004788403399288654
1771525747852907300,16.8069072265625,3.137601375579834,10.184335708618164,0.4405331015586853
1771525747872912600,16.82691259765625,1.016338586807251,9.92097282409668,0.49320554733276367
1771525747882915000,16.8369150390625,0.3603273630142212,9.671976089477539,0.5410895943641663
1771525747892917800,16.846917724609376,0.3842693865299225,9.331999778747559,0.2825157940387726
1771525747902920400,16.85692041015625,0.9205705523490906,8.805274963378906,-0.28730419278144836
1771525747912923000,16.8669228515625,1.4903905391693115,8.479663848876953,-0.4644751250743866
1771525747922925600,16.876925537109376,1.5622166395187378,8.048707962036133,-0.4692635238170624
1771525747932928300,16.88692822265625,1.4951789379119873,7.680000305175781,-0.24899697303771973
1771525747942930700,16.8969306640625,1.3467384576797485,7.27298641204834,0.019153613597154617
1771525747952933400,16.906933349609375,1.2030863761901855,7.028777599334717,0.24420857429504395
1771525747962936000,16.91693603515625,1.0259153842926025,6.8611836433410645,0.4596867263317108
1771525747972938800,16.926938720703124,0.7721300721168518,6.92343282699585,0.8331822156906128
1771525747982941200,16.936941162109374,0.3555389642715454,6.4398040771484375,0.6368576288223267
1771525747992943900,16.94694384765625,0.11133038252592087,6.4398040771484375,0.5793967843055725
1771525748002946600,16.956946533203126,0.21667525172233582,6.578667640686035,0.9768342971801758
1771525748012949200,16.96694921875,0.22625206410884857,6.660070419311523,0.9768342971801758
1771525748022952000,16.976951904296875,0.5710170865058899,6.727108001708984,0.9002198576927185
1771525748032954600,16.98695458984375,0.9636662006378174,6.952163219451904,0.6991068720817566
1771525748042957300,16.996957275390624,1.2557587623596191,7.2586212158203125,0.47884035110473633
1771525748052960000,17.0069599609375,1.523909330368042,7.545925140380859,0.20111294090747833
1771525748062962400,17.01696240234375,1.5143325328826904,7.8332295417785645,-0.004788403399288654
1771525748072965000,17.026965087890623,1.4329297542572021,8.125322341918945,-0.06224924325942993
1771525748082967800,17.0369677734375,1.5478514432907104,8.42699146270752,0.038307227194309235
1771525748092970500,17.046970458984376,1.820790410041809,8.762179374694824,0.009576806798577309
1771525748102973200,17.05697314453125,1.9117701053619385,9.135675430297852,-0.06224924325942993
1771525748112976000,17.066975830078125,1.6484078168869019,9.485228538513184,0.009576806798577309
1771525748122978600,17.076978515625,1.3084312677383423,9.834781646728516,0.09576806426048279
1771525748132981200,17.086981201171874,1.2701239585876465,10.208277702331543,0.090979665517807
1771525748142983700,17.096983642578124,1.4951789379119873,10.706271171569824,0.019153613597154617
1771525748152986400,17.106986328125,1.868674397468567,11.151593208312988,0.09576806426048279
1771525748162989000,17.116989013671876,2.208651065826416,11.553818702697754,0.12928688526153564
1771525748172991700,17.12699169921875,2.677914619445801,11.879429817199707,0.2106897532939911
1771525748182994400,17.136994384765625,2.941276788711548,12.070966720581055,0.3878606855869293
1771525748192997000,17.1469970703125,3.3004069328308105,12.138004302978516,0.5746083855628967
1771525748202999800,17.156999755859374,3.578134536743164,12.147581100463867,0.7374141216278076
1771525748213002500,17.16700244140625,3.669114112854004,12.147581100463867,0.8140285611152649
1771525748223005000,17.1770048828125,3.3722331523895264,12.281656265258789,0.7805097699165344
1771525748233007600,17.187007568359373,2.4193408489227295,12.396577835083008,0.7948749661445618
1771525748243010300,17.19701025390625,1.0594342947006226,12.698246955871582,1.0869675874710083
1771525748253013000,17.207012939453126,-0.18555063009262085,12.846687316894531,1.6280571222305298
1771525748263015700,17.217015625,-0.6643909811973572,12.899360656738281,1.8339585065841675
1771525748273018400,17.227018310546875,-0.11372458189725876,12.750919342041016,1.6328455209732056
1771525748283021000,17.23702099609375,1.1025298833847046,12.334328651428223,1.5179238319396973
1771525748293023700,17.247023681640623,2.3570916652679443,11.783661842346191,1.3024457693099976
1771525748303026200,17.257026123046874,3.2525229454040527,11.132439613342285,0.9241618514060974
1771525748313028900,17.26702880859375,3.3243491649627686,10.644021987915039,0.6991068720817566
1771525748323031600,17.277031494140626,2.491166830062866,10.260950088500977,1.0582371950149536
1771525748333034200,17.2870341796875,1.2653355598449707,10.031106948852539,1.3934253454208374
1771525748343037000,17.297036865234375,0.32202014327049255,9.901819229125977,1.3503297567367554
1771525748353039400,17.307039306640625,-0.21428105235099792,9.844358444213867,1.4173674583435059
1771525748363042000,17.3170419921875,-0.424970805644989,9.657610893249512,1.3982137441635132
1771525748373044700,17.327044677734374,-0.20949265360832214,9.427767753601074,0.8906430602073669
1771525748383047200,17.337047119140625,0.4800374507904053,9.130887031555176,0.31124621629714966
1771525748393049900,17.3470498046875,1.4903905391693115,8.805274963378906,0.028730420395731926
1771525748403052500,17.357052490234373,2.4193408489227295,8.470087051391602,-0.12928688526153564
1771525748413055000,17.367054931640624,3.1423897743225098,7.972093105316162,-0.181959331035614
1771525748423057700,17.3770576171875,3.247734546661377,7.8332295417785645,0.3064578175544739
1771525748433060400,17.387060302734376,2.9939491748809814,7.478887557983398,0.4644751250743866
1771525748443062800,17.397062744140626,2.783259391784668,7.316082000732422,0.7230489253997803
1771525748453065500,17.4070654296875,2.4576480388641357,7.119757175445557,0.9002198576927185
1771525748463068200,17.417068115234375,2.0410568714141846,7.004835605621338,0.9672574996948242
1771525748473070600,17.427070556640626,1.6531962156295776,6.909067630767822,0.8858546018600464
1771525748483073300,17.4370732421875,1.3946224451065063,6.755838871002197,0.7422025203704834
1771525748493076000,17.447075927734375,1.1887211799621582,6.688800811767578,0.6033388376235962
1771525748503078400,17.457078369140625,1.0259153842926025,6.717531204223633,0.4165911078453064
1771525748513081000,17.4670810546875,1.016338586807251,6.827664852142334,0.29209262132644653
1771525748523083800,17.477083740234374,1.092953085899353,6.9904704093933105,0.26815059781074524
1771525748543089000,17.4970888671875,1.2030863761901855,7.502829551696777,0.43095630407333374
1771525748553091600,17.507091552734376,1.1264718770980835,7.823652744293213,0.6272808313369751
1771525748563094000,17.517093994140627,1.1647791862487793,8.21151351928711,0.6991068720817566
1771525748573096700,17.5270966796875,1.169567584991455,8.67598819732666,0.6033388376235962
1771525748583099400,17.537099365234376,1.0259153842926025,9.135675430297852,0.5171475410461426
1771525748593101800,17.547101806640626,1.1264718770980835,9.513958930969238,0.44532153010368347
1771525748603104500,17.5571044921875,1.4951789379119873,9.79647445678711,0.43095630407333374
1771525748623109600,17.577109619140625,2.5055320262908936,10.399813652038574,0.4165911078453064
1771525748633112300,17.5871123046875,2.855085611343384,10.62007999420166,0.5363011956214905
1771525748643115000,17.597114990234374,2.802412986755371,10.849923133850098,0.8523358106613159
1771525748653117400,17.607117431640624,2.476801633834839,11.007941246032715,1.1300631761550903
1771525748663120100,17.6171201171875,2.160767078399658,11.19468879699707,1.2497732639312744
1771525748673122800,17.627122802734377,1.9740192890167236,11.46762752532959,1.2306196689605713
1771525748683125200,17.637125244140623,2.1751322746276855,11.721412658691406,1.1300631761550903
1771525748693128000,17.6471279296875,2.5055320262908936,11.941679954528809,0.9528923034667969
1771525748703130600,17.657130615234376,2.8167781829833984,12.176311492919922,0.8475474119186401
1771525748713133000,17.667133056640626,2.7305870056152344,12.62163257598877,0.8475474119186401
1771525748723135700,17.6771357421875,2.0027496814727783,13.023859024047852,0.8379706144332886
1771525748733138400,17.687138427734375,1.049857497215271,13.311162948608398,0.9481038451194763
1771525748743140900,17.697140869140625,0.19273324310779572,13.507487297058105,0.828393816947937
1771525748753143600,17.7071435546875,0.3842693865299225,13.41171932220459,0.2825157940387726
1771525748763146200,17.717146240234374,1.4185645580291748,13.019070625305176,-0.3734954595565796
1771525748773148700,17.727148681640625,2.9316999912261963,12.468403816223145,-0.8427590131759644
1771525748783151400,17.7371513671875,4.195838451385498,11.956045150756836,-1.115697979927063
1771525748793154000,17.747154052734373,4.717774391174316,11.429320335388184,-1.0582371950149536
1771525748803156500,17.757156494140624,4.210203647613525,11.21863079071045,-0.5746083855628967
1771525748813159200,17.7671591796875,3.075352191925049,11.03667163848877,0.05746084079146385
1771525748823161900,17.777161865234376,2.0458452701568604,10.845134735107422,0.45489832758903503
1771525748833164500,17.78716455078125,1.4856021404266357,10.754155158996582,0.8331822156906128
1771525748843167000,17.7971669921875,1.1887211799621582,10.538677215576172,1.0630255937576294
1771525748853169700,17.807169677734375,1.3994108438491821,10.146028518676758,0.8523358106613159
1771525748863172400,17.81717236328125,2.0171148777008057,9.61451530456543,0.4596867263317108
1771525748873174800,17.8271748046875,2.519897222518921,9.116521835327148,0.20111294090747833
1771525748883177500,17.837177490234374,2.5917234420776367,8.652046203613281,0.090979665517807
1771525748893180200,17.84718017578125,2.3235726356506348,8.173206329345703,0.19632454216480255
1771525748903182600,17.8571826171875,1.9835960865020752,7.790133953094482,0.4692635238170624
1771525748913185300,17.867185302734374,1.6148890256881714,7.402273178100586,0.7326257228851318
1771525748923188000,17.87718798828125,1.4712369441986084,7.1006035804748535,0.9624691009521484
1771525748933190400,17.8871904296875,1.3323732614517212,6.842030048370361,1.0821791887283325
1771525748943193000,17.897193115234376,1.2557587623596191,6.679224014282227,1.072602391242981
1771525748953195800,17.90719580078125,1.4329297542572021,6.588244438171387,0.9816226959228516
1771525748963198200,17.9171982421875,1.92134690284729,6.578667640686035,0.8475474119186401
1771525748973201000,17.927200927734376,2.1990742683410645,6.5930328369140625,0.7948749661445618
1771525748983203600,17.93720361328125,2.270900249481201,6.6361284255981445,0.790086567401886
1771525748993206000,17.9472060546875,2.275688648223877,6.684012413024902,0.6799532771110535
1771525749003208700,17.957208740234375,2.2900538444519043,6.717531204223633,0.49799394607543945
1771525749013211400,17.96721142578125,2.3283610343933105,6.8611836433410645,0.2346317619085312
1771525749023213800,17.9772138671875,2.141613483428955,7.000047206878662,0.019153613597154617
1771525749033216500,17.987216552734374,1.9596540927886963,7.186794757843018,-0.023942016065120697
1771525749043219200,17.99721923828125,1.820790410041809,7.359177589416504,0.009576806798577309
1771525749053221600,18.0072216796875,1.6627731323242188,7.70394229888916,0.10534487664699554
1771525749063224300,18.017224365234377,1.6388310194015503,8.058284759521484,0.22026655077934265
1771525749073227000,18.02722705078125,1.6867151260375977,8.431779861450195,0.17238251864910126
1771525749083229400,18.0372294921875,1.9548656940460205,8.829216957092285,0.11971008777618408
1771525749093232000,18.047232177734376,2.2613234519958496,9.264962196350098,0.15322890877723694
1771525749103234800,18.05723486328125,2.4672248363494873,9.782109260559082,0.14365209639072418
1771525749113237200,18.0672373046875,2.4384944438934326,10.275315284729004,0.28730419278144836
1771525749123240000,18.077239990234375,2.472013235092163,10.65359878540039,0.42616790533065796
1771525749133242600,18.08724267578125,2.783259391784668,11.10370922088623,0.5267243981361389
1771525749143245000,18.0972451171875,3.0992941856384277,11.53466510772705,0.7230489253997803
1771525749153247700,18.107247802734374,3.2525229454040527,11.912949562072754,0.8331822156906128
1771525749163250400,18.11725048828125,3.242946147918701,12.214618682861328,0.871489405632019
1771525749173252900,18.1272529296875,3.070563793182373,12.43967342376709,1.0007762908935547
1771525749183255600,18.137255615234373,2.697068214416504,12.68867015838623,0.9720458984375
1771525749193258200,18.14725830078125,2.270900249481201,13.004705429077148,0.8379706144332886
1771525749203260700,18.1572607421875,1.2749123573303223,13.402142524719238,0.9241618514060974
1771525749213263400,18.167263427734376,0.23104046285152435,13.670292854309082,1.2066776752471924
1771525749223266000,18.17726611328125,-0.16160862147808075,13.756484031677246,1.3694833517074585
1771525749233268500,18.1872685546875,0.5518634915351868,13.450026512145996,1.1635819673538208
1771525749243271200,18.197271240234375,2.2469582557678223,13.043012619018555,0.7422025203704834
1771525749253273900,18.20727392578125,4.3394904136657715,12.454038619995117,0.569819986820221
1771525749263276300,18.2172763671875,5.905298709869385,11.817180633544922,0.49320554733276367
1771525749273279000,18.227279052734374,6.436811447143555,11.2282075881958,0.8523358106613159
1771525749283281700,18.23728173828125,5.565321922302246,10.806827545166016,1.4173674583435059
1771525749293284000,18.2472841796875,3.8175547122955322,10.634445190429688,1.824381709098816
1771525749303286800,18.257286865234374,2.232593059539795,10.610503196716309,1.867477297782898
1771525749313289500,18.26728955078125,0.9157821536064148,10.476428031921387,1.800439715385437
1771525749323292000,18.2772919921875,0.3076549172401428,10.174758911132812,1.4652514457702637
1771525749333294600,18.287294677734376,0.5518634915351868,9.844358444213867,1.0342950820922852
1771525749343297300,18.29729736328125,1.2749123573303223,9.49001693725586,0.8810662031173706
1771525749353299700,18.3072998046875,2.0649988651275635,9.03511905670166,0.6847416758537292
1771525749363302400,18.317302490234376,2.519897222518921,8.685564994812012,0.6847416758537292
1771525749373305000,18.32730517578125,2.6013002395629883,8.283339500427246,1.048660397529602
1771525749383307500,18.3373076171875,2.6013002395629883,8.000823974609375,1.3407529592514038
1771525749393310200,18.347310302734375,2.6156654357910156,7.742249965667725,1.316810965538025
1771525749403313000,18.35731298828125,2.740163803100586,7.57944393157959,1.158793568611145
1771525749413315600,18.367315673828124,2.89339280128479,7.407061576843262,0.9720458984375
1771525749423318000,18.377318115234374,2.898181200027466,7.2586212158203125,0.6607996821403503
1771525749433320700,18.38732080078125,2.5725696086883545,7.1436991691589355,0.26815059781074524
1771525749443323400,18.397323486328126,2.2038626670837402,7.023989200592041,0.06224924325942993
1771525749453325800,18.407325927734377,1.9165585041046143,6.971316814422607,-0.13407529890537262
1771525749463328500,18.41732861328125,1.657984733581543,6.92343282699585,-0.31124621629714966
1771525749473331200,18.427331298828125,1.6340426206588745,6.798934459686279,-0.4118026793003082
1771525749483334000,18.437333984375,1.5670050382614136,6.736684799194336,-0.5315127968788147
1771525749493336600,18.447336669921874,1.3611036539077759,6.746262073516846,-0.5267243981361389
1771525749503339300,18.45733935546875,1.0594342947006226,6.7941460609436035,-0.3208230137825012
1771525749513342000,18.467342041015623,0.9828197956085205,6.899490833282471,-0.14365209639072418
1771525749523344600,18.4773447265625,0.9828197956085205,7.067084789276123,0.07182604819536209
1771525749533347000,18.48734716796875,0.9540894031524658,7.27298641204834,0.35434186458587646
1771525749543349800,18.497349853515626,0.9157821536064148,7.536348342895508,0.49799394607543945
1771525749553352400,18.5073525390625,1.035492181777954,7.852383136749268,0.6272808313369751
1771525749563355100,18.517355224609375,1.3754688501358032,8.235455513000488,0.8140285611152649
1771525749573357800,18.52735791015625,1.8974047899246216,8.613739013671875,0.7996633648872375
1771525749583360500,18.537360595703124,2.4384944438934326,9.044695854187012,0.689530074596405
1771525749593363200,18.54736328125,2.855085611343384,9.456498146057129,0.7422025203704834
1771525749603366000,18.557365966796876,2.764105796813965,9.844358444213867,0.8906430602073669
1771525749613368300,18.567368408203127,2.4432828426361084,10.193912506103516,1.015141487121582
1771525749623371000,18.57737109375,2.074575662612915,10.572196006774902,1.039083480834961
1771525749633373700,18.587373779296875,1.5765818357467651,10.897807121276855,1.015141487121582
1771525749643376400,18.59737646484375,1.1552022695541382,11.256937980651855,0.9097966551780701
1771525749653379000,18.607379150390624,0.9062053561210632,11.549030303955078,0.7661445140838623
1771525749663381800,18.6173818359375,1.0977414846420288,11.788450241088867,0.6655880808830261
1771525749673384400,18.627384521484377,1.624465823173523,11.946468353271484,0.6607996821403503
1771525749683387100,18.63738720703125,2.0266916751861572,12.209830284118652,0.7565677165985107
1771525749693389600,18.6473896484375,2.251746654510498,12.4971342086792,0.9481038451194763
1771525749703392300,18.657392333984376,2.074575662612915,12.798803329467773,0.9145850539207458
1771525749713395000,18.66739501953125,1.4664485454559326,12.947244644165039,0.7613561153411865
1771525749723397600,18.677397705078125,0.7386112213134766,13.004705429077148,0.6129156351089478
1771525749733400300,18.687400390625,0.43694180250167847,13.019070625305176,0.26815059781074524
1771525749743402800,18.69740283203125,0.8056488633155823,12.8131685256958,0.019153613597154617
1771525749753405400,18.707405517578124,1.777694821357727,12.387001037597656,-0.10055647045373917
1771525749773410600,18.72741064453125,3.4153287410736084,11.290456771850586,-0.31124621629714966
1771525749783413200,18.737413330078127,3.6116533279418945,10.825981140136719,0.028730420395731926
1771525749793416000,18.747416015625,3.185485363006592,10.500370025634766,0.5027823448181152
1771525749803418400,18.75741845703125,2.2661118507385254,10.284892082214355,0.9002198576927185
1771525749813421000,18.767421142578126,1.260547161102295,10.122086524963379,1.1971008777618408
1771525749823423700,18.777423828125,0.5997475385665894,10.069414138793945,1.1875240802764893
1771525749833426200,18.78742626953125,0.38905778527259827,9.959280967712402,0.9145850539207458
1771525749843428900,18.797428955078125,0.7960720658302307,9.786897659301758,0.4692635238170624
1771525749853431600,18.807431640625,1.5526398420333862,9.566631317138672,0.009576806798577309
1771525749873436700,18.827436767578124,2.764105796813965,9.102156639099121,-0.2777273952960968
1771525749883439400,18.837439453125,2.941276788711548,8.877100944519043,-0.272938996553421
1771525749893441800,18.84744189453125,3.022679567337036,8.647257804870605,-0.2059013396501541
1771525749903444500,18.857444580078123,3.089717388153076,8.345588684082031,-0.07182604819536209
1771525749913447200,18.867447265625,2.89339280128479,8.019977569580078,0.08140286058187485
1771525749923449900,18.877449951171876,2.4145524501800537,7.7230963706970215,0.23942017555236816
1771525749933452300,18.887452392578126,1.9405004978179932,7.498041152954102,0.35913026332855225
1771525749943455000,18.897455078125,1.499967336654663,7.30650520324707,0.47405192255973816
1771525749953457700,18.907457763671875,1.1408370733261108,7.076661586761475,0.5363011956214905
1771525749963460000,18.917460205078125,0.7625532150268555,7.009624004364014,0.6033388376235962
1771525749973462800,18.927462890625,0.5710170865058899,6.942586421966553,0.5554547905921936
1771525749983465500,18.937465576171874,0.46088382601737976,6.918644428253174,0.6416460275650024
1771525749993468000,18.947468017578124,0.5231330990791321,6.880337238311768,0.7230489253997803
1771525750003470600,18.957470703125,0.6619967818260193,6.961740016937256,0.6943184733390808
1771525750013473300,18.967473388671873,0.8822633028030396,7.086238384246826,0.5219359993934631
1771525750023475700,18.977475830078124,1.1121066808700562,7.215525150299072,0.35913026332855225
1771525750033478400,18.987478515625,1.3036428689956665,7.426215171813965,0.12928688526153564
1771525750043481000,18.997481201171876,1.4951789379119873,7.708730697631836,-0.014365210197865963
1771525750053483500,19.0074833984375,1.6340426206588745,8.00561237335205,-0.047884032130241394
1771525750063486200,19.017486328125,1.657984733581543,8.292916297912598,0.019153613597154617
1771525750073489000,19.027489013671875,1.677138328552246,8.575431823730469,0
1771525750083491300,19.0374912109375,1.6531962156295776,8.9249849319458,0.023942016065120697
1771525750093494000,19.047493896484376,1.6148890256881714,9.317634582519531,0.22026655077934265
1771525750103496700,19.05749658203125,1.6484078168869019,9.667187690734863,0.2106897532939911
1771525750113499100,19.0674990234375,1.6196774244308472,10.074202537536621,0.2298433631658554
1771525750123501800,19.077501708984375,1.5478514432907104,10.505158424377441,0.3016694188117981
1771525750133504500,19.08750439453125,1.5957354307174683,10.936115264892578,0.3016694188117981
1771525750143507000,19.0975068359375,1.9596540927886963,11.280879974365234,0.2059013396501541
1771525750153509600,19.107509521484374,2.5103204250335693,11.62564468383789,0.17238251864910126
1771525750163512300,19.11751220703125,2.874239206314087,11.850699424743652,0.24899697303771973
1771525750173514800,19.1275146484375,3.223792552947998,12.018294334411621,0.28730419278144836
1771525750183517400,19.137517333984373,3.6786909103393555,12.118850708007812,0.19632454216480255
1771525750193520000,19.14752001953125,3.626018524169922,12.324751853942871,0.2346317619085312
1771525750203522600,19.1575224609375,2.5965118408203125,12.516287803649902,0.4213795065879822
1771525750213525200,19.167525146484376,1.2653355598449707,12.731765747070312,0.727837324142456
1771525750223528000,19.17752783203125,0.29807811975479126,12.817956924438477,1.048660397529602
1771525750233530400,19.1875302734375,0.18794482946395874,12.904149055480957,1.3072341680526733
1771525750243533000,19.197532958984375,0.9397241473197937,12.808380126953125,0.9768342971801758
1771525750253535700,19.20753564453125,2.1751322746276855,12.458827018737793,0.727837324142456
1771525750263538200,19.2175380859375,3.558980941772461,11.979987144470215,0.6703764796257019
1771525750273540900,19.227540771484374,4.502296447753906,11.405378341674805,0.507570743560791
1771525750283543600,19.23754345703125,4.598064422607422,11.060613632202148,0.6512228846549988
1771525750293546000,19.2475458984375,3.444059133529663,10.940903663635254,1.2401964664459229
1771525750303548700,19.257548583984374,1.868674397468567,10.849923133850098,1.6615760326385498
1771525750313551400,19.26755126953125,0.829590916633606,10.840346336364746,1.800439715385437
1771525750323553800,19.2775537109375,0.5135562419891357,10.787673950195312,1.8387469053268433
1771525750333556500,19.287556396484376,0.6667851805686951,10.610503196716309,1.4173674583435059
1771525750343559200,19.29755908203125,1.2270283699035645,10.361506462097168,0.8523358106613159
1771525750353561600,19.3075615234375,1.8303672075271606,10.035895347595215,0.4357447028160095
1771525750363564300,19.317564208984376,2.5294740200042725,9.743802070617676,0.05267243832349777
1771525750373567000,19.32756689453125,2.98437237739563,9.322422981262207,-0.06703764945268631
1771525750383569400,19.3375693359375,3.3243491649627686,8.920196533203125,0.14365209639072418
1771525750393572000,19.347572021484375,3.4584243297576904,8.594585418701172,0.47884035110473633
1771525750403574800,19.35757470703125,3.357867956161499,8.259397506713867,0.7948749661445618
1771525750413577200,19.3675771484375,3.089717388153076,7.92899751663208,1.0342950820922852
1771525750423580000,19.377579833984374,2.653972625732422,7.598597526550293,1.1109095811843872
1771525750433582600,19.38758251953125,2.404975652694702,7.287351608276367,1.0582371950149536
1771525750443585000,19.3975849609375,2.1703438758850098,6.9904704093933105,1.0821791887283325
1771525750453587700,19.407587646484377,1.8351556062698364,6.822876453399658,0.9097966551780701
1771525750463590400,19.41759033203125,1.5622166395187378,6.73189640045166,0.7134721279144287
1771525750473592800,19.4275927734375,1.2701239585876465,6.684012413024902,0.6416460275650024
1771525750493598200,19.44759814453125,0.9588778018951416,6.712742805480957,0.4836287498474121
1771525750503601000,19.457600830078125,1.0642226934432983,6.770204067230225,0.4118026793003082
1771525750513603300,19.467603271484375,1.1791443824768066,6.913856029510498,0.37828385829925537
1771525750523606000,19.47760595703125,1.3084312677383423,7.1006035804748535,0.3878606855869293
1771525750533608700,19.487608642578124,1.437718152999878,7.320870399475098,0.4405331015586853
1771525750543611100,19.497611083984374,1.413776159286499,7.584232330322266,0.5267243981361389
1771525750553613800,19.50761376953125,1.413776159286499,7.8332295417785645,0.5363011956214905
1771525750563616500,19.517616455078127,1.4425065517425537,8.12053394317627,0.5219359993934631
1771525750573619000,19.527618896484373,1.5047557353973389,8.479663848876953,0.4692635238170624
1771525750583621600,19.53762158203125,1.5382746458053589,8.819640159606934,0.5123591423034668
1771525750593624300,19.547624267578126,1.6867151260375977,9.169194221496582,0.6033388376235962
1771525750603626800,19.557626708984376,1.7585411071777344,9.518747329711914,0.8571242094039917
1771525750623632100,19.577632080078125,1.868674397468567,10.203489303588867,1.403002142906189
1771525750633634600,19.587634521484375,2.0410568714141846,10.615291595458984,1.4652514457702637
1771525750643637200,19.59763720703125,2.079364061355591,10.998364448547363,1.6855180263519287
1771525750653640000,19.607639892578124,2.1272482872009277,11.323975563049316,1.8914192914962769
1771525750663642400,19.617642333984374,2.0841526985168457,11.692682266235352,1.9823989868164062
1771525750673645000,19.62764501953125,2.0171148777008057,11.970410346984863,1.920149803161621
1771525750683647700,19.637647705078123,2.098517894744873,12.128427505493164,1.7573440074920654
1771525750693650200,19.647650146484374,2.0841526985168457,12.310386657714844,1.41257905960083
1771525750703652900,19.65765283203125,1.7537527084350586,12.487557411193848,1.158793568611145
1771525750713655600,19.667655517578126,1.2030863761901855,12.664728164672852,1.1061211824417114
1771525750723658000,19.677657958984376,0.690727174282074,12.74613094329834,1.0199298858642578
1771525750733660700,19.68766064453125,0.690727174282074,12.659939765930176,0.8379706144332886
1771525750743663400,19.697663330078125,1.4712369441986084,12.626420974731445,0.507570743560791
1771525750753665800,19.707665771484375,2.9221231937408447,12.205041885375977,0.3256114423274994
1771525750763668500,19.71766845703125,4.195838451385498,11.769296646118164,0.40701428055763245
1771525750773671200,19.727671142578124,5.024232387542725,11.223419189453125,0.7326257228851318
1771525750783673600,19.737673583984375,5.2444987297058105,10.782885551452637,1.259350061416626
1771525750793676300,19.74767626953125,4.923676013946533,10.418967247009277,1.6089035272598267
1771525750803679000,19.757678955078124,3.9420530796051025,10.289680480957031,1.6280571222305298
1771525750813681400,19.767681396484374,2.8215668201446533,10.122086524963379,1.2880805730819702
1771525750823684000,19.77768408203125,2.031480073928833,9.901819229125977,0.8092401623725891
1771525750833686800,19.787686767578126,1.4089876413345337,9.695918083190918,0.21547815203666687
1771525750843689200,19.797689208984377,1.016338586807251,9.595361709594727,-0.4596867263317108
1771525750853692000,19.80769189453125,0.7577648162841797,9.518747329711914,-0.9050082564353943
1771525750863694600,19.817694580078125,0.7050924301147461,9.351153373718262,-1.0630255937576294
1771525750873697000,19.827697021484376,0.9588778018951416,9.173982620239258,-1.1635819673538208
1771525750883699700,19.83769970703125,1.6867151260375977,9.097368240356445,-1.1827356815338135
1771525750893702400,19.847702392578125,2.5534160137176514,8.82442855834961,-0.8571242094039917
1771525750903704800,19.857704833984375,3.2764649391174316,8.738237380981445,-0.20111294090747833
1771525750913707500,19.86770751953125,3.58292293548584,8.537124633789062,0.3256114423274994
1771525750923710200,19.877710205078124,3.8319199085235596,8.422203063964844,0.7852981686592102
1771525750933712600,19.887712646484374,3.8127663135528564,8.249820709228516,1.158793568611145
1771525750943715300,19.89771533203125,3.6595373153686523,8.019977569580078,1.37906014919281
1771525750953718000,19.907718017578127,3.2142157554626465,7.818864345550537,1.4317326545715332
1771525750963720400,19.917720458984373,2.6874914169311523,7.603385925292969,1.3646949529647827
1771525750973723100,19.92772314453125,2.2373814582824707,7.445368766784668,1.2258312702178955
1771525750983725800,19.937725830078126,1.9261353015899658,7.330447196960449,1.0342950820922852
1771525750993728300,19.947728271484376,1.7633295059204102,7.186794757843018,0.8379706144332886
1771525751003731000,19.95773095703125,1.4951789379119873,7.129333972930908,0.6177040338516235
1771525751013733600,19.967733642578125,1.136048674583435,7.153275966644287,0.42616790533065796
1771525751023736000,19.977736083984375,0.8152256608009338,7.1676411628723145,0.2825157940387726
1771525751033738800,19.98773876953125,0.6572083830833435,7.253832817077637,0.23942017555236816
1771525751043741400,19.997741455078124,0.3076549172401428,7.507617950439453,0.3064578175544739
1771525751053744000,20.007744140625,-0.02753331884741783,7.823652744293213,0.3974374830722809
1771525751063746600,20.01774658203125,-0.16639702022075653,8.149264335632324,0.4165911078453064
1771525751073749200,20.027749267578123,0.11133038252592087,8.498817443847656,0.3495534360408783
1771525751083752000,20.037751953125,0.6524199843406677,8.85794734954834,0.24420857429504395
1771525751093754400,20.04775439453125,1.3323732614517212,9.25059700012207,0.26336219906806946
1771525751103757000,20.057757080078126,1.8543092012405396,9.628880500793457,0.4165911078453064
1771525751113759700,20.067759765625,2.2373814582824707,10.04068374633789,0.45489832758903503
1771525751123762200,20.07776220703125,2.4001872539520264,10.481216430664062,0.6416460275650024
1771525751133764900,20.087764892578125,2.36188006401062,10.89301872253418,1.0055646896362305
1771525751143767600,20.097767578125,2.2613234519958496,11.295245170593262,1.216254472732544
1771525751153770000,20.10777001953125,2.3810336589813232,11.572972297668457,1.3024457693099976
1771525751163772700,20.117772705078124,2.653972625732422,11.788450241088867,1.2449848651885986
1771525751173775400,20.127775390625,2.778470993041992,11.946468353271484,1.173158884048462
1771525751183777800,20.13777783203125,2.9891607761383057,12.138004302978516,1.0869675874710083
1771525751193780500,20.147780517578123,2.9891607761383057,12.262502670288086,0.9002198576927185
1771525751203783200,20.157783203125,2.4863784313201904,12.540229797363281,0.790086567401886
1771525751213785600,20.16778564453125,1.5622166395187378,12.703035354614258,0.9385270476341248
1771525751223788300,20.177788330078126,0.7625532150268555,12.789226531982422,1.115697979927063
1771525751233791000,20.187791015625,0.5231330990791321,12.770072937011719,1.1444283723831177
1771525751243793400,20.19779345703125,1.116895079612732,12.578536987304688,0.8810662031173706
1771525751253796000,20.207796142578125,2.740163803100586,12.16673469543457,0.6607996821403503
1771525751263798800,20.217798828125,4.526238441467285,11.55860710144043,0.5985504388809204
1771525751273801200,20.22780126953125,5.661089897155762,10.825981140136719,0.7996633648872375
1771525751283804000,20.237803955078125,5.589263916015625,10.332776069641113,1.6184803247451782
1771525751293806600,20.247806640625,4.214992046356201,9.968857765197754,2.5713725090026855
1771525751303809000,20.25780908203125,2.4193408489227295,9.753378868103027,2.935291290283203
1771525751313811700,20.267811767578124,0.8248024582862854,9.657610893249512,2.9017724990844727
1771525751323814400,20.277814453125,-0.2717418968677521,9.604938507080078,2.427720546722412
1771525751333816800,20.28781689453125,-0.5159504413604736,9.37509536743164,1.460463047027588
1771525751343819500,20.297819580078126,-0.23822307586669922,9.106945037841797,0.2346317619085312
1771525751353822200,20.307822265625,0.3315969407558441,8.843582153320312,-0.5506663918495178
1771525751363824600,20.31782470703125,0.8966285586357117,8.61852741241455,-0.9864110946655273
1771525751373827300,20.327827392578126,1.136048674583435,8.474875450134277,-1.0199298858642578
1771525751383829800,20.337829833984376,1.3706804513931274,8.350377082824707,-0.6512228846549988
1771525751393832400,20.34783251953125,1.7872716188430786,8.259397506713867,-0.2059013396501541
1771525751403835000,20.3578349609375,2.4384944438934326,8.192359924316406,0.2346317619085312
1771525751413837600,20.367837646484375,3.0657753944396973,8.09659194946289,0.5746083855628967
1771525751423840000,20.377840087890625,3.621230125427246,7.957727909088135,0.689530074596405
1771525751433842700,20.3878427734375,3.7600936889648438,7.8763251304626465,0.7422025203704834
1771525751443845000,20.39784521484375,3.4584243297576904,7.80449914932251,0.8044517636299133
1771525751453847800,20.407847900390625,2.73537540435791,7.751826763153076,0.8140285611152649
1771525751463850200,20.417850341796875,2.007538080215454,7.70394229888916,0.7565677165985107
1771525751473853000,20.42785302734375,1.5765818357467651,7.646481513977051,0.6607996821403503
1771525751483855400,20.43785546875,1.4281413555145264,7.632116317749023,0.6368576288223267
1771525751493857800,20.44785791015625,1.4233529567718506,7.689577102661133,0.6703764796257019
1771525751503860500,20.457860595703124,1.4329297542572021,7.794922351837158,0.646434485912323
1771525751513863000,20.46786279296875,1.4903905391693115,7.871536731719971,0.6991068720817566
1771525751523865600,20.477865478515625,1.6148890256881714,7.976881504058838,0.7996633648872375
1771525751533868000,20.487867919921875,1.6627731323242188,8.18757152557373,0.9481038451194763
1771525751543870700,20.49787060546875,1.5095441341400146,8.450933456420898,1.1013327836990356
1771525751553873200,20.507873046875,1.3036428689956665,8.752602577209473,1.2018892765045166
1771525751563875800,20.517875732421874,1.4185645580291748,9.063849449157715,1.1348515748977661
1771525751573878300,20.527878173828125,1.8782511949539185,9.39903736114502,1.0869675874710083
1771525751583881000,20.537880859375,2.299630641937256,9.743802070617676,1.1348515748977661
1771525751593883400,20.54788330078125,2.6443958282470703,10.011953353881836,1.1348515748977661
1771525751603886000,20.557885986328124,2.960430383682251,10.284892082214355,1.2976573705673218
1771525751613888500,20.567888427734374,3.0801405906677246,10.46206283569336,1.5322890281677246
1771525751623891200,20.57789111328125,3.113659381866455,10.629656791687012,1.647210717201233
1771525751643896000,20.59789599609375,3.247734546661377,10.85949993133545,1.580173134803772
1771525751653898800,20.607898681640624,3.463212728500366,10.964845657348633,1.436521053314209
1771525751663901400,20.6179013671875,3.33392596244812,11.122862815856934,1.3742717504501343
1771525751673904000,20.627904052734376,2.8167781829833984,11.280879974365234,1.3263877630233765
1771525751683906600,20.637906494140626,2.1128830909729004,11.458050727844238,1.0342950820922852
1771525751693909200,20.6479091796875,1.3036428689956665,11.726201057434082,0.7374141216278076
1771525751703912000,20.657911865234375,0.50876784324646,11.975198745727539,0.5602431893348694
1771525751713914400,20.667914306640625,-0.09457096457481384,12.171523094177246,0.37828385829925537
1771525751723917000,20.6779169921875,-0.1472434103488922,12.22419548034668,0.014365210197865963
1771525751733919700,20.687919677734374,0.46567222476005554,12.147581100463867,-0.3447650372982025
1771525751743922200,20.697922119140625,1.9596540927886963,11.86506462097168,-0.4405331015586853
1771525751753924900,20.7079248046875,3.554192304611206,11.400589942932129,-0.24899697303771973
1771525751763927600,20.717927490234374,4.832695960998535,10.8690767288208,0.15322890877723694
1771525751773930000,20.727929931640624,5.373785495758057,10.442909240722656,0.7374141216278076
1771525751783932700,20.7379326171875,5.167884349822998,10.169970512390137,1.2306196689605713
1771525751793935400,20.747935302734376,4.262876033782959,9.978434562683105,1.2976573705673218
1771525751803937800,20.757937744140627,3.1232361793518066,9.767744064331055,0.8523358106613159
1771525751813940500,20.7679404296875,2.3714568614959717,9.676764488220215,0.35434186458587646
1771525751823943200,20.777943115234375,1.600523829460144,9.624092102050781,-0.26336219906806946
1771525751833945600,20.787945556640626,0.9636662006378174,9.585784912109375,-1.0055646896362305
1771525751843948300,20.7979482421875,0.690727174282074,9.494805335998535,-1.5514427423477173
1771525751853951000,20.807950927734375,0.6955155730247498,9.34157657623291,-1.7621324062347412
1771525751873956000,20.8279560546875,1.5286977291107178,8.996811866760254,-1.5514427423477173
1771525751883958800,20.837958740234374,2.2038626670837402,8.7669677734375,-1.1013327836990356
1771525751893961200,20.847961181640624,2.869450807571411,8.537124633789062,-0.5793967843055725
1771525751903964000,20.8579638671875,3.2333693504333496,8.345588684082031,0.11013327538967133
1771525751913966600,20.867966552734377,3.156754970550537,8.206725120544434,0.7182605266571045
1771525751923969000,20.877968994140623,2.7545289993286133,8.010400772094727,1.1492167711257935
1771525751943974400,20.897974365234376,1.844732403755188,7.7230963706970215,1.192312479019165
1771525751963979500,20.9179794921875,1.294066071510315,7.48846435546875,0.9002198576927185
1771525751973982200,20.927982177734375,1.1073182821273804,7.4549455642700195,0.6033388376235962
1771525751983984600,20.937984619140625,0.9062053561210632,7.483675956726074,0.35434186458587646
1771525751993987300,20.9479873046875,0.7864952683448792,7.493252754211426,0.19632454216480255
1771525752003990000,20.957989990234374,0.7433996200561523,7.627327919006348,0.06703764945268631
1771525752013992400,20.967992431640624,0.8487445116043091,7.828441143035889,0.06224924325942993
1771525752023995100,20.9779951171875,1.0067617893218994,8.053496360778809,0.14365209639072418
1771525752033997800,20.987997802734377,0.9828197956085205,8.398261070251465,0.2968810200691223
1771525752044000300,20.998000244140623,1.0211269855499268,8.747814178466797,0.6272808313369751
1771525752054003000,21.0080029296875,1.2078747749328613,9.073426246643066,0.8762778043746948
1771525752064005600,21.018005615234376,1.6196774244308472,9.360730171203613,0.8906430602073669
1771525752074008000,21.028008056640626,2.031480073928833,9.604938507080078,0.8140285611152649
1771525752084010800,21.0380107421875,2.4576480388641357,9.834781646728516,0.7134721279144287
1771525752094013400,21.048013427734375,2.6587610244750977,10.112509727478027,0.6129156351089478
1771525752104016000,21.058015869140625,2.653972625732422,10.308834075927734,0.507570743560791
1771525752114018600,21.0680185546875,2.625242233276367,10.505158424377441,0.40222588181495667
1771525752124021200,21.078021240234374,2.630030632019043,10.696694374084473,0.35434186458587646
1771525752134023700,21.088023681640625,2.697068214416504,11.01272964477539,0.2346317619085312
1771525752144026400,21.0980263671875,2.4863784313201904,11.31918716430664,0.22505496442317963
1771525752154029000,21.108029052734373,2.036268472671509,11.549030303955078,0.5171475410461426
1771525752164031500,21.118031494140624,1.6388310194015503,11.711835861206055,0.6991068720817566
1771525752174034200,21.1280341796875,1.3419500589370728,11.979987144470215,0.8427590131759644
1771525752184036900,21.138036865234376,1.3946224451065063,12.080543518066406,1.0103530883789062
1771525752194039300,21.148039306640626,1.48081374168396,12.142792701721191,1.0247182846069336
1771525752204042000,21.1580419921875,1.437718152999878,12.171523094177246,0.9864110946655273
1771525752214044700,21.168044677734375,1.1743559837341309,12.147581100463867,0.9433154463768005
1771525752224047000,21.178047119140626,1.1791443824768066,12.00871753692627,0.8331822156906128
1771525752234049800,21.1880498046875,1.9931728839874268,11.730989456176758,0.5171475410461426
1771525752244052500,21.198052490234375,3.5446155071258545,11.367071151733398,0.3064578175544739
1771525752254055200,21.20805517578125,4.837484359741211,10.80203914642334,0.2537853717803955
1771525752264057600,21.2180576171875,5.368997097015381,10.395025253295898,0.4596867263317108
1771525752274060300,21.228060302734374,5.024232387542725,10.117298126220703,1.0199298858642578
1771525752284063000,21.23806298828125,3.846285104751587,9.873088836669922,1.656787633895874
1771525752294065400,21.2480654296875,2.3475148677825928,9.758167266845703,1.8914192914962769
1771525752304068000,21.258068115234376,0.8966285586357117,9.700706481933594,1.9249382019042969
1771525752314070800,21.26807080078125,-0.09457096457481384,9.724648475646973,1.699883222579956
1771525752324073200,21.2780732421875,-0.4345476031303406,9.609726905822754,1.2832920551300049
1771525752334076000,21.288075927734376,-0.14245499670505524,9.403825759887695,0.6129156351089478
1771525752344078600,21.29807861328125,0.43694180250167847,9.260173797607422,-0.1628057211637497
1771525752354081000,21.3080810546875,0.872686505317688,9.097368240356445,-0.45489832758903503
1771525752364083700,21.318083740234375,1.159990668296814,8.910619735717773,-0.26336219906806946
1771525752374086400,21.32808642578125,1.4472949504852295,8.757390975952148,0.15801730751991272
1771525752384088800,21.3380888671875,1.8351556062698364,8.685564994812012,0.6751648783683777
1771525752394091500,21.348091552734374,2.213439464569092,8.632892608642578,1.0773907899856567
1771525752404094200,21.35809423828125,2.7257986068725586,8.537124633789062,1.4221558570861816
1771525752414096600,21.3680966796875,3.271676540374756,8.441356658935547,1.460463047027588
1771525752424099300,21.378099365234377,3.4536359310150146,8.249820709228516,1.5179238319396973
1771525752434102000,21.38810205078125,3.271676540374756,8.106168746948242,1.4460978507995605
1771525752444104400,21.3981044921875,2.917334794998169,7.972093105316162,1.2210428714752197
1771525752454107100,21.408107177734376,2.515108823776245,7.890690326690674,1.0295066833496094
1771525752464109800,21.41810986328125,2.232593059539795,7.818864345550537,0.7709329724311829
1771525752474112300,21.4281123046875,2.031480073928833,7.761403560638428,0.608127236366272
1771525752484115000,21.438114990234375,1.725022315979004,7.7470383644104,0.5219359993934631
1771525752494117600,21.44811767578125,1.313219666481018,7.790133953094482,0.49320554733276367
1771525752504120000,21.4581201171875,0.973242998123169,7.9625163078308105,0.507570743560791
1771525752514122800,21.468122802734374,0.6811503767967224,8.158841133117676,0.6607996821403503
1771525752524125400,21.47812548828125,0.4944026470184326,8.412626266479492,0.8092401623725891
1771525752534127900,21.4881279296875,0.2932897210121155,8.685564994812012,0.9768342971801758
1771525752544130600,21.498130615234373,0.6524199843406677,8.9680814743042,0.9768342971801758
1771525752554133200,21.50813330078125,1.4185645580291748,9.231443405151367,0.9768342971801758
1771525752564135700,21.5181357421875,2.0889410972595215,9.499593734741211,1.0055646896362305
1771525752574138400,21.528138427734376,2.4384944438934326,9.691129684448242,1.0295066833496094
1771525752584141000,21.53814111328125,2.6348190307617188,9.882665634155273,0.8858546018600464
1771525752594143500,21.5481435546875,2.6348190307617188,10.06462574005127,1.0295066833496094
1771525752604146200,21.558146240234375,2.4193408489227295,10.232219696044922,1.3215993642807007
1771525752614148900,21.56814892578125,2.3044190406799316,10.37108325958252,1.4221558570861816
1771525752624151300,21.5781513671875,2.007538080215454,10.5530424118042,1.5466543436050415
1771525752644156700,21.59815673828125,1.8303672075271606,10.888230323791504,1.216254472732544
1771525752654159000,21.6081591796875,1.768117904663086,11.007941246032715,1.1013327836990356
1771525752664161800,21.618161865234374,1.7824832201004028,11.12765121459961,1.1540051698684692
1771525752674164500,21.62816455078125,2.0266916751861572,11.213842391967773,1.0055646896362305
1771525752684167000,21.6381669921875,2.232593059539795,11.391013145446777,1.1204863786697388
1771525752694169600,21.648169677734376,2.337938070297241,11.529876708984375,1.3551181554794312
1771525752704172300,21.65817236328125,2.6156654357910156,11.568183898925781,1.4652514457702637
1771525752714174700,21.6681748046875,3.199850559234619,11.568183898925781,1.192312479019165
1771525752724177400,21.678177490234376,4.133589267730713,11.46762752532959,0.7661445140838623
1771525752734180000,21.68818017578125,4.8901567459106445,11.170746803283691,0.2777273952960968
1771525752744182500,21.6981826171875,5.541379928588867,10.960057258605957,-0.019153613597154617
1771525752754185200,21.708185302734375,5.450400352478027,10.567407608032227,0.023942016065120697
1771525752764187600,21.718187744140625,4.602852821350098,10.409390449523926,0.2059013396501541
1771525752774190300,21.7281904296875,3.357867956161499,10.208277702331543,0.26336219906806946
1771525752784192800,21.73819287109375,2.3044190406799316,10.083779335021973,0.11013327538967133
1771525752794195500,21.748195556640624,1.600523829460144,10.021530151367188,-0.028730420395731926
1771525752804198000,21.758197998046874,1.1887211799621582,9.988011360168457,-0.3447650372982025
1771525752814200600,21.76820068359375,0.8535329103469849,9.992799758911133,-0.8140285611152649
1771525752824203000,21.778203125,0.6715735793113708,10.011953353881836,-1.278503656387329
1771525752834205700,21.788205810546874,0.32202014327049255,9.935338973999023,-1.3742717504501343
1771525752844208000,21.7982080078125,0.0586579404771328,9.810839653015137,-1.2401964664459229
1771525752854210800,21.8082109375,-0.017956512048840523,9.671976089477539,-0.9720458984375
1771525752864213200,21.818213134765625,0.456095427274704,9.451709747314453,-0.6177040338516235
1771525752874216000,21.8282158203125,1.2988544702529907,9.241020202636719,-0.2059013396501541
1771525752884218400,21.83821826171875,2.0410568714141846,9.059061050415039,0.3064578175544739
1771525752894220800,21.848220703125,2.6874914169311523,8.853158950805664,0.7326257228851318
1771525752904223500,21.858223388671874,3.156754970550537,8.647257804870605,1.0630255937576294
1771525752914226000,21.868225830078124,3.338714361190796,8.431779861450195,1.4317326545715332
1771525752924228600,21.878228515625,3.3004069328308105,8.225878715515137,1.6950948238372803
1771525752934231000,21.88823095703125,3.051409959793091,8.02955436706543,1.7334020137786865
1771525752944233700,21.898233642578123,2.586935043334961,7.909843921661377,1.5945383310317993
1771525752954236200,21.908236083984374,2.1080946922302246,7.7661919593811035,1.292868971824646
1771525752964238800,21.91823876953125,1.8495208024978638,7.708730697631836,0.9433154463768005
1771525752974241300,21.9282412109375,1.5286977291107178,7.636904716491699,0.7661445140838623
1771525752984244000,21.938243896484376,1.2653355598449707,7.660846710205078,0.7038952708244324
1771525752994246400,21.948246337890627,1.1456254720687866,7.680000305175781,0.6560112833976746
1771525753004249000,21.9582490234375,1.3946224451065063,7.727884769439697,0.569819986820221
1771525753014251500,21.96825146484375,1.624465823173523,7.881113529205322,0.5410895943641663
1771525753024254200,21.978254150390626,1.8495208024978638,8.043919563293457,0.40222588181495667
1771525753034256600,21.988256591796876,1.9548656940460205,8.230667114257812,0.2968810200691223
1771525753044259300,21.99825927734375,1.8638859987258911,8.40304946899414,0.22505496442317963
1771525753054261800,22.00826171875,1.6675615310668945,8.647257804870605,0.12928688526153564
1771525753064264200,22.01826416015625,1.4281413555145264,9.00160026550293,0.1149216815829277
1771525753074267000,22.028266845703126,1.4472949504852295,9.34157657623291,0.2059013396501541
1771525753084269300,22.038269287109376,1.677138328552246,9.691129684448242,0.28730419278144836
1771525753094272000,22.04827197265625,1.8495208024978638,10.026318550109863,0.47405192255973816
1771525753104274400,22.0582744140625,1.9357120990753174,10.380660057067871,0.7374141216278076
1771525753114277000,22.068277099609375,2.160767078399658,10.658387184143066,0.8092401623725891
1771525753124279600,22.078279541015625,2.5725696086883545,10.830769538879395,0.7230489253997803
1771525753134282200,22.0882822265625,2.850297212600708,11.046248435974121,0.8044517636299133
1771525753144285000,22.098284912109374,3.027467966079712,11.175535202026367,0.6799532771110535
1771525753154287600,22.10828759765625,3.185485363006592,11.199477195739746,0.4405331015586853
1771525753164290000,22.1182900390625,3.118447780609131,11.175535202026367,0.35434186458587646
1771525753174292700,22.128292724609373,2.649184226989746,11.242572784423828,0.45489832758903503
1771525753184295400,22.13829541015625,1.7633295059204102,11.448473930358887,0.7326257228851318
1771525753194297900,22.1482978515625,0.7625532150268555,11.515511512756348,1.3120225667953491
1771525753204300500,22.158300537109376,0.16879121959209442,11.630433082580566,1.8387469053268433
1771525753214303200,22.16830322265625,0.7194576263427734,11.424531936645508,2.3798365592956543
1771525753224305700,22.1783056640625,2.3810336589813232,11.25214958190918,2.274491548538208
1771525753234308400,22.188308349609375,4.018667697906494,10.897807121276855,2.1978771686553955
1771525753244311000,22.19831103515625,5.129577159881592,10.49558162689209,2.2888567447662354
1771525753254313500,22.2083134765625,5.225345134735107,10.22264289855957,2.628833532333374
1771525753264316200,22.218316162109375,4.162319660186768,10.016741752624512,3.0597896575927734
1771525753274318800,22.22831884765625,2.677914619445801,9.839570045471191,3.0358476638793945
1771525753284321300,22.2383212890625,1.5286977291107178,9.719860076904297,2.6623523235321045
1771525753294324000,22.248323974609374,0.8774749040603638,9.547477722167969,2.2457611560821533
1771525753304326700,22.25832666015625,0.7098808288574219,9.34157657623291,1.6184803247451782
1771525753314329000,22.2683291015625,0.8822633028030396,9.121310234069824,1.048660397529602
1771525753324331800,22.278331787109376,1.1312602758407593,8.97765827178955,0.6368576288223267
1771525753334334500,22.28833447265625,1.3467384576797485,8.89146614074707,0.35913026332855225
1771525753344337000,22.2983369140625,1.7920600175857544,8.843582153320312,0.2059013396501541
1771525753354339600,22.308339599609376,2.5103204250335693,8.80048656463623,0.33518823981285095
1771525753364342300,22.31834228515625,3.1423897743225098,8.762179374694824,0.49320554733276367
1771525753374344700,22.3283447265625,3.6739025115966797,8.728660583496094,0.6703764796257019
1771525753384347400,22.338347412109375,4.037821292877197,8.656834602355957,0.7996633648872375
1771525753394350000,22.34835009765625,4.133589267730713,8.546701431274414,0.9528923034667969
1771525753404352500,22.3583525390625,3.870227098464966,8.446145057678223,1.0678139925003052
1771525753414355200,22.368355224609374,3.4727895259857178,8.331223487854004,1.0295066833496094
1771525753424358000,22.37835791015625,3.0561983585357666,8.288127899169922,0.9528923034667969
1771525753434360300,22.3883603515625,2.625242233276367,8.168417930603027,0.871489405632019
1771525753444363000,22.398363037109377,2.428917646408081,8.130110740661621,0.7086837291717529
1771525753454365700,22.40836572265625,2.404975652694702,8.110957145690918,0.6512228846549988
1771525753464368000,22.4183681640625,2.3570916652679443,8.091803550720215,0.7038952708244324
1771525753474370800,22.428370849609376,2.1128830909729004,8.00561237335205,0.8762778043746948
1771525753484373500,22.43837353515625,1.7920600175857544,7.981669902801514,1.0965443849563599
1771525753494376000,22.4483759765625,1.6340426206588745,7.952939510345459,1.2018892765045166
1771525753504378600,22.458378662109375,1.3706804513931274,8.019977569580078,1.3215993642807007
1771525753514381300,22.46838134765625,1.1791443824768066,8.158841133117676,1.2210428714752197
1771525753524383700,22.4783837890625,1.159990668296814,8.321646690368652,1.158793568611145
1771525753534386400,22.488386474609374,1.1839327812194824,8.484452247619629,1.1348515748977661
1771525753544389000,22.49838916015625,1.3658920526504517,8.738237380981445,1.0247182846069336
1771525753554391600,22.5083916015625,1.7106571197509766,9.030330657958984,0.9576807022094727
1771525753564394200,22.518394287109373,1.9596540927886963,9.288904190063477,1.2066776752471924
1771525753574397000,22.52839697265625,1.9692308902740479,9.552266120910645,1.5610195398330688
1771525753584399400,22.5383994140625,2.1751322746276855,9.734225273132324,1.6759412288665771
1771525753594402000,22.548402099609376,2.5534160137176514,9.892242431640625,1.766920804977417
1771525753604404700,22.55840478515625,2.8407204151153564,10.059837341308594,1.8770540952682495
1771525753614407200,22.5684072265625,3.132812976837158,10.24658489227295,1.742978811264038
1771525753624409900,22.578409912109375,3.309983968734741,10.490793228149414,1.7956513166427612
1771525753634412500,22.58841259765625,3.309983968734741,10.65359878540039,1.8818424940109253
1771525753644415000,22.5984150390625,3.5685577392578125,10.816404342651367,1.723825216293335
1771525753654417700,22.608417724609374,3.9420530796051025,10.940903663635254,1.6136919260025024
1771525753664420400,22.61842041015625,4.1862616539001465,11.065402030944824,1.4652514457702637
1771525753674422800,22.6284228515625,4.262876033782959,11.223419189453125,1.37906014919281
1771525753714433300,22.668433349609376,3.137601375579834,11.458050727844238,1.4077905416488647
1771525753724436000,22.67843603515625,2.3570916652679443,11.438897132873535,1.3024457693099976
1771525753734438700,22.688438720703125,1.5717934370040894,11.414955139160156,1.0295066833496094
1771525753744441000,22.698441162109376,1.1216834783554077,11.21863079071045,0.6991068720817566
1771525753754443500,22.708443603515626,1.2988544702529907,10.960057258605957,0.4357447028160095
1771525753764446200,22.7184462890625,1.801636815071106,10.624868392944336,0.2825157940387726
1771525753774448600,22.72844873046875,2.3810336589813232,10.275315284729004,0.24420857429504395
1771525753784451300,22.738451416015625,2.586935043334961,9.820416450500488,0.35434186458587646
1771525753794453800,22.748453857421875,2.807201385498047,9.537900924682617,0.33518823981285095
1771525753804456400,22.75845654296875,2.6396074295043945,9.312846183776855,0.37828385829925537
1771525753814459000,22.768458984375,2.0458452701568604,9.260173797607422,0.3447650372982025
1771525753824461600,22.778461669921874,1.4856021404266357,9.27453899383545,0.12928688526153564
1771525753834464000,22.788464111328125,1.3084312677383423,9.303269386291504,-0.11971008777618408
1771525753844466700,22.798466796875,1.3754688501358032,9.298480987548828,-0.2537853717803955
1771525753854469000,22.80846923828125,1.260547161102295,9.336788177490234,-0.26336219906806946
1771525753884477000,22.838476806640625,2.3570916652679443,9.097368240356445,-0.07661445438861847
1771525753894479400,22.848479248046875,2.9316999912261963,8.901042938232422,0.29209262132644653
1771525753904481800,22.858481689453125,3.3051953315734863,8.7669677734375,0.507570743560791
1771525753914484500,22.868484375,3.381809949874878,8.58500862121582,0.5554547905921936
1771525753924487000,22.87848681640625,3.113659381866455,8.431779861450195,0.6799532771110535
1771525753934489600,22.888489501953124,2.7305870056152344,8.273762702941895,0.5506663918495178
1771525753944492000,22.898491943359375,2.3235726356506348,8.134899139404297,0.22026655077934265
1771525753954494700,22.90849462890625,1.8782511949539185,8.024765968322754,0.1388636976480484
1771525753964497200,22.9184970703125,1.4903905391693115,7.976881504058838,0.08619125932455063
1771525753974499800,22.928499755859374,1.3515268564224243,8.06307315826416,-0.10055647045373917
1771525753984502300,22.938502197265624,1.337161660194397,8.173206329345703,-0.09576806426048279
1771525753994505000,22.9485048828125,1.2078747749328613,8.288127899169922,0.06703764945268631
1771525754004507400,22.95850732421875,1.1216834783554077,8.407837867736816,0.1867477297782898
1771525754014510000,22.968510009765627,1.0881646871566772,8.546701431274414,0.45489832758903503
1771525754024512500,22.978512451171873,1.1839327812194824,8.661623001098633,0.6799532771110535
1771525754034515200,22.98851513671875,1.4233529567718506,8.786121368408203,0.7852981686592102
1771525754044517600,22.998517578125,1.6196774244308472,8.901042938232422,0.8092401623725891
1771525754054520300,23.008520263671876,1.8112136125564575,8.953716278076172,0.8092401623725891
1771525754064522800,23.018522705078126,2.160767078399658,8.948927879333496,0.6272808313369751
1771525754074525200,23.028525146484377,2.491166830062866,9.039907455444336,0.5027823448181152
1771525754084527900,23.03852783203125,2.36188006401062,9.150040626525879,0.6272808313369751
1771525754094530300,23.0485302734375,2.2182278633117676,9.188347816467285,0.727837324142456
1771525754104533000,23.058532958984376,2.2038626670837402,9.298480987548828,0.7038952708244324
1771525754114535400,23.068535400390626,2.1799206733703613,9.509170532226562,0.7469909191131592
1771525754124538000,23.0785380859375,2.208651065826416,9.729436874389648,0.6799532771110535
1771525754134540500,23.08854052734375,2.3714568614959717,9.925761222839355,0.6033388376235962
1771525754144543200,23.098543212890625,2.472013235092163,10.203489303588867,0.6703764796257019
1771525754154545700,23.108545654296876,2.476801633834839,10.505158424377441,0.5219359993934631
1771525754164548400,23.11854833984375,2.5246856212615967,10.758943557739258,0.2298433631658554
1771525754174550800,23.12855078125,2.5246856212615967,11.031883239746094,0.028730420395731926
1771525754184553500,23.138553466796875,2.630030632019043,11.19468879699707,-0.1149216815829277
1771525754194556000,23.148555908203125,2.831143617630005,11.132439613342285,-0.14365209639072418
1771525754204558600,23.15855859375,3.1088709831237793,11.065402030944824,-0.26336219906806946
1771525754214561000,23.16856103515625,2.783259391784668,11.185111999511719,-0.24899697303771973
1771525754224563700,23.178563720703124,1.7202339172363281,11.204265594482422,0.26815059781074524
1771525754234566400,23.18856640625,0.6045359373092651,11.16117000579834,0.751779317855835
1771525754244568800,23.19856884765625,0.03950432687997818,11.180323600769043,1.2497732639312744
1771525754254571500,23.208571533203123,0.44173020124435425,11.223419189453125,1.8100165128707886
1771525754264574200,23.21857421875,1.744175910949707,11.12765121459961,1.9249382019042969
1771525754274576600,23.22857666015625,3.290830135345459,10.993576049804688,1.987187385559082
1771525754284579300,23.238579345703126,3.8510735034942627,10.80203914642334,2.250549554824829
1771525754294582000,23.24858203125,3.6978445053100586,10.543465614318848,2.499546527862549
1771525754304584400,23.25858447265625,3.2573113441467285,10.351929664611816,2.188300371170044
1771525754314587100,23.268587158203125,2.936488389968872,10.284892082214355,1.4077905416488647
1771525754324589800,23.27858984375,2.898181200027466,10.251373291015625,0.828393816947937
1771525754334592300,23.28859228515625,2.874239206314087,10.13166332244873,0.17238251864910126
1771525754344595000,23.298594970703125,2.8790276050567627,10.050260543823242,-0.6751648783683777
1771525754354597600,23.30859765625,2.9652187824249268,9.820416450500488,-1.1013327836990356
1771525754364600000,23.31860009765625,3.137601375579834,9.652822494506836,-1.3215993642807007
1771525754374602800,23.328602783203124,3.420117139816284,9.336788177490234,-1.4173674583435059
1771525754384605400,23.33860546875,3.491943120956421,9.1260986328125,-1.1252747774124146
1771525754394607900,23.34860791015625,3.3913867473602295,8.795698165893555,-1.0199298858642578
1771525754404610600,23.358610595703126,3.1519665718078613,8.474875450134277,-0.9433154463768005
1771525754414613200,23.36861328125,2.7114334106445312,8.273762702941895,-0.8571242094039917
1771525754424615700,23.37861572265625,2.1990742683410645,8.072649955749512,-0.6320692300796509
1771525754434618400,23.388618408203126,1.7393875122070312,7.909843921661377,-0.43095630407333374
1771525754444621000,23.39862109375,1.6292542219161987,7.742249965667725,-0.17717093229293823
1771525754454623500,23.40862353515625,1.7872716188430786,7.627327919006348,0.10534487664699554
1771525754464626200,23.418626220703125,1.8926163911819458,7.560290336608887,0.40701428055763245
1771525754474628900,23.42862890625,1.8638859987258911,7.536348342895508,0.5937620401382446
1771525754484631300,23.43863134765625,1.988384485244751,7.603385925292969,0.7661445140838623
1771525754494634000,23.448634033203124,2.1703438758850098,7.641693115234375,0.9193734526634216
1771525754504636700,23.45863671875,2.165555477142334,7.790133953094482,0.9720458984375
1771525754514639000,23.46863916015625,2.0171148777008057,7.9625163078308105,0.9193734526634216
1771525754524641800,23.478641845703127,1.9500772953033447,8.110957145690918,0.790086567401886
1771525754534644500,23.48864453125,1.9596540927886963,8.273762702941895,0.6703764796257019
1771525754544647000,23.49864697265625,2.0027496814727783,8.513182640075684,0.4357447028160095
1771525754554649600,23.508649658203126,1.8638859987258911,8.776544570922852,0.08619125932455063
1771525754564652300,23.51865234375,1.7345991134643555,9.00160026550293,-0.12928688526153564
1771525754574654700,23.52865478515625,1.643619418144226,9.169194221496582,-0.043095629662275314
1771525754584657400,23.538657470703125,1.801636815071106,9.379883766174316,0.11013327538967133
1771525754594660000,23.54866015625,1.92134690284729,9.739013671875,0.31603461503982544
1771525754604662500,23.55866259765625,2.160767078399658,10.22264289855957,0.4165911078453064
1771525754614665200,23.568665283203124,2.6874914169311523,10.763731956481934,0.2585737705230713
1771525754624668000,23.57866796875,3.2142157554626465,11.213842391967773,0.31124621629714966
1771525754644673000,23.598673095703123,4.171896457672119,11.821969032287598,-0.004788403399288654
1771525754654675700,23.60867578125,4.392162799835205,11.91773796081543,-0.33039984107017517
1771525754664678100,23.61867822265625,4.200626850128174,11.908161163330078,-0.5650315880775452
1771525754674680800,23.628680908203126,3.286041736602783,11.745354652404785,-0.4692635238170624
1771525754684683300,23.638683349609376,2.0602104663848877,12.013505935668945,0.14844051003456116
1771525754694685700,23.648685791015627,0.7433996200561523,12.109273910522461,0.4644751250743866
1771525754704688400,23.6586884765625,-0.15682020783424377,12.152369499206543,0.9050082564353943
1771525754714690800,23.66869091796875,-0.1951274424791336,12.25771427154541,1.1444283723831177
1771525754724693500,23.678693603515626,1.2988544702529907,11.89379596710205,0.6799532771110535
1771525754734696000,23.688696044921876,3.884592294692993,11.405378341674805,-0.3687070608139038
1771525754744698600,23.69869873046875,5.6227827072143555,10.94569206237793,-0.7613561153411865
1771525754754701000,23.708701171875,5.780799865722656,10.720636367797852,-0.7757213711738586
1771525754764703700,23.718703857421875,4.612429618835449,10.629656791687012,-0.5027823448181152
1771525754774706200,23.7287060546875,2.759317398071289,10.43812084197998,-0.15322890877723694
1771525754784708900,23.738708984375,1.217451572418213,10.514735221862793,-0.043095629662275314
1771525754794711300,23.748711181640626,0.1496376097202301,10.466851234436035,-0.16759411990642548
1771525754804714000,23.7587138671875,-0.23822307586669922,10.399813652038574,-0.3974374830722809
1771525754814716400,23.76871630859375,-0.07541735470294952,10.122086524963379,-0.608127236366272
1771525754824719000,23.778718994140625,0.7577648162841797,9.758167266845703,-0.9385270476341248
1771525754834721500,23.788721435546876,1.6340426206588745,9.355941772460938,-0.9528923034667969
1771525754844724200,23.79872412109375,2.050633668899536,8.910619735717773,-0.8571242094039917
1771525754854726700,23.8087265625,2.1703438758850098,8.498817443847656,-0.8427590131759644
1771525754864729000,23.81872900390625,2.1799206733703613,8.197148323059082,-0.4165911078453064
1771525754874731800,23.828731689453125,2.050633668899536,8.048707962036133,-0.014365210197865963
1771525754884734200,23.838734130859375,2.036268472671509,7.871536731719971,0.33997663855552673
1771525754894737000,23.84873681640625,1.8830395936965942,7.775768756866455,0.6847416758537292
1771525754904739300,23.8587392578125,1.5765818357467651,7.699153900146484,0.8188169598579407
1771525754914742000,23.868741943359375,1.2749123573303223,7.61296272277832,0.6655880808830261
1771525754924744400,23.878744384765625,1.1504138708114624,7.536348342895508,0.33039984107017517
1771525754934747100,23.8887470703125,0.8678981065750122,7.464522361755371,-0.033518824726343155
1771525754944749600,23.89874951171875,0.5422866940498352,7.483675956726074,-0.22505496442317963
1771525754954752300,23.908752197265624,0.37469255924224854,7.498041152954102,-0.5171475410461426
1771525754964754700,23.918754638671874,0.3794809579849243,7.589020729064941,-0.6177040338516235
1771525754974757400,23.92875732421875,0.20231004059314728,7.785345554351807,-0.3016694188117981
1771525754984759800,23.938759765625,-0.017956512048840523,7.967304706573486,0.028730420395731926
1771525754994762500,23.948762451171874,0.13527239859104156,8.24503231048584,0.11971008777618408
1771525755004765000,23.958764892578124,0.5758054852485657,8.522759437561035,0.363918662071228
1771525755014767600,23.968767578125,1.1312602758407593,8.862735748291016,0.4213795065879822
1771525755024770000,23.97877001953125,1.6340426206588745,9.18355941772461,0.33039984107017517
1771525755034772500,23.9887724609375,1.8638859987258911,9.46607494354248,0.3926490843296051
1771525755044775200,23.998775146484373,1.988384485244751,9.671976089477539,0.31124621629714966
1771525755054777600,24.008777587890624,2.007538080215454,9.911396026611328,0.3256114423274994
1771525755064780300,24.0187802734375,1.902193307876587,10.055048942565918,0.5171475410461426
1771525755074782700,24.02878271484375,1.88782799243927,10.18912410736084,0.5937620401382446
1771525755084785400,24.038785400390626,1.9261353015899658,10.289680480957031,0.727837324142456
1771525755094787800,24.048787841796877,2.0027496814727783,10.399813652038574,0.9145850539207458
1771525755104790500,24.05879052734375,2.0410568714141846,10.591349601745605,0.9576807022094727
1771525755114793000,24.06879296875,2.0171148777008057,10.754155158996582,0.9241618514060974
1771525755124795600,24.078795654296876,2.079364061355591,10.998364448547363,0.9097966551780701
1771525755134798000,24.088798095703126,2.0649988651275635,11.180323600769043,0.9145850539207458
1771525755144800800,24.09880078125,2.2661118507385254,11.338340759277344,0.8810662031173706
1771525755154803200,24.10880322265625,2.5055320262908936,11.37664794921875,0.6703764796257019
1771525755164806000,24.118805908203125,2.6204538345336914,11.453262329101562,0.4357447028160095
1771525755174808300,24.128808349609375,2.251746654510498,11.616067886352539,0.45010992884635925
1771525755184810800,24.138810791015626,1.169567584991455,11.850699424743652,0.790086567401886
1771525755194813400,24.1488134765625,-0.04668693244457245,11.999140739440918,1.403002142906189
1771525755204816000,24.15881591796875,-0.46327802538871765,12.123639106750488,1.5418659448623657
1771525755214818600,24.168818603515625,0.6811503767967224,12.080543518066406,1.2497732639312744
1771525755224821000,24.178821044921875,3.0178911685943604,11.95125675201416,0.7757213711738586
1771525755234823700,24.18882373046875,5.407304763793945,11.544241905212402,0.29209262132644653
1771525755244826000,24.198826171875,7.049726963043213,11.113286018371582,0.05746084079146385
1771525755254828800,24.208828857421874,7.327454090118408,10.735001564025879,0.42616790533065796
1771525755264831200,24.218831298828125,5.871779441833496,10.591349601745605,1.1971008777618408
1771525755274834000,24.228833984375,3.535038709640503,10.466851234436035,1.5131354331970215
1771525755284836400,24.23883642578125,1.7633295059204102,10.308834075927734,1.292868971824646
1771525755294839000,24.248839111328124,0.7721300721168518,10.203489303588867,0.9241618514060974
1771525755304841700,24.258841796875,0.5614402890205383,10.016741752624512,0.31124621629714966
1771525755314844200,24.26884423828125,0.872686505317688,9.729436874389648,-0.23942017555236816
1771525755324846800,24.278846923828127,1.4472949504852295,9.360730171203613,-0.4884171485900879
1771525755334849500,24.288849609375,2.141613483428955,9.073426246643066,-0.5650315880775452
1771525755344852000,24.29885205078125,2.5342624187469482,8.853158950805664,-0.3495534360408783
1771525755354854700,24.308854736328126,2.5773582458496094,8.632892608642578,-0.06703764945268631
1771525755364857300,24.318857421875,2.5007436275482178,8.470087051391602,0.033518824726343155
1771525755374859800,24.32885986328125,2.606088638305664,8.297704696655273,0.11013327538967133
1771525755384862500,24.338862548828125,2.7449522018432617,8.06307315826416,0.1628057211637497
1771525755394865200,24.348865234375,2.936488389968872,7.823652744293213,0.15322890877723694
1771525755404867600,24.35886767578125,2.831143617630005,7.636904716491699,0.2106897532939911
1771525755414870300,24.368870361328124,2.6156654357910156,7.478887557983398,0.33039984107017517
1771525755424873000,24.378873046875,2.428917646408081,7.3687543869018555,0.42616790533065796
1771525755434875400,24.38887548828125,2.1990742683410645,7.359177589416504,0.6560112833976746
1771525755444878000,24.398878173828123,2.050633668899536,7.330447196960449,0.8236053586006165
1771525755454880800,24.408880859375,2.0266916751861572,7.316082000732422,0.7996633648872375
1771525755464883200,24.41888330078125,1.8543092012405396,7.325658798217773,0.9002198576927185
1771525755474886000,24.428885986328126,1.6627731323242188,7.373542785644531,1.0199298858642578
1771525755484888600,24.438888671875,1.4089876413345337,7.431003570556641,0.9720458984375
1771525755494891000,24.44889111328125,1.3036428689956665,7.57944393157959,0.9528923034667969
1771525755504893700,24.458893798828125,1.1552022695541382,7.7470383644104,0.9289502501487732
1771525755514896400,24.468896484375,1.337161660194397,7.92899751663208,0.6272808313369751
1771525755524898800,24.47889892578125,1.6867151260375977,8.177994728088379,0.4405331015586853
1771525755534901500,24.488901611328124,1.8926163911819458,8.484452247619629,0.38307225704193115
1771525755544904200,24.498904296875,1.92134690284729,8.786121368408203,0.29209262132644653
1771525755554906600,24.50890673828125,2.0458452701568604,9.039907455444336,0.2106897532939911
1771525755564909300,24.518909423828124,2.079364061355591,9.331999778747559,0.22026655077934265
1771525755574912000,24.528912109375,2.3235726356506348,9.671976089477539,0.3064578175544739
1771525755584914400,24.53891455078125,2.5486276149749756,9.992799758911133,0.4836287498474121
1771525755604919800,24.558919921875,3.242946147918701,10.533888816833496,0.3926490843296051
1771525755614922200,24.568922119140623,3.908534288406372,10.792462348937988,0.19632454216480255
1771525755624925000,24.578925048828125,3.999513864517212,11.027094841003418,0.11013327538967133
1771525755634927600,24.588927734375,3.420117139816284,11.242572784423828,0.11971008777618408
1771525755644930000,24.598929931640626,2.826355218887329,11.505934715270996,-0.12449848651885986
1771525755654932700,24.6089326171875,2.3714568614959717,11.903372764587402,-0.5027823448181152
1771525755664935200,24.61893505859375,1.6340426206588745,12.377424240112305,-0.545877993106842
1771525755674937900,24.628937744140625,0.32202014327049255,12.832322120666504,-0.08619125932455063
1771525755684940300,24.638940185546875,-0.788889467716217,13.033435821533203,0.31603461503982544
1771525755694943000,24.64894287109375,-0.8367735147476196,13.057377815246582,0.507570743560791
1771525755704945400,24.6589453125,0.4129997789859772,12.731765747070312,0.608127236366272
1771525755714947800,24.66894775390625,2.692279815673828,12.094908714294434,0.3256114423274994
1771525755724950500,24.678950439453125,5.249287128448486,11.43410873413086,-0.16759411990642548
1771525755734953000,24.688952880859375,7.33703088760376,10.878653526306152,-0.24420857429504395
1771525755754958000,24.7089580078125,5.019443988800049,10.591349601745605,0.7086837291717529
1771525755764960800,24.718960693359374,2.141613483428955,10.476428031921387,0.7565677165985107
1771525755774963200,24.728963134765625,-0.28131869435310364,10.466851234436035,0.7565677165985107
1771525755784966000,24.7389658203125,-1.9716250896453857,10.34714126586914,0.363918662071228
1771525755794968300,24.74896826171875,-2.5079262256622314,10.208277702331543,-0.3926490843296051
1771525755804971000,24.758970947265624,-1.6938977241516113,9.825204849243164,-1.015141487121582
1771525755814973400,24.768973388671874,-0.12330138683319092,9.494805335998535,-1.2832920551300049
1771525755824976100,24.77897607421875,1.3180080652236938,9.207501411437988,-1.2210428714752197
1771525755834978600,24.788978515625,2.3283610343933105,9.006388664245605,-0.8667010068893433
1771525755844981200,24.798981201171873,2.8359320163726807,8.838793754577637,-0.2825157940387726
1771525755854983700,24.808983642578124,2.8598740100860596,8.570643424987793,0.16759411990642548
1771525755884991200,24.8389912109375,2.036268472671509,8.00561237335205,0.43095630407333374
1771525755894994000,24.848993896484377,1.8399440050125122,7.847594738006592,0.2537853717803955
1771525755904996400,24.858996337890623,1.5861586332321167,7.7183074951171875,0.13407529890537262
1771525755914999000,24.8689990234375,1.4472949504852295,7.603385925292969,0.05746084079146385
1771525755925001500,24.87900146484375,1.5143325328826904,7.526771545410156,-0.10055647045373917
1771525755935004200,24.889004150390626,1.5957354307174683,7.545925140380859,-0.047884032130241394
1771525755945006600,24.899006591796876,1.4520833492279053,7.617751121520996,0.08140286058187485
1771525755955009300,24.90900927734375,1.2749123573303223,7.742249965667725,0.043095629662275314
1771525755965011700,24.91901171875,1.1504138708114624,7.885901927947998,0
1771525755975014400,24.929014404296876,0.9780313968658447,8.053496360778809,0.06224924325942993
1771525755985016800,24.939016845703126,0.872686505317688,8.216301918029785,0.08619125932455063
1771525755995019500,24.94901953125,0.9157821536064148,8.450933456420898,-0.07182604819536209
1771525756005022000,24.95902197265625,1.0211269855499268,8.695141792297363,-0.19153612852096558
1771525756015024600,24.969024658203125,1.2078747749328613,8.9680814743042,-0.181959331035614
1771525756025027000,24.979027099609375,1.3611036539077759,9.169194221496582,0.06703764945268631
1771525756035029500,24.989029541015626,1.3467384576797485,9.442132949829102,0.3734954595565796
1771525756045032200,24.9990322265625,1.3323732614517212,9.667187690734863,0.5123591423034668
1771525756055034600,25.00903466796875,1.523909330368042,9.92097282409668,0.6416460275650024
1771525756065037300,25.019037353515625,1.4281413555145264,10.184335708618164,0.689530074596405
1771525756075039700,25.029039794921875,1.217451572418213,10.375871658325195,0.7469909191131592
1771525756085042400,25.03904248046875,1.0833762884140015,10.533888816833496,0.7326257228851318
1771525756095044900,25.049044921875,1.1312602758407593,10.773308753967285,0.507570743560791
1771525756105047600,25.059047607421874,1.2653355598449707,11.180323600769043,0.3878606855869293
1771525756115050000,25.069050048828124,1.4664485454559326,11.448473930358887,0.3016694188117981
1771525756125052700,25.079052734375,1.9117701053619385,11.668740272521973,-0.047884032130241394
1771525756135055000,25.08905517578125,2.5007436275482178,11.788450241088867,-0.21547815203666687
1771525756145057800,25.099057861328124,2.8646624088287354,11.850699424743652,-0.07661445438861847
1771525756155060200,25.109060302734374,3.0178911685943604,11.83154582977295,-0.047884032130241394
1771525756165063000,25.11906298828125,2.740163803100586,11.845911026000977,-0.033518824726343155
1771525756175065300,25.1290654296875,1.8638859987258911,11.855487823486328,0.42616790533065796
1771525756185068000,25.139068115234377,0.7721300721168518,11.879429817199707,1.1635819673538208
1771525756195070500,25.149070556640623,0.14006079733371735,11.778873443603516,1.742978811264038
1771525756205073000,25.159072998046874,0.30286651849746704,11.68310546875,1.9728221893310547
1771525756215075600,25.16907568359375,1.600523829460144,11.419743537902832,1.5897499322891235
1771525756225078000,25.179078125,3.286041736602783,11.060613632202148,0.8858546018600464
1771525756235080700,25.189080810546876,4.703409194946289,10.644021987915039,0.38307225704193115
1771525756245083100,25.199083251953127,5.096058368682861,10.217854499816895,0.1388636976480484
1771525756255085800,25.2090859375,4.167108058929443,10.045472145080566,-0.07182604819536209
1771525756265088300,25.219088134765624,2.5103204250335693,9.820416450500488,-0.17238251864910126
1771525756275091000,25.229091064453126,1.1982979774475098,9.691129684448242,-0.37828385829925537
1771525756285093400,25.23909326171875,0.30286651849746704,9.585784912109375,-0.49320554733276367
1771525756295096000,25.249095947265626,-0.017956512048840523,9.52353572845459,-0.6512228846549988
1771525756305098500,25.259098388671877,0.15442600846290588,9.384672164916992,-0.7230489253997803
1771525756315101200,25.26910107421875,1.0785878896713257,9.150040626525879,-0.5985504388809204
1771525756325103600,25.279103515625,2.1320366859436035,8.992023468017578,-0.3495534360408783
1771525756335106300,25.289106201171876,3.0992941856384277,8.819640159606934,-0.08140286058187485
1771525756345108700,25.299108642578126,3.9420530796051025,8.652046203613281,-0.06224924325942993
1771525756365113900,25.31911376953125,3.975571870803833,8.321646690368652,0.1628057211637497
1771525756385119000,25.339118896484376,3.1232361793518066,7.847594738006592,0.1867477297782898
1771525756395121400,25.349121337890626,2.5007436275482178,7.680000305175781,0.090979665517807
1771525756405124000,25.3591240234375,2.1511902809143066,7.517194747924805,-0.043095629662275314
1771525756415126500,25.36912646484375,1.9692308902740479,7.30650520324707,0
1771525756425129200,25.379129150390625,1.8255788087844849,7.2298903465271,0.1388636976480484
1771525756435131600,25.389131591796875,1.6101006269454956,7.186794757843018,0.26815059781074524
1771525756445134300,25.39913427734375,1.313219666481018,7.220313549041748,0.31603461503982544
1771525756455136800,25.40913671875,1.1216834783554077,7.320870399475098,0.37828385829925537
1771525756465139500,25.419139404296875,0.9971849918365479,7.493252754211426,0.38307225704193115
1771525756475142000,25.429141845703125,0.9205705523490906,7.732673168182373,0.2825157940387726
1771525756485144600,25.43914453125,0.8822633028030396,7.981669902801514,0.13407529890537262
1771525756495147000,25.44914697265625,0.9588778018951416,8.240243911743164,-0.07182604819536209
1771525756505149700,25.459149658203124,0.9828197956085205,8.55148983001709,-0.31124621629714966
1771525756515152100,25.469152099609374,1.1982979774475098,8.886677742004395,-0.43095630407333374
1771525756525154600,25.479154541015625,1.5861586332321167,9.212289810180664,-0.33997663855552673
1771525756535157200,25.4891572265625,1.8830395936965942,9.518747329711914,-0.10055647045373917
1771525756545159700,25.49915966796875,2.256535053253174,9.815628051757812,0.11013327538967133
1771525756555162400,25.509162353515624,2.7449522018432617,9.983222961425781,0.4357447028160095
1771525756565164800,25.519164794921874,3.1471781730651855,10.184335708618164,0.8379706144332886
1771525756575167500,25.52916748046875,3.271676540374756,10.351929664611816,1.2018892765045166
1771525756585170000,25.539169921875,3.3674447536468506,10.500370025634766,1.50355863571167
1771525756595172600,25.549172607421873,3.242946147918701,10.687117576599121,1.7812861204147339
1771525756605175000,25.559175048828124,2.7928361892700195,10.9121732711792,1.843535304069519
1771525756615177700,25.569177734375,2.2613234519958496,11.046248435974121,1.7334020137786865
1771525756625180200,25.57918017578125,1.820790410041809,11.108497619628906,1.3886369466781616
1771525756645185300,25.599185302734377,1.557428240776062,11.280879974365234,0.17717093229293823
1771525756655188000,25.60918798828125,1.1791443824768066,11.486781120300293,-0.090979665517807
1771525756665190400,25.6191904296875,0.5805938839912415,11.71662425994873,-0.24420857429504395
1771525756675192800,25.62919287109375,0.29807811975479126,11.889006614685059,-0.2059013396501541
1771525756685195500,25.639195556640626,0.3124433159828186,12.003929138183594,-0.004788403399288654
1771525756695198000,25.649197998046876,0.9876081943511963,11.908161163330078,0.11971008777618408
1771525756705200600,25.65920068359375,2.2804770469665527,11.663951873779297,0.14844051003456116
1771525756715203000,25.669203125,3.664325714111328,11.271303176879883,0.24420857429504395
1771525756725205800,25.679205810546875,4.976348400115967,10.936115264892578,0.44532153010368347
1771525756735208200,25.689208251953126,5.780799865722656,10.56261920928955,0.8379706144332886
1771525756745211000,25.6992109375,5.924452304840088,10.260950088500977,0.9768342971801758
1771525756755213300,25.70921337890625,5.024232387542725,10.136451721191406,0.9433154463768005
1771525756765216000,25.719216064453125,3.3004069328308105,9.834781646728516,0.8427590131759644
1771525756775218400,25.729218505859375,1.5957354307174683,9.676764488220215,0.2585737705230713
1771525756785221000,25.73922119140625,0.1256955862045288,9.609726905822754,-0.363918662071228
1771525756795223600,25.7492236328125,-1.1097124814987183,9.571419715881348,-1.0342950820922852
1771525756805226200,25.759226318359374,-1.7609353065490723,9.533112525939941,-1.9249382019042969
1771525756815228700,25.769228759765625,-1.43532395362854,9.43255615234375,-2.63362193107605
1771525756825231400,25.7792314453125,-0.3531447649002075,9.288904190063477,-2.9496564865112305
1771525756845236500,25.799236572265624,2.4576480388641357,9.145252227783203,-2.403778553009033
1771525756855239200,25.8092392578125,3.755305290222168,9.039907455444336,-1.5658079385757446
1771525756865241600,25.81924169921875,4.353855609893799,8.901042938232422,-0.7326257228851318
1771525756875244300,25.829244384765627,4.377797603607178,8.719083786010742,-0.2106897532939911
1771525756885247000,25.8392470703125,4.009090900421143,8.513182640075684,0.11971008777618408
1771525756895249400,25.84924951171875,3.286041736602783,8.235455513000488,0.29209262132644653
1771525756905252000,25.859252197265626,2.4193408489227295,7.9625163078308105,0.3447650372982025
1771525756915254800,25.8692548828125,1.5286977291107178,7.67042350769043,0.3734954595565796
1771525756925257200,25.87925732421875,1.0115501880645752,7.493252754211426,0.1628057211637497
1771525756935260000,25.889260009765625,0.8487445116043091,7.426215171813965,0.014365210197865963
1771525756945262600,25.8992626953125,0.5901707410812378,7.464522361755371,-0.009576806798577309
1771525756955265000,25.90926513671875,0.3794809579849243,7.6081743240356445,0.047884032130241394
1771525756965267700,25.919267822265624,0.27413609623908997,7.7470383644104,0.23942017555236816
1771525756975270400,25.9292705078125,0.38905778527259827,8.000823974609375,0.33997663855552673
1771525756985272800,25.93927294921875,0.5949591398239136,8.18757152557373,0.3734954595565796
1771525756995275500,25.949275634765623,0.910993754863739,8.364742279052734,0.17717093229293823
1771525757005278200,25.9592783203125,1.2701239585876465,8.55148983001709,-0.038307227194309235
1771525757015280600,25.96928076171875,1.2222399711608887,8.82442855834961,-0.16759411990642548
1771525757025283300,25.979283447265626,1.2030863761901855,9.03511905670166,-0.35913026332855225
1771525757035286000,25.9892861328125,1.499967336654663,9.197924613952637,-0.689530074596405
1771525757045288400,25.999288330078127,1.8112136125564575,9.456498146057129,-0.9002198576927185
1771525757055291100,26.009291015625,2.1751322746276855,9.64803409576416,-0.9816226959228516
1771525757065293800,26.0192939453125,2.0889410972595215,9.839570045471191,-0.871489405632019
1771525757075296300,26.029296142578126,1.533486247062683,9.97364616394043,-0.5315127968788147
1771525757085299000,26.039298828125,0.7338228225708008,10.251373291015625,-0.22026655077934265
1771525757095301600,26.049301513671875,0.30286651849746704,10.58656120300293,-0.043095629662275314
1771525757105304000,26.059303955078125,0.2885012924671173,10.940903663635254,0.06224924325942993
1771525757115306800,26.069306640625,0.5566518902778625,11.232995986938477,-0.06703764945268631
1771525757125309200,26.07930908203125,1.2078747749328613,11.553818702697754,-0.21547815203666687
1771525757135312000,26.089311767578124,1.8303672075271606,11.850699424743652,-0.3447650372982025
1771525757145314300,26.099314208984374,2.3044190406799316,12.228983879089355,-0.45489832758903503
1771525757155317000,26.10931689453125,2.6874914169311523,12.559383392333984,-0.47405192255973816
1771525757165319400,26.1193193359375,2.5055320262908936,12.88978385925293,-0.3495534360408783
1771525757175322000,26.129322021484374,1.4425065517425537,13.19624137878418,-0.009576806798577309
1771525757185324500,26.139324462890624,0.7769184708595276,13.268067359924316,0.33997663855552673
1771525757195327200,26.1493271484375,1.1743559837341309,13.28722095489502,0.43095630407333374
1771525757205329700,26.15932958984375,2.7066450119018555,13.028647422790527,0.13407529890537262
1771525757215332400,26.169332275390627,5.096058368682861,12.640786170959473,-0.608127236366272
1771525757225334800,26.179334716796873,7.111976146697998,11.994352340698242,-1.216254472732544
1771525757235337200,26.189337158203124,8.256404876708984,11.453262329101562,-1.4460978507995605
1771525757245340000,26.19933984375,7.629123687744141,10.931326866149902,-1.039083480834961
1771525757255342300,26.20934228515625,4.923676013946533,10.739789962768555,-0.23942017555236816
1771525757265345000,26.219344970703126,1.9357120990753174,10.548254013061523,0.29209262132644653
1771525757275347500,26.229347412109377,-0.39624038338661194,10.46206283569336,0.3208230137825012
1771525757285350100,26.23935009765625,-1.7896658182144165,10.375871658325195,0.11013327538967133
1771525757295352600,26.2493525390625,-1.7848774194717407,10.15560531616211,-0.5027823448181152
1771525757305355300,26.259355224609376,-0.5015852451324463,9.767744064331055,-1.1061211824417114
1771525757315357700,26.269357666015626,1.0690110921859741,9.456498146057129,-1.2832920551300049
1771525757325360400,26.2793603515625,1.9069817066192627,9.255385398864746,-0.9433154463768005
1771525757335362800,26.28936279296875,2.208651065826416,9.087791442871094,-0.40222588181495667
1771525757345365500,26.299365478515625,2.5677812099456787,8.934561729431152,-0.10534487664699554
1771525757355368000,26.309367919921876,2.8359320163726807,8.714295387268066,0.15801730751991272
1771525757365370600,26.31937060546875,3.1280245780944824,8.503605842590332,0.1628057211637497
1771525757375373000,26.329373046875,3.3004069328308105,8.230667114257812,0.019153613597154617
1771525757385375500,26.33937548828125,3.003525972366333,7.972093105316162,0.023942016065120697
1771525757395378200,26.349378173828125,2.3762452602386475,7.684788703918457,0.023942016065120697
1771525757405380600,26.359380615234375,1.8399440050125122,7.39748477935791,-0.014365210197865963
1771525757415383300,26.36938330078125,1.4856021404266357,7.196371555328369,-0.023942016065120697
1771525757425385700,26.3793857421875,1.136048674583435,7.004835605621338,-0.043095629662275314
1771525757435388400,26.389388427734374,0.8678981065750122,6.8611836433410645,-0.043095629662275314
1771525757445390800,26.399390869140625,0.8343793153762817,6.755838871002197,-0.05746084079146385
1771525757455393500,26.4093935546875,0.8391677141189575,6.770204067230225,-0.10055647045373917
1771525757465396000,26.41939599609375,0.9014169573783875,6.856395244598389,0.014365210197865963
1771525757475398700,26.429398681640624,0.9301473498344421,6.928221225738525,0.047884032130241394
1771525757485401000,26.439401123046874,1.0402805805206299,7.071873188018799,0.07182604819536209
1771525757495403800,26.44940380859375,1.0402805805206299,7.215525150299072,0.15801730751991272
1771525757505406200,26.45940625,0.9780313968658447,7.392696380615234,0.07182604819536209
1771525757525411300,26.479411376953124,1.0881646871566772,8.00561237335205,-0.19632454216480255
1771525757535414000,26.4894140625,1.0881646871566772,8.388684272766113,-0.07661445438861847
1771525757545416400,26.49941650390625,1.2461819648742676,8.781332969665527,0.004788403399288654
1771525757555419000,26.5094189453125,1.677138328552246,9.06863784790039,0.15322890877723694
1771525757565421600,26.519421630859377,2.0937294960021973,9.34157657623291,0.363918662071228
1771525757575424000,26.529424072265623,2.227804660797119,9.700706481933594,0.43095630407333374
1771525757585426700,26.5394267578125,2.2230162620544434,10.04068374633789,0.5363011956214905
1771525757595429000,26.54942919921875,2.2900538444519043,10.37108325958252,0.6847416758537292
1771525757605431800,26.559431884765626,2.2230162620544434,10.639233589172363,0.7805097699165344
1771525757615434200,26.569434326171876,2.2421698570251465,10.955268859863281,0.7374141216278076
1771525757625437000,26.57943701171875,2.2469582557678223,11.2282075881958,0.6991068720817566
1771525757645442000,26.599442138671876,3.290830135345459,11.620856285095215,-0.08140286058187485
1771525757655444500,26.609444580078126,4.066551685333252,11.817180633544922,-0.7326257228851318
1771525757665447200,26.619447265625,4.4639892578125,12.032659530639648,-1.0821791887283325
1771525757675449600,26.62944970703125,3.7648820877075195,12.267291069030762,-1.0438719987869263
1771525757685452300,26.639452392578125,2.1559786796569824,12.545018196105957,-0.8858546018600464
1771525757695454700,26.649454833984375,0.39384618401527405,12.741342544555664,-0.646434485912323
1771525757705457400,26.65945751953125,-0.6883329749107361,12.731765747070312,-0.6799532771110535
1771525757715459800,26.6694599609375,-0.41539400815963745,12.516287803649902,-0.8667010068893433
1771525757725462300,26.679462158203126,1.0402805805206299,12.080543518066406,-0.9241618514060974
1771525757735465000,26.68946484375,2.8215668201446533,11.520299911499023,-0.9145850539207458
1771525757745467400,26.69946728515625,4.401739597320557,10.988787651062012,-0.646434485912323
1771525757755470000,26.709469970703125,5.215768337249756,10.471639633178711,0.19153612852096558
1771525757765472500,26.719472412109376,4.492719650268555,10.150816917419434,0.8762778043746948
1771525757775475200,26.72947509765625,2.61087703704834,9.873088836669922,1.192312479019165
1771525757785477600,26.7394775390625,0.6428431272506714,9.643245697021484,0.8331822156906128
1771525757795480300,26.749480224609375,-0.9181763529777527,9.470863342285156,0.19153612852096558
1771525757805482800,26.759482666015625,-1.6124948263168335,9.37509536743164,-0.7038952708244324
1771525757815485400,26.7694853515625,-1.3922282457351685,9.288904190063477,-1.7812861204147339
1771525757825488000,26.77948779296875,-0.5159504413604736,9.207501411437988,-2.5905263423919678
1771525757835490600,26.789490478515624,0.6189011335372925,9.078214645385742,-2.7964274883270264
1771525757845493000,26.799492919921875,1.9931728839874268,8.996811866760254,-2.82515811920166
1771525757855495700,26.80949560546875,3.156754970550537,8.944138526916504,-2.6192567348480225
1771525757885503200,26.839503173828124,3.980360269546509,8.747814178466797,-0.26336219906806946
1771525757895505700,26.849505615234374,3.4153287410736084,8.61852741241455,0.19153612852096558
1771525757905508400,26.85950830078125,2.8119897842407227,8.417414665222168,0.3687070608139038
1771525757915510800,26.8695107421875,2.275688648223877,8.197148323059082,0.3878606855869293
1771525757925513500,26.879513427734373,1.7968484163284302,7.991246700286865,0.3878606855869293
1771525757935516000,26.889515869140624,1.4472949504852295,7.823652744293213,0.22505496442317963
1771525757945518600,26.8995185546875,1.313219666481018,7.699153900146484,-0.07661445438861847
1771525757955521000,26.90952099609375,1.116895079612732,7.603385925292969,-0.09576806426048279
1771525757965523700,26.919523681640626,0.8678981065750122,7.622539520263672,-0.019153613597154617
1771525757975526100,26.929526123046877,0.6476315855979919,7.6081743240356445,0.08140286058187485
1771525757985528800,26.93952880859375,0.5566518902778625,7.694365501403809,0.09576806426048279
1771525757995531300,26.94953125,0.7194576263427734,7.794922351837158,0.1388636976480484
1771525758005534000,26.959533935546876,1.07379949092865,7.943362712860107,0.19632454216480255
1771525758015536400,26.969536376953126,1.2222399711608887,8.154052734375,0.29209262132644653
1771525758025539000,26.9795390625,1.159990668296814,8.345588684082031,0.3734954595565796
1771525758035541500,26.98954150390625,1.092953085899353,8.532336235046387,0.47405192255973816
1771525758045544000,26.9995439453125,1.1025298833847046,8.73344898223877,0.4596867263317108
1771525758055546600,27.009546630859376,1.193509578704834,8.987235069274902,0.3495534360408783
1771525758065549000,27.019549072265626,1.2222399711608887,9.255385398864746,0.37828385829925537
1771525758075551700,27.0295517578125,1.3275848627090454,9.542689323425293,0.2059013396501541
1771525758085554200,27.03955419921875,1.6196774244308472,9.853935241699219,-0.028730420395731926
1771525758095556900,27.049556884765625,1.7633295059204102,10.107721328735352,0
1771525758105559300,27.059559326171875,1.6723499298095703,10.40460205078125,-0.009576806798577309
1771525758115562000,27.06956201171875,1.5717934370040894,10.605714797973633,0.09576806426048279
1771525758125564400,27.079564453125,1.380257248878479,10.907383918762207,0.19632454216480255
1771525758135567000,27.089567138671875,1.2413935661315918,11.146804809570312,0.2059013396501541
1771525758145569500,27.099569580078125,1.4856021404266357,11.400589942932129,0.07182604819536209
1771525758155572200,27.109572265625,1.9357120990753174,11.64958667755127,0.14365209639072418
1771525758165574700,27.11957470703125,2.5725696086883545,11.89379596710205,0.009576806798577309
1771525758175577300,27.129577392578124,3.0370447635650635,12.152369499206543,-0.14844051003456116
1771525758185579800,27.139579833984374,3.1759085655212402,12.176311492919922,-0.10055647045373917
1771525758195582200,27.149582275390625,2.9891607761383057,12.152369499206543,-0.10055647045373917
1771525758205585000,27.1595849609375,2.4624364376068115,11.999140739440918,0.07182604819536209
1771525758215587300,27.16958740234375,1.5670050382614136,11.932103157043457,0.47884035110473633
1771525758225590000,27.179590087890624,0.7003039717674255,11.726201057434082,1.0199298858642578
1771525758245595100,27.19959521484375,0.585382342338562,11.333552360534668,1.8291701078414917
1771525758255597600,27.20959765625,2.122459888458252,11.027094841003418,1.9584569931030273
1771525758265600300,27.219600341796873,3.999513864517212,10.682329177856445,1.5322890281677246
1771525758285605400,27.23960546875,4.981136798858643,9.997588157653809,1.2210428714752197
1771525758295607800,27.24960791015625,3.5158851146698,9.959280967712402,1.3311761617660522
1771525758305610500,27.259610595703126,1.8734627962112427,9.954492568969727,0.9145850539207458
1771525758315613000,27.269613037109377,0.7003039717674255,9.964069366455078,0.33039984107017517
1771525758325615600,27.27961572265625,0.14006079733371735,10.016741752624512,-0.19153612852096558
1771525758335618000,27.2896181640625,0.2214636504650116,9.992799758911133,-0.6703764796257019
1771525758345620700,27.299620849609376,0.8391677141189575,9.916184425354004,-1.0965443849563599
1771525758355623200,27.309623046875,1.8734627962112427,9.930550575256348,-1.1875240802764893
1771525758365625600,27.31962548828125,3.0322563648223877,9.8970308303833,-0.9576807022094727
1771525758375628300,27.329628173828127,3.841496706008911,9.691129684448242,-0.40701428055763245
1771525758385630700,27.339630615234373,4.301183223724365,9.451709747314453,-0.043095629662275314
1771525758395633400,27.34963330078125,4.210203647613525,9.15961742401123,0.1388636976480484
1771525758405635800,27.3596357421875,3.5637693405151367,8.805274963378906,0.22505496442317963
1771525758425641000,27.379640869140626,2.0602104663848877,8.06307315826416,0.07182604819536209
1771525758435643600,27.3896435546875,1.6196774244308472,7.708730697631836,0.014365210197865963
1771525758445646000,27.39964599609375,1.4712369441986084,7.421426773071289,-0.019153613597154617
1771525758455648800,27.409648681640626,2.031480073928833,7.225101947784424,-0.17238251864910126
1771525758465651200,27.419651123046876,2.6874914169311523,7.1436991691589355,0.07182604819536209
1771525758475654000,27.42965380859375,2.9221231937408447,7.249044418334961,0.21547815203666687
1771525758485656300,27.43965625,2.9700071811676025,7.253832817077637,0.3016694188117981
1771525758495659000,27.449658935546875,3.0418331623077393,7.292140007019043,0.31603461503982544
1771525758505661400,27.459661376953125,3.003525972366333,7.383119583129883,0.2346317619085312
1771525758515664100,27.4696640625,2.778470993041992,7.517194747924805,0.15801730751991272
1771525758525666600,27.47966650390625,2.6348190307617188,7.622539520263672,0.2106897532939911
1771525758535669000,27.4896689453125,2.428917646408081,7.780557155609131,0.22026655077934265
1771525758545671700,27.499671630859375,2.3044190406799316,8.072649955749512,0.10534487664699554
1771525758555674000,27.509674072265625,2.098517894744873,8.331223487854004,-0.028730420395731926
1771525758565676800,27.5196767578125,1.945288896560669,8.666411399841309,-0.033518824726343155
1771525758575679200,27.52967919921875,1.820790410041809,8.972869873046875,0.1628057211637497
1771525758585682000,27.539681884765624,1.8926163911819458,9.331999778747559,0.24420857429504395
1771525758595684400,27.549684326171874,2.2613234519958496,9.576208114624023,0.35913026332855225
1771525758605687000,27.55968701171875,2.275688648223877,9.82999324798584,0.3878606855869293
1771525758615689500,27.569689453125,1.8590975999832153,10.055048942565918,0.4357447028160095
1771525758625692200,27.579692138671874,1.2318167686462402,10.24658489227295,0.6272808313369751
1771525758645697300,27.599697265625,0.5805938839912415,10.706271171569824,0.7374141216278076
1771525758655699700,27.60969970703125,0.5901707410812378,10.936115264892578,0.608127236366272
1771525758665702400,27.619702392578127,1.217451572418213,11.051036834716797,0.33039984107017517
1771525758675704800,27.629704833984373,2.390610456466675,11.156381607055664,0.028730420395731926
1771525758685707300,27.639707275390624,3.8175547122955322,11.338340759277344,-0.1867477297782898
1771525758695710000,27.6497099609375,4.420893669128418,11.5250883102417,0.004788403399288654
1771525758705712400,27.65971240234375,3.70742130279541,11.64958667755127,0.363918662071228
1771525758715715000,27.669715087890626,2.050633668899536,11.8411226272583,0.6799532771110535
1771525758725717500,27.679717529296877,0.14484919607639313,11.95125675201416,0.727837324142456
1771525758735720200,27.68972021484375,-0.8224082589149475,11.879429817199707,0.5602431893348694
1771525758745722600,27.69972265625,-0.6979097723960876,11.606491088867188,0.24420857429504395
1771525758755725300,27.709725341796876,0.4944026470184326,11.108497619628906,-0.3208230137825012
1771525758765727700,27.719727783203126,2.2373814582824707,10.52910041809082,-0.6224924325942993
1771525758775730400,27.72973046875,3.95641827583313,10.00716495513916,-0.6512228846549988
1771525758785732900,27.73973291015625,5.134365558624268,9.657610893249512,-0.4644751250743866
1771525758795735600,27.749735595703125,4.981136798858643,9.475651741027832,0.14365209639072418
1771525758805738000,27.759738037109376,3.8079779148101807,9.49001693725586,0.5793967843055725
1771525758815740700,27.76974072265625,2.3762452602386475,9.499593734741211,0.6033388376235962
1771525758825743000,27.7797431640625,1.035492181777954,9.480440139770508,0.2777273952960968
1771525758835745800,27.789745849609375,0.4225766062736511,9.43255615234375,-0.45489832758903503
1771525758845748200,27.799748291015625,0.5374982953071594,9.269750595092773,-1.158793568611145
1771525758855750700,27.809750732421875,0.9493009448051453,9.193136215209961,-1.6424223184585571
1771525758865753300,27.81975341796875,1.5286977291107178,9.18355941772461,-1.766920804977417
1771525758875755800,27.829755859375,2.3283610343933105,9.212289810180664,-1.8052281141281128
1771525758885758500,27.839758544921875,3.1663317680358887,9.327211380004883,-1.680729627609253
1771525758895761000,27.849760986328125,3.8558619022369385,9.437344551086426,-1.115697979927063
1771525758905763600,27.859763671875,4.162319660186768,9.475651741027832,-0.37828385829925537
1771525758915766000,27.86976611328125,4.478354454040527,9.327211380004883,0.21547815203666687
1771525758925768700,27.879768798828124,4.775235176086426,9.15961742401123,0.6033388376235962
1771525758935771100,27.889771240234374,4.698620796203613,8.91540813446045,0.9720458984375
1771525758945773800,27.89977392578125,4.061763286590576,8.661623001098633,1.1971008777618408
1771525758955776300,27.9097763671875,2.9891607761383057,8.383895874023438,1.1109095811843872
1771525758965779000,27.919779052734373,2.036268472671509,8.115745544433594,0.9720458984375
1771525758975781400,27.929781494140624,1.1552022695541382,7.991246700286865,0.9433154463768005
1771525758985784000,27.9397841796875,0.46567222476005554,7.866748332977295,0.8762778043746948
1771525758995786500,27.949786376953124,0.07302315533161163,7.933785915374756,0.7326257228851318
1771525759005789000,27.959788818359375,0.1496376097202301,7.9625163078308105,0.7757213711738586
1771525759015791600,27.96979150390625,0.5901707410812378,7.996035099029541,0.8762778043746948
1771525759025794000,27.9797939453125,0.9349357485771179,8.12053394317627,0.9385270476341248
1771525759035796700,27.989796630859374,1.1456254720687866,8.297704696655273,0.8810662031173706
1771525759045799200,27.999799072265624,1.4233529567718506,8.474875450134277,0.6655880808830261
1771525759055801900,28.0098017578125,1.3706804513931274,8.685564994812012,0.7182605266571045
1771525759065804300,28.01980419921875,1.0785878896713257,8.91540813446045,0.608127236366272
1771525759075807000,28.029806884765627,1.0546458959579468,9.188347816467285,0.4405331015586853
1771525759085809400,28.039809326171873,1.3036428689956665,9.504382133483887,0.3016694188117981
1771525759095812000,28.04981201171875,1.677138328552246,9.77253246307373,0.272938996553421
1771525759105814500,28.059814453125,1.7393875122070312,10.074202537536621,0.35434186458587646
1771525759115817200,28.069817138671876,1.7106571197509766,10.452486038208008,0.4596867263317108
1771525759125819600,28.079819580078127,1.6819267272949219,10.83555793762207,0.3974374830722809
1771525759135822300,28.089822265625,2.0937294960021973,11.209053993225098,0.19153612852096558
1771525759145824800,28.09982470703125,2.721010208129883,11.549030303955078,-0.019153613597154617
1771525759155827500,28.109827392578126,3.1471781730651855,11.845911026000977,-0.37828385829925537
1771525759165830000,28.119829833984376,3.2381577491760254,11.989563941955566,-0.5985504388809204
1771525759175832300,28.129832275390626,3.0322563648223877,12.027871131896973,-0.7852981686592102
1771525759185835000,28.1398349609375,2.807201385498047,12.00871753692627,-0.7757213711738586
1771525759195837400,28.14983740234375,2.673126220703125,11.91773796081543,-0.7230489253997803
1771525759205840100,28.159840087890625,2.318784236907959,11.77408504486084,-0.5841852426528931
1771525759215842600,28.169842529296876,1.5286977291107178,11.544241905212402,-0.09576806426048279
1771525759225845200,28.17984521484375,0.5183446407318115,11.242572784423828,0.5841852426528931
1771525759235847700,28.18984765625,-0.05147533491253853,11.046248435974121,1.1779472827911377
1771525759245850400,28.199850341796875,0.4991910457611084,10.782885551452637,1.6089035272598267
1771525759255852800,28.209852783203125,2.227804660797119,10.514735221862793,1.460463047027588
1771525759265855500,28.21985546875,3.6834793090820312,10.351929664611816,1.53707754611969
1771525759275858000,28.22985791015625,3.8941690921783447,10.18912410736084,1.7717092037200928
1771525759285860600,28.239860595703124,3.0849289894104004,9.930550575256348,1.8579005002975464
1771525759295863000,28.249863037109375,1.657984733581543,9.839570045471191,1.6089035272598267
1771525759305865700,28.25986572265625,0.4129997789859772,9.820416450500488,1.1444283723831177
1771525759315868200,28.2698681640625,-0.18555063009262085,9.82999324798584,0.5650315880775452
1771525759325870600,28.27987060546875,-0.18076223134994507,9.806051254272461,-0.21547815203666687
1771525759335873300,28.289873291015624,0.25498247146606445,9.844358444213867,-0.9433154463768005
1771525759345875700,28.299875732421874,1.1456254720687866,9.9401273727417,-1.6089035272598267
1771525759355878400,28.30987841796875,2.313995838165283,9.968857765197754,-1.7142484188079834
1771525759365880800,28.319880859375,3.247734546661377,9.983222961425781,-1.479616641998291
1771525759375883500,28.329883544921874,3.6739025115966797,9.791686058044434,-0.9959878921508789
1771525759385886000,28.339885986328124,3.779247283935547,9.55705451965332,-0.5937620401382446
1771525759395888600,28.349888671875,3.578134536743164,9.269750595092773,-0.4644751250743866
1771525759405891000,28.35989111328125,3.161543369293213,8.790909767150879,-0.4836287498474121
1771525759415893800,28.369893798828127,2.5007436275482178,8.264185905456543,-0.3687070608139038
1771525759425896200,28.379896240234373,1.7154455184936523,7.8092875480651855,-0.3208230137825012
1771525759435899000,28.38989892578125,1.0785878896713257,7.373542785644531,-0.31124621629714966
1771525759445901300,28.3999013671875,0.6524199843406677,6.971316814422607,-0.181959331035614
1771525759455904000,28.409904052734376,0.5374982953071594,6.650493621826172,0.009576806798577309
1771525759465906400,28.419906494140626,0.50876784324646,6.478111267089844,0.33518823981285095
1771525759475909000,28.4299091796875,0.5422866940498352,6.435015678405762,0.7230489253997803
1771525759485911600,28.43991162109375,0.9876081943511963,6.420650482177734,1.115697979927063
1771525759495914000,28.4499140625,1.4760253429412842,6.525995254516602,1.2497732639312744
1771525759505916700,28.459916748046876,1.5909470319747925,6.7749924659729,1.3646949529647827
1771525759515919000,28.469919189453126,1.6053122282028198,7.076661586761475,1.3551181554794312
1771525759525921800,28.479921875,1.499967336654663,7.483675956726074,1.1971008777618408
1771525759535924200,28.48992431640625,1.437718152999878,7.976881504058838,0.9002198576927185
1771525759545927000,28.499927001953125,1.4233529567718506,8.42699146270752,0.608127236366272
1771525759555929300,28.509929443359376,1.5765818357467651,8.929773330688477,0.33039984107017517
1771525759565931800,28.519931884765626,1.902193307876587,9.403825759887695,-0.009576806798577309
1771525759575934200,28.529934326171876,2.448071241378784,9.767744064331055,-0.2585737705230713
1771525759585937000,28.53993701171875,2.941276788711548,10.13166332244873,-0.24899697303771973
1771525759595939300,28.549939208984377,3.089717388153076,10.40460205078125,-0.090979665517807
1771525759605941800,28.559941650390623,2.960430383682251,10.634445190429688,0.15801730751991272
1771525759615944200,28.569944091796874,2.4001872539520264,10.864288330078125,0.272938996553421
1771525759625947000,28.57994677734375,1.777694821357727,11.132439613342285,0.272938996553421
1771525759645951700,28.59995166015625,1.3275848627090454,11.357494354248047,0.22026655077934265
1771525759655954400,28.609954345703127,1.5191209316253662,11.520299911499023,-0.22505496442317963
1771525759665956900,28.619956787109373,2.2613234519958496,11.692682266235352,-0.7422025203704834
1771525759675959300,28.629959228515624,2.7976245880126953,11.836334228515625,-0.8427590131759644
1771525759685961700,28.639961669921874,2.5055320262908936,12.142792701721191,-0.5602431893348694
1771525759695964400,28.64996435546875,1.5909470319747925,12.430096626281738,0.038307227194309235
1771525759705966800,28.659966796875,0.4752490520477295,12.607267379760742,0.3974374830722809
1771525759715969300,28.66996923828125,-0.0035913025494664907,12.703035354614258,0.40222588181495667
1771525759725971700,28.6799716796875,0.7529764175415039,12.559383392333984,0.033518824726343155
1771525759735974400,28.689974365234374,2.61087703704834,12.272079467773438,-0.7326257228851318
1771525759745976800,28.699976806640624,4.4304704666137695,11.979987144470215,-1.015141487121582
1771525759755979300,28.709979248046874,5.17746114730835,11.596914291381836,-0.7948749661445618
1771525759765981700,28.719981689453125,4.985925197601318,11.328763961791992,-0.5554547905921936
1771525759775984400,28.729984375,4.20541524887085,11.01272964477539,-0.09576806426048279
1771525759785986800,28.73998681640625,3.089717388153076,10.715847969055176,0.2059013396501541
1771525759795989200,28.7499892578125,1.8112136125564575,10.524312019348145,0.11013327538967133
1771525759805992000,28.759991943359374,0.9684545993804932,10.31362247467041,-0.10055647045373917
1771525759815994400,28.769994384765624,0.7003039717674255,9.983222961425781,-0.4118026793003082
1771525759825996800,28.779996826171875,0.8822633028030396,9.662399291992188,-0.9911994934082031
1771525759835999500,28.78999951171875,1.5047557353973389,9.351153373718262,-1.4939818382263184
1771525759846002000,28.800001953125,2.5294740200042725,9.039907455444336,-1.9488801956176758
1771525759856004600,28.810004638671874,3.161543369293213,8.814851760864258,-2.097320795059204
1771525759886012200,28.84001220703125,3.357867956161499,8.326435089111328,-0.8475474119186401
1771525759896014800,28.850014892578123,3.1711201667785645,8.201936721801758,-0.3687070608139038
1771525759906017300,28.860017333984374,2.831143617630005,8.09659194946289,-0.019153613597154617
1771525759916019700,28.870019775390624,2.5294740200042725,7.9194207191467285,0.15322890877723694
1771525759926022400,28.8800224609375,2.433706045150757,7.742249965667725,0.16759411990642548
1771525759936024800,28.89002490234375,2.5103204250335693,7.545925140380859,0.2777273952960968
1771525759946027500,28.900027587890627,2.3283610343933105,7.421426773071289,0.3016694188117981
1771525759956030000,28.910030029296873,2.007538080215454,7.354389190673828,0.17238251864910126
1771525759966033400,28.920033447265624,1.7106571197509766,7.335235595703125,0.10055647045373917
1771525759976036000,28.9300361328125,1.3275848627090454,7.354389190673828,0.06224924325942993
1771525759996040200,28.950040283203126,0.25977087020874023,7.498041152954102,0.033518824726343155
1771525760006043000,28.96004296875,-0.1711854189634323,7.617751121520996,0.10055647045373917
1771525760016045300,28.97004541015625,-0.11851298063993454,7.828441143035889,0.15322890877723694
1771525760026048000,28.980048095703125,0.27413609623908997,8.043919563293457,0.16759411990642548
1771525760036050400,28.990050537109376,0.7721300721168518,8.359953880310059,0.24899697303771973
1771525760046052900,29.000052978515626,1.2557587623596191,8.771756172180176,0.3974374830722809
1771525760056055600,29.0100556640625,2.050633668899536,9.164405822753906,0.23942017555236816
1771525760066058000,29.02005810546875,2.409764051437378,9.537900924682617,0.3064578175544739
1771525760076060700,29.030060791015625,2.2613234519958496,9.92097282409668,0.5889736413955688
1771525760086063000,29.04006298828125,2.0649988651275635,10.251373291015625,0.689530074596405
1771525760096065800,29.050065673828126,1.9596540927886963,10.591349601745605,0.727837324142456
1771525760106068200,29.060068115234376,1.92134690284729,10.83555793762207,0.8379706144332886
1771525760116071000,29.07007080078125,1.9165585041046143,11.060613632202148,0.7661445140838623
1771525760126073300,29.0800732421875,1.92134690284729,11.328763961791992,0.6368576288223267
1771525760136076000,29.090075927734375,2.2182278633117676,11.53466510772705,0.40222588181495667
1771525760146078500,29.100078369140626,2.7497406005859375,11.635221481323242,0.07182604819536209
1771525760156081200,29.1100810546875,3.0178911685943604,11.8411226272583,-0.1628057211637497
1771525760166083600,29.12008349609375,3.0370447635650635,12.032659530639648,-0.2968810200691223
1771525760176086300,29.130086181640625,2.8167781829833984,12.09969711303711,-0.4884171485900879
1771525760186088700,29.140088623046875,2.055422067642212,12.123639106750488,-0.40701428055763245
1771525760196091400,29.15009130859375,0.8487445116043091,12.19067668914795,-0.05267243832349777
1771525760206093800,29.16009375,-0.11372458189725876,12.123639106750488,0.5841852426528931
1771525760216096300,29.17009619140625,-0.39624038338661194,12.027871131896973,1.0438719987869263
1771525760226099000,29.180098876953124,0.46567222476005554,11.855487823486328,1.3120225667953491
1771525760236101400,29.190101318359375,2.141613483428955,11.491569519042969,1.316810965538025
1771525760246104000,29.20010400390625,4.052186489105225,11.098920822143555,1.0773907899856567
1771525760256106500,29.2101064453125,5.574898719787598,10.730213165283203,0.7038952708244324
1771525760266109200,29.220109130859374,5.996278285980225,10.43812084197998,0.5554547905921936
1771525760276111600,29.230111572265624,5.062539577484131,10.193912506103516,0.47884035110473633
1771525760286114300,29.2401142578125,3.0131027698516846,10.069414138793945,0.272938996553421
1771525760296116700,29.25011669921875,1.4281413555145264,9.849146842956543,-0.047884032130241394
1771525760306119400,29.260119384765623,0.41778820753097534,9.758167266845703,-0.3016694188117981
1771525760316121900,29.270121826171874,-0.1280897855758667,9.61451530456543,-0.507570743560791
1771525760326124500,29.28012451171875,-0.04189852997660637,9.394248962402344,-0.6943184733390808
1771525760336127000,29.290126953125,0.5710170865058899,9.135675430297852,-0.6224924325942993
1771525760346129700,29.300129638671876,1.4281413555145264,8.834005355834961,-0.4213795065879822
1771525760356132000,29.310132080078127,2.342726469039917,8.470087051391602,-0.3687070608139038
1771525760366134800,29.320134765625,3.180696964263916,8.192359924316406,-0.21547815203666687
1771525760376137200,29.33013720703125,3.4823663234710693,7.871536731719971,0.12928688526153564
1771525760386139600,29.3401396484375,3.405751943588257,7.464522361755371,0.3208230137825012
1771525760396142300,29.350142333984376,2.826355218887329,7.1006035804748535,0.24420857429504395
1771525760406144800,29.360144775390626,2.036268472671509,6.784569263458252,0.047884032130241394
1771525760416147500,29.3701474609375,1.3994108438491821,6.521206855773926,-0.08619125932455063
1771525760426150000,29.38014990234375,1.1312602758407593,6.253056526184082,-0.3495534360408783
1771525760436152600,29.390152587890626,0.9828197956085205,6.056731700897217,-0.4692635238170624
1771525760446155000,29.400155029296876,1.0546458959579468,6.008847713470459,-0.545877993106842
1771525760456157700,29.41015771484375,1.0785878896713257,6.032789707183838,-0.5123591423034668
1771525760466160000,29.42016015625,1.136048674583435,6.157288074493408,-0.4405331015586853
1771525760476162800,29.430162841796875,1.1121066808700562,6.4398040771484375,-0.2346317619085312
1771525760486165200,29.440165283203125,1.0307037830352783,6.8372416496276855,-0.1149216815829277
1771525760496168000,29.45016796875,1.1743559837341309,7.114968776702881,-0.11971008777618408
1771525760506170400,29.46017041015625,1.2892776727676392,7.5650787353515625,-0.22505496442317963
1771525760516173000,29.470173095703124,1.6292542219161987,8.082226753234863,-0.4405331015586853
1771525760526175500,29.480175537109375,2.184709072113037,8.570643424987793,-0.6033388376235962
1771525760536178000,29.490177978515625,2.7114334106445312,9.049484252929688,-0.7326257228851318
1771525760546180600,29.5001806640625,2.869450807571411,9.513958930969238,-0.6320692300796509
1771525760556183000,29.51018310546875,2.625242233276367,10.002376556396484,-0.3208230137825012
1771525760566185700,29.520185791015624,2.3762452602386475,10.471639633178711,-0.14844051003456116
1771525760576188200,29.530188232421875,2.428917646408081,10.83555793762207,0.019153613597154617
1771525760586190800,29.54019091796875,2.2804770469665527,11.276091575622559,0.2346317619085312
1771525760596193300,29.550193359375,1.9740192890167236,11.778873443603516,0.3687070608139038
1771525760606196000,29.560196044921874,2.0410568714141846,12.209830284118652,0.33039984107017517
1771525760616198400,29.570198486328124,2.36188006401062,12.583325386047363,0.13407529890537262
1771525760626201000,29.580201171875,2.960430383682251,12.88978385925293,-0.3734954595565796
1771525760656208600,29.610208740234373,4.531026840209961,13.148357391357422,-0.6129156351089478
1771525760666211300,29.62021142578125,4.004302501678467,13.205818176269531,-0.019153613597154617
1771525760676213800,29.6302138671875,3.113659381866455,13.26327896118164,0.7038952708244324
1771525760686216400,29.640216552734376,1.8351556062698364,13.47875690460205,1.1444283723831177
1771525760696219000,29.650218994140626,1.4329297542572021,13.37820053100586,0.9528923034667969
1771525760706221300,29.66022119140625,2.1511902809143066,13.081319808959961,0.3495534360408783
1771525760716224000,29.67022412109375,3.1902737617492676,12.631209373474121,-0.014365210197865963
1771525760726226400,29.680226318359374,3.70742130279541,12.171523094177246,-0.31603461503982544
1771525760736229000,29.69022900390625,3.5685577392578125,11.59212589263916,-0.47405192255973816
1771525760746231600,29.7002314453125,3.1759085655212402,10.993576049804688,-0.608127236366272
1771525760756234200,29.710234130859376,2.673126220703125,10.428544044494629,-0.45010992884635925
1771525760766236700,29.720236572265627,1.7872716188430786,9.9401273727417,-0.12449848651885986
1771525760776239400,29.7302392578125,0.6811503767967224,9.70549488067627,-0.16759411990642548
1771525760786241800,29.74024169921875,-0.1041477769613266,9.499593734741211,-0.47884035110473633
1771525760796244500,29.750244384765626,-0.3627215623855591,9.37509536743164,-0.8810662031173706
1771525760806247000,29.760246826171876,-0.10893617570400238,9.164405822753906,-1.4317326545715332
1771525760816249600,29.77024951171875,0.43694180250167847,9.030330657958984,-1.900996208190918
1771525760826252000,29.780251953125,1.2653355598449707,8.881889343261719,-2.2026655673980713
1771525760836254700,29.790254638671875,2.4001872539520264,8.743025779724121,-2.231395959854126
1771525760846257200,29.800257080078126,3.4967315196990967,8.546701431274414,-1.9345149993896484
1771525760856259600,29.810259521484376,4.11443567276001,8.307281494140625,-1.403002142906189
1771525760866262300,29.82026220703125,4.095282077789307,7.9864583015441895,-0.8379706144332886
1771525760876264700,29.8302646484375,3.7026329040527344,7.684788703918457,-0.20111294090747833
1771525760886267400,29.840267333984375,2.912546396255493,7.435791969299316,0.33039984107017517
1771525760896269800,29.850269775390625,1.9835960865020752,7.177217960357666,0.6751648783683777
1771525760906272500,29.8602724609375,1.260547161102295,6.909067630767822,0.7709329724311829
1771525760916275000,29.87027490234375,0.7769184708595276,6.688800811767578,0.7709329724311829
1771525760926277600,29.880277587890625,0.4752490520477295,6.559514045715332,0.7996633648872375
1771525760936280000,29.890280029296875,0.3124433159828186,6.525995254516602,0.828393816947937
1771525760946282800,29.90028271484375,0.23104046285152435,6.502053260803223,0.8092401623725891
1771525760956285200,29.91028515625,0.2932897210121155,6.5930328369140625,0.7374141216278076
1771525760966288000,29.920287841796874,0.456095427274704,6.674435615539551,0.7086837291717529
1771525760976290300,29.930290283203124,0.5710170865058899,6.880337238311768,0.6607996821403503
1771525760986293000,29.94029296875,0.4704606235027313,7.124545574188232,0.5841852426528931
1771525760996295400,29.95029541015625,0.41778820753097534,7.392696380615234,0.545877993106842
1771525761006298000,29.960298095703124,0.4273650050163269,7.632116317749023,0.5171475410461426
1771525761016300500,29.970300537109374,0.628477931022644,7.957727909088135,0.4596867263317108
1771525761026303000,29.980302978515624,0.8822633028030396,8.316858291625977,0.3495534360408783
1771525761036305700,29.9903056640625,1.136048674583435,8.757390975952148,0.26336219906806946
1771525761046308000,30.00030810546875,1.2653355598449707,9.173982620239258,0.2106897532939911
1771525761056310800,30.010310791015623,1.3994108438491821,9.533112525939941,0.11013327538967133
1771525761066313200,30.020313232421874,1.2988544702529907,9.911396026611328,0.1149216815829277
1771525761076316000,30.03031591796875,0.9540894031524658,10.260950088500977,0.3447650372982025
1771525761086318300,30.040318359375,0.7146692276000977,10.65359878540039,0.4405331015586853
1771525761096321000,30.050321044921876,0.7338228225708008,11.094132423400879,0.545877993106842
1771525761106323500,30.060323486328127,0.9062053561210632,11.5250883102417,0.646434485912323
1771525761116326100,30.070326171875,1.380257248878479,11.927314758300781,0.7086837291717529
1771525761126328600,30.08032861328125,2.2661118507385254,12.324751853942871,0.45010992884635925
1771525761136331300,30.090331298828126,3.33392596244812,12.68867015838623,-0.09576806426048279
1771525761146333700,30.100333740234376,4.1192240715026855,12.875418663024902,-0.5506663918495178
1771525761156336400,30.11033642578125,4.459200859069824,12.947244644165039,-1.0438719987869263
1771525761166338800,30.1203388671875,4.095282077789307,12.865840911865234,-1.2449848651885986
1771525761176341200,30.13034130859375,3.0131027698516846,12.669516563415527,-1.139639973640442
1771525761186344000,30.140343994140625,1.4616601467132568,12.516287803649902,-0.6416460275650024
1771525761196346400,30.150346435546876,-0.19033902883529663,12.300809860229492,0.3495534360408783
1771525761206348800,30.160348876953126,-1.334767460823059,12.147581100463867,1.359906554222107
1771525761216351200,30.170351318359376,-1.3539210557937622,12.047024726867676,2.2649147510528564
1771525761226354000,30.18035400390625,-0.06584054976701736,11.754931449890137,2.7293899059295654
1771525761236356400,30.1903564453125,1.8399440050125122,11.347917556762695,2.4899697303771973
1771525761246358800,30.20035888671875,3.223792552947998,10.883441925048828,2.0925323963165283
1771525761256361200,30.210361328125,3.688267707824707,10.423755645751953,1.766920804977417
1771525761266364000,30.220364013671876,3.2094273567199707,10.265738487243652,1.0055646896362305
1771525761276366300,30.230366455078126,2.6874914169311523,10.179547309875488,-0.10055647045373917
1771525761286368800,30.24036865234375,2.404975652694702,10.088567733764648,-1.1300631761550903
1771525761296371200,30.25037109375,1.8160020112991333,10.026318550109863,-1.7286136150360107
1771525761306374000,30.260373779296874,1.2030863761901855,9.815628051757812,-1.9776105880737305
1771525761316376300,30.270376220703124,1.0259153842926025,9.715071678161621,-1.9823989868164062
1771525761326378800,30.280378662109374,1.6819267272949219,9.485228538513184,-1.7525556087493896
1771525761336381400,30.29038134765625,2.677914619445801,9.21707820892334,-0.9768342971801758
1771525761346384000,30.3003837890625,3.1902737617492676,8.9249849319458,-0.08140286058187485
1771525761356386300,30.31038623046875,3.558980941772461,8.666411399841309,0.507570743560791
1771525761366388700,30.320388671875,3.736151695251465,8.383895874023438,1.015141487121582
1771525761376391400,30.330391357421874,3.357867956161499,8.115745544433594,1.2545616626739502
1771525761386393900,30.340393798828124,2.7880477905273438,7.7470383644104,1.0821791887283325
1771525761396396300,30.350396240234375,2.0697872638702393,7.3687543869018555,0.6560112833976746
1771525761406398700,30.360398681640625,1.4856021404266357,7.114968776702881,0.2298433631658554
1771525761416401400,30.3704013671875,1.116895079612732,6.856395244598389,-0.09576806426048279
1771525761426403800,30.38040380859375,1.0211269855499268,6.693589210510254,-0.47884035110473633
1771525761436406300,30.39040625,1.0594342947006226,6.669647216796875,-0.8188169598579407
1771525761446408700,30.40040869140625,1.337161660194397,6.650493621826172,-0.8571242094039917
1771525761456411400,30.410411376953125,1.5143325328826904,6.664858818054199,-0.7565677165985107
1771525761466413800,30.420413818359375,1.6867151260375977,6.736684799194336,-0.6512228846549988
1771525761476416300,30.430416259765625,1.92134690284729,6.842030048370361,-0.4118026793003082
1771525761486419000,30.4404189453125,2.055422067642212,7.052719593048096,-0.1388636976480484
1771525761496421400,30.45042138671875,1.9596540927886963,7.30650520324707,0.09576806426048279
1771525761506423800,30.460423828125,1.701080322265625,7.67042350769043,0.2585737705230713
1771525761516426500,30.470426513671875,1.5382746458053589,8.067861557006836,0.23942017555236816
1771525761526429000,30.480428955078125,1.523909330368042,8.503605842590332,0.11971008777618408
1771525761536431600,30.490431640625,1.8351556062698364,8.91540813446045,-0.05267243832349777
1771525761546434000,30.50043408203125,2.2421698570251465,9.346364974975586,-0.2825157940387726
1771525761556436700,30.510436767578124,2.342726469039917,9.724648475646973,-0.33518823981285095
1771525761566439200,30.520439208984374,2.2373814582824707,10.026318550109863,-0.24420857429504395
1771525761576441900,30.53044189453125,1.8974047899246216,10.409390449523926,-0.038307227194309235
1771525761586444300,30.5404443359375,1.523909330368042,10.845134735107422,0.06224924325942993
1771525761596446700,30.55044677734375,1.2318167686462402,11.309610366821289,0.14844051003456116
1771525761606449400,30.560449462890624,1.049857497215271,11.764508247375488,0.2777273952960968
1771525761616451800,30.570451904296874,1.2749123573303223,12.185888290405273,0.06703764945268631
1771525761626454500,30.58045458984375,1.88782799243927,12.458827018737793,-0.24899697303771973
1771525761646459600,30.600459716796873,3.58292293548584,12.310386657714844,-0.9864110946655273
1771525761656462000,30.610462158203124,4.14795446395874,12.185888290405273,-1.115697979927063
1771525761666464800,30.62046484375,3.927687883377075,12.061389923095703,-0.9289502501487732
1771525761676467200,30.63046728515625,2.7497406005859375,12.027871131896973,-0.40222588181495667
1771525761686470000,30.640469970703126,1.0642226934432983,12.042236328125,0.2825157940387726
1771525761696472300,30.650472412109377,-0.6021417379379272,12.090120315551758,0.3208230137825012
1771525761706475000,30.66047509765625,-0.9229647517204285,12.061389923095703,0.047884032130241394
1771525761716477400,30.6704775390625,0.010773907415568829,11.711835861206055,-0.4644751250743866
1771525761726480100,30.680480224609376,1.6340426206588745,11.223419189453125,-1.1540051698684692
1771525761736482600,30.690482666015626,2.8790276050567627,10.797250747680664,-1.216254472732544
1771525761746485200,30.7004853515625,2.366668462753296,10.375871658325195,-0.5219359993934631
1771525761756487700,30.71048779296875,1.1743559837341309,10.165182113647461,0.11971008777618408
1771525761766490000,30.720489990234373,0.19273324310779572,10.016741752624512,0.3734954595565796
1771525761776492800,30.730492919921875,-0.5446808934211731,10.016741752624512,0.14365209639072418
1771525761786495200,30.7404951171875,-0.6548141837120056,10.083779335021973,-0.28730419278144836
1771525761796498000,30.750497802734376,-0.20949265360832214,9.983222961425781,-0.7134721279144287
1771525761806500400,30.760500244140626,0.7912836670875549,9.9401273727417,-1.2832920551300049
1771525761816503000,30.7705029296875,2.1703438758850098,9.906607627868652,-1.6376339197158813
1771525761826505500,30.78050537109375,3.491943120956421,9.901819229125977,-1.7908629179000854
1771525761836508200,30.790508056640626,4.277241230010986,9.715071678161621,-1.6855180263519287
1771525761846510600,30.800510498046876,4.545392036437988,9.480440139770508,-1.2306196689605713
1771525761856513300,30.81051318359375,4.066551685333252,9.188347816467285,-0.6512228846549988
1771525761876518400,30.830518310546875,2.764105796813965,8.527547836303711,-0.06703764945268631
1771525761886520800,30.840520751953125,2.256535053253174,8.149264335632324,0.1867477297782898
1771525761896523500,30.8505234375,1.9596540927886963,7.785345554351807,0.2059013396501541
1771525761906526000,30.86052587890625,1.6915035247802734,7.5219831466674805,0.11013327538967133
1771525761916528400,30.8705283203125,1.3946224451065063,7.36396598815918,0.20111294090747833
1771525761926531000,30.880531005859375,1.294066071510315,7.277774810791016,0.14844051003456116
1771525761936533500,30.890533447265625,1.3658920526504517,7.205948352813721,0.033518824726343155
1771525761946536200,30.9005361328125,1.2270283699035645,7.148487567901611,0.15801730751991272
1771525761956538600,30.91053857421875,1.4089876413345337,7.119757175445557,0.11971008777618408
1771525761966541300,30.920541259765624,1.4760253429412842,7.162852764129639,0.009576806798577309
1771525761976543700,30.930543701171874,1.1504138708114624,7.277774810791016,-0.07182604819536209
1771525761986546400,30.94054638671875,0.9205705523490906,7.469310760498047,-0.1867477297782898
1771525761996548900,30.950548828125,0.7864952683448792,7.689577102661133,-0.2298433631658554
1771525762006551600,30.960551513671874,0.7338228225708008,7.952939510345459,-0.181959331035614
1771525762016554000,30.970553955078124,0.8343793153762817,8.216301918029785,-0.11971008777618408
1771525762026556700,30.980556640625,1.2844891548156738,8.561066627502441,-0.17717093229293823
1771525762036559000,30.99055908203125,1.4185645580291748,8.91540813446045,0.019153613597154617
1771525762046561800,31.000561767578127,1.3850456476211548,9.207501411437988,0.19632454216480255
1771525762056564200,31.010564208984373,1.5143325328826904,9.600150108337402,0.31603461503982544
1771525762066567000,31.02056689453125,1.6148890256881714,10.031106948852539,0.44532153010368347
1771525762076569300,31.0305693359375,1.7968484163284302,10.476428031921387,0.4644751250743866
1771525762086571800,31.04057177734375,2.050633668899536,11.03667163848877,0.26336219906806946
1771525762096574500,31.050574462890626,2.3475148677825928,11.510723114013672,0.22026655077934265
1771525762106577000,31.060576904296877,2.6204538345336914,11.927314758300781,-0.08619125932455063
1771525762116579600,31.07057958984375,3.046621561050415,12.181099891662598,-0.6320692300796509
1771525762156589800,31.11058984375,2.4241292476654053,12.367847442626953,-0.9385270476341248
1771525762166592300,31.12059228515625,0.8104372620582581,12.339117050170898,-0.35913026332855225
1771525762176594700,31.1305947265625,-0.5111620426177979,12.281656265258789,0.2777273952960968
1771525762186597000,31.14059716796875,-1.2629413604736328,12.233772277832031,0.6177040338516235
1771525762196599600,31.150599609375,-0.8655039072036743,12.161946296691895,0.828393816947937
1771525762206602000,31.16060205078125,0.3411737382411957,11.922526359558105,1.115697979927063
1771525762216604400,31.1706044921875,2.0219032764434814,11.68310546875,1.235408067703247
1771525762226606800,31.18060693359375,3.5063083171844482,11.328763961791992,1.3742717504501343
1771525762236609300,31.190609375,4.492719650268555,10.983999252319336,1.4269442558288574
1771525762246612000,31.200612060546874,4.669890403747559,10.672752380371094,1.479616641998291
1771525762256614400,31.210614501953124,3.7457284927368164,10.46206283569336,1.3646949529647827
1771525762266616800,31.220616943359374,2.448071241378784,10.260950088500977,0.6655880808830261
1771525762276619300,31.230619384765625,1.5622166395187378,10.227431297302246,-0.17238251864910126
1771525762286621700,31.24062158203125,0.9301473498344421,10.112509727478027,-0.9385270476341248
1771525762296624000,31.2506240234375,0.6667851805686951,10.035895347595215,-1.6424223184585571
1771525762306626600,31.26062646484375,0.8152256608009338,9.959280967712402,-2.0877439975738525
1771525762316629200,31.270629150390626,1.6340426206588745,9.810839653015137,-2.2649147510528564
1771525762326631700,31.280631591796876,2.649184226989746,9.628880500793457,-1.9488801956176758
1771525762336634000,31.290634033203126,3.381809949874878,9.327211380004883,-1.0965443849563599
1771525762346636800,31.30063671875,3.7409400939941406,8.953716278076172,-0.22505496442317963
1771525762356639200,31.31063916015625,3.626018524169922,8.537124633789062,0.4836287498474121
1771525762366642000,31.320641845703125,3.2956185340881348,8.134899139404297,0.9050082564353943
1771525762376644400,31.330644287109376,2.8646624088287354,7.727884769439697,1.0869675874710083
1771525762386647000,31.34064697265625,2.251746654510498,7.296928405761719,1.0055646896362305
1771525762396649500,31.3506494140625,1.7968484163284302,6.9042792320251465,0.7996633648872375
1771525762406652200,31.360652099609375,1.4856021404266357,6.669647216796875,0.6607996821403503
1771525762416654600,31.370654541015625,1.159990668296814,6.4828996658325195,0.43095630407333374
1771525762426657300,31.3806572265625,0.8248024582862854,6.377554893493652,0.06703764945268631
1771525762436659700,31.39065966796875,0.7433996200561523,6.344036102294922,-0.038307227194309235
1771525762446662400,31.400662353515624,0.8631097078323364,6.377554893493652,-0.07182604819536209
1771525762456664800,31.410664794921875,1.116895079612732,6.487688064575195,-0.2346317619085312
1771525762466667500,31.42066748046875,1.437718152999878,6.650493621826172,-0.2106897532939911
1771525762476670000,31.430669921875,1.7345991134643555,6.818088054656982,-0.12928688526153564
1771525762486672600,31.440672607421874,1.8543092012405396,7.091026782989502,-0.19632454216480255
1771525762496675000,31.450675048828124,1.9309237003326416,7.478887557983398,-0.1867477297782898
1771525762506677500,31.460677490234374,2.2182278633117676,7.814075946807861,-0.12928688526153564
1771525762516680200,31.47068017578125,2.428917646408081,8.12053394317627,-0.13407529890537262
1771525762526682600,31.4806826171875,2.318784236907959,8.450933456420898,-0.08140286058187485
1771525762536685300,31.490685302734374,2.0602104663848877,8.728660583496094,0.19153612852096558
1771525762546687700,31.500687744140624,1.701080322265625,8.97765827178955,0.4692635238170624
1771525762556690400,31.5106904296875,1.3515268564224243,9.221866607666016,0.4884171485900879
1771525762566692900,31.52069287109375,1.260547161102295,9.456498146057129,0.49320554733276367
1771525762576695600,31.530695556640627,1.1504138708114624,9.806051254272461,0.6703764796257019
1771525762596700700,31.55070068359375,0.8487445116043091,10.409390449523926,0.7661445140838623
1771525762606703000,31.560703125,0.9445125460624695,10.821192741394043,0.7996633648872375
1771525762616705800,31.570705810546876,1.3754688501358032,11.165958404541016,0.6416460275650024
1771525762626708200,31.580708251953126,2.1080946922302246,11.458050727844238,0.5027823448181152
1771525762636711000,31.5907109375,2.936488389968872,11.778873443603516,0.5650315880775452
1771525762646713300,31.60071337890625,3.5494039058685303,12.13321590423584,0.7469909191131592
1771525762656716000,31.610716064453126,3.5063083171844482,12.477980613708496,0.8475474119186401
1771525762666718500,31.620718505859376,2.61087703704834,12.808380126953125,1.0630255937576294
1771525762676721000,31.630720947265626,1.0019733905792236,13.186664581298828,1.2497732639312744
1771525762686723600,31.6407236328125,-0.4776432514190674,13.440449714660645,1.1827356815338135
1771525762696726000,31.65072607421875,-0.7553706169128418,13.488333702087402,0.5746083855628967
1771525762706728700,31.660728759765625,0.18315643072128296,13.488333702087402,-0.4884171485900879
1771525762716731100,31.670731201171876,2.539050817489624,13.0142822265625,-1.41257905960083
1771525762726733800,31.68073388671875,5.30195951461792,12.482769012451172,-1.4939818382263184
1771525762736736300,31.690736328125,7.174225330352783,11.673528671264648,-1.015141487121582
1771525762746739000,31.700739013671875,7.518990516662598,10.988787651062012,-0.13407529890537262
1771525762756741400,31.710741455078125,6.4846954345703125,10.591349601745605,0.7086837291717529
1771525762766744000,31.720744140625,4.325125217437744,10.318410873413086,0.8044517636299133
1771525762776746500,31.73074658203125,2.165555477142334,9.964069366455078,0.2346317619085312
1771525762786749200,31.740749267578124,0.22625206410884857,9.839570045471191,-0.5793967843055725
1771525762796751600,31.750751708984374,-1.3491326570510864,9.686341285705566,-1.4269442558288574
1771525762806754300,31.76075439453125,-1.9093759059906006,9.499593734741211,-2.145204782485962
1771525762816756700,31.7707568359375,-1.4305355548858643,9.2841157913208,-2.5091233253479004
1771525762826759200,31.78075927734375,-0.3531447649002075,9.140463829040527,-2.676717519760132
1771525762836761900,31.790761962890624,1.1839327812194824,9.03511905670166,-2.5953147411346436
1771525762846764300,31.800764404296874,2.625242233276367,9.015965461730957,-1.9823989868164062
1771525762856767000,31.81076708984375,3.5637693405151367,8.877100944519043,-1.139639973640442
1771525762866769400,31.820769287109375,4.3394904136657715,8.738237380981445,-0.35434186458587646
1771525762876772000,31.830772216796873,4.875791549682617,8.6089506149292,0.2346317619085312
1771525762886774500,31.8407744140625,4.9619832038879395,8.42699146270752,0.608127236366272
1771525762896777200,31.850777099609374,4.598064422607422,8.21151351928711,0.828393816947937
1771525762906779600,31.860779541015624,3.6978445053100586,8.000823974609375,0.8858546018600464
1771525762916782000,31.870781982421875,2.7305870056152344,7.794922351837158,0.8092401623725891
1771525762926784800,31.88078466796875,1.88782799243927,7.680000305175781,0.5841852426528931
1771525762936787200,31.890787109375,1.2078747749328613,7.636904716491699,0.363918662071228
1771525762946789600,31.90078955078125,0.8439561128616333,7.6081743240356445,0.20111294090747833
1771525762956792000,31.9107919921875,0.7481880187988281,7.584232330322266,0.16759411990642548
1771525762966794800,31.920794677734374,0.9349357485771179,7.7183074951171875,0.17717093229293823
1771525762976797200,31.930797119140625,1.1743559837341309,7.852383136749268,0.15801730751991272
1771525762986799600,31.940799560546875,1.3563152551651,7.938574314117432,0.17238251864910126
1771525762996802000,31.950802001953125,1.3227964639663696,8.053496360778809,0.2059013396501541
1771525763006804700,31.9608046875,1.1216834783554077,8.259397506713867,0.2537853717803955
1771525763016807200,31.97080712890625,0.829590916633606,8.55148983001709,0.3256114423274994
1771525763026809600,31.9808095703125,0.6619967818260193,8.867524147033691,0.40222588181495667
1771525763036812000,31.99081201171875,0.7481880187988281,9.1260986328125,0.3926490843296051
1771525763046814700,32.000814697265625,1.159990668296814,9.365518569946289,0.31603461503982544
1771525763056817200,32.010817138671875,1.3850456476211548,9.633668899536133,0.4405331015586853
1771525763066819600,32.020819580078125,1.4760253429412842,9.877877235412598,0.545877993106842
1771525763076822300,32.030822265625,1.7154455184936523,10.179547309875488,0.5841852426528931
1771525763086824700,32.04082470703125,2.0266916751861572,10.5530424118042,0.5171475410461426
1771525763096827100,32.0508271484375,2.428917646408081,10.916961669921875,0.272938996553421
1771525763106829600,32.06082958984375,2.802412986755371,11.237784385681152,-0.05267243832349777
1771525763116832300,32.07083227539062,3.180696964263916,11.587337493896484,-0.35913026332855225
1771525763126834700,32.08083471679687,3.468001127243042,11.812392234802246,-0.7182605266571045
1771525763136837000,32.09083715820312,3.79840087890625,11.98477554321289,-1.139639973640442
1771525763146839600,32.10083959960937,3.755305290222168,12.047024726867676,-1.259350061416626
1771525763156842200,32.11084228515625,3.223792552947998,12.061389923095703,-1.1635819673538208
1771525763166844700,32.1208447265625,2.1990742683410645,11.989563941955566,-0.8810662031173706
1771525763176847000,32.13084716796875,0.8822633028030396,11.91773796081543,-0.23942017555236816
1771525763186849500,32.140849609375,-0.6739677786827087,12.003929138183594,0.6607996821403503
1771525763196852200,32.150852294921876,-1.3970166444778442,12.109273910522461,1.1779472827911377
1771525763206854700,32.160854736328126,-0.645237386226654,12.118850708007812,1.455674648284912
1771525763216857000,32.170857177734376,1.2988544702529907,11.912949562072754,1.3072341680526733
1771525763226859800,32.18085986328125,3.444059133529663,11.640009880065918,1.048660397529602
1771525763236862200,32.1908623046875,4.952406406402588,11.146804809570312,0.6751648783683777
1771525763246864600,32.20086474609375,5.594052314758301,10.596138000488281,0.2825157940387726
1771525763256867000,32.2108671875,4.655525207519531,10.2561616897583,0.08140286058187485
1771525763266869800,32.22086987304687,2.850297212600708,10.04068374633789,-0.2825157940387726
1771525763276872200,32.2308720703125,1.2222399711608887,9.901819229125977,-0.6799532771110535
1771525763286874600,32.24087451171875,-0.11372458189725876,9.873088836669922,-1.173158884048462
1771525763296877000,32.250876953125,-1.037886381149292,9.77253246307373,-1.6663644313812256
1771525763306879700,32.260879638671874,-1.5502456426620483,9.566631317138672,-1.9488801956176758
1771525763316882200,32.270882080078124,-1.3491326570510864,9.384672164916992,-2.049436569213867
1771525763326884600,32.280884521484374,-0.22864626348018646,9.087791442871094,-1.9345149993896484
1771525763336887000,32.290886962890625,1.4760253429412842,8.819640159606934,-1.7286136150360107
1771525763346889700,32.3008896484375,2.917334794998169,8.522759437561035,-1.139639973640442
1771525763356892200,32.31089208984375,3.908534288406372,8.288127899169922,-0.3447650372982025
1771525763366894600,32.32089453125,4.009090900421143,8.173206329345703,0.35913026332855225
1771525763376897300,32.33089721679688,3.5685577392578125,8.034342765808105,0.5793967843055725
1771525763386899700,32.34089965820313,2.8598740100860596,7.847594738006592,0.5219359993934631
1771525763396902100,32.35090209960938,2.1942858695983887,7.737461566925049,0.2585737705230713
1771525763406904800,32.36090478515625,1.7537527084350586,7.5219831466674805,-0.09576806426048279
1771525763416907300,32.3709072265625,1.4281413555145264,7.378331184387207,-0.3495534360408783
1771525763426910000,32.380909912109374,1.1312602758407593,7.282563209533691,-0.5889736413955688
1771525763436912400,32.390912353515624,1.1982979774475098,7.234679222106934,-0.9145850539207458
1771525763446915000,32.4009150390625,1.643619418144226,7.134122371673584,-0.9959878921508789
1771525763456917500,32.41091748046875,1.9931728839874268,7.038354396820068,-0.8427590131759644
1771525763466920200,32.42092016601563,1.868674397468567,6.95695161819458,-0.6272808313369751
1771525763476922600,32.43092260742188,1.9500772953033447,6.851606845855713,-0.49799394607543945
1771525763486925300,32.44092529296875,1.92134690284729,6.803722858428955,-0.2825157940387726
1771525763496927700,32.450927734375,1.643619418144226,6.909067630767822,-0.14844051003456116
1771525763506930400,32.46093041992187,1.2892776727676392,7.095815181732178,-0.05746084079146385
1771525763516932900,32.47093286132812,1.0594342947006226,7.349600791931152,0.08140286058187485
1771525763526935600,32.480935546875,1.0833762884140015,7.656058311462402,-0.019153613597154617
1771525763536938000,32.49093798828125,1.1073182821273804,8.019977569580078,-0.10055647045373917
1771525763546940400,32.5009404296875,1.092953085899353,8.388684272766113,-0.22026655077934265
1771525763556943000,32.510943115234376,1.1504138708114624,8.781332969665527,-0.37828385829925537
1771525763566945500,32.520945556640626,1.5143325328826904,9.154829025268555,-0.3878606855869293
1771525763576948200,32.5309482421875,1.9788076877593994,9.55705451965332,-0.272938996553421
1771525763586950700,32.54095068359375,2.3235726356506348,9.997588157653809,-0.2298433631658554
1771525763596953300,32.55095336914062,2.428917646408081,10.418967247009277,-0.13407529890537262
1771525763606955800,32.56095581054687,2.582146644592285,10.792462348937988,-0.10534487664699554
1771525763616958500,32.57095849609375,2.5917234420776367,11.113286018371582,-0.14365209639072418
1771525763626961000,32.5809609375,2.4576480388641357,11.496357917785645,-0.12449848651885986
1771525763646966000,32.600966064453125,3.3195607662200928,11.836334228515625,-0.29209262132644653
1771525763656968700,32.61096875,3.5877113342285156,11.956045150756836,-0.40222588181495667
1771525763666971100,32.62097119140625,3.5015199184417725,12.147581100463867,-0.5841852426528931
1771525763676973800,32.63097387695313,3.008314371109009,12.34869384765625,-0.8092401623725891
1771525763686976300,32.64097631835938,1.7872716188430786,12.612055778503418,-0.5027823448181152
1771525763696979000,32.65097900390625,0.1975216418504715,12.717400550842285,-0.19632454216480255
1771525763706981400,32.6609814453125,-0.5398924946784973,12.693458557128906,-0.272938996553421
1771525763716983800,32.67098388671875,0.02992752194404602,12.554594993591309,-0.4357447028160095
1771525763726986500,32.680986572265624,1.6292542219161987,12.195465087890625,-0.8810662031173706
1771525763736989000,32.690989013671874,3.6308069229125977,11.62564468383789,-1.3263877630233765
1771525763746991600,32.70099169921875,5.17746114730835,11.094132423400879,-1.3455413579940796
1771525763756994000,32.710994140625,5.522226333618164,10.696694374084473,-0.8188169598579407
1771525763766996700,32.72099682617188,4.631583213806152,10.423755645751953,-0.08619125932455063
1771525763776999200,32.73099926757813,3.4536359310150146,10.15560531616211,0.28730419278144836
1771525763787001900,32.741001953125,1.8112136125564575,10.126874923706055,0.2059013396501541
1771525763797004300,32.75100439453125,0.43694180250167847,10.117298126220703,-0.17717093229293823
1771525763807007000,32.76100708007812,-0.30047231912612915,10.146028518676758,-0.790086567401886
1771525763817009400,32.77100952148437,-0.28131869435310364,10.122086524963379,-1.5466543436050415
1771525763827012000,32.78101220703125,0.30286651849746704,10.055048942565918,-2.250549554824829
1771525763837014500,32.7910146484375,1.1264718770980835,9.983222961425781,-2.7246015071868896
1771525763847017000,32.801016845703124,2.3331496715545654,9.82999324798584,-3.1076738834381104
1771525763857019400,32.811019287109374,3.6595373153686523,9.70549488067627,-3.1268274784088135
1771525763887027000,32.84102685546875,5.105635166168213,9.054272651672363,-1.5418659448623657
1771525763897029400,32.851029296875,4.406527996063232,8.747814178466797,-0.8810662031173706
1771525763907032000,32.86103198242188,3.2956185340881348,8.412626266479492,-0.4118026793003082
1771525763917034500,32.87103442382813,2.3714568614959717,8.000823974609375,-0.09576806426048279
1771525763927037000,32.88103686523438,1.6148890256881714,7.656058311462402,0.11013327538967133
1771525763937039600,32.89103955078125,1.049857497215271,7.421426773071289,0.12449848651885986
1771525763947042000,32.9010419921875,0.8870517015457153,7.3017168045043945,0.06703764945268631
1771525763957044500,32.91104443359375,0.7912836670875549,7.2586212158203125,0.11971008777618408
1771525763967047000,32.921046875,0.8774749040603638,7.268198013305664,0.1628057211637497
1771525763977049600,32.931049560546874,1.0546458959579468,7.316082000732422,0.21547815203666687
1771525763987052000,32.941052001953125,1.217451572418213,7.39748477935791,0.14844051003456116
1771525763997054500,32.951054443359375,1.3754688501358032,7.464522361755371,0.06224924325942993
1771525764007057000,32.961056884765625,1.4760253429412842,7.555501937866211,0.20111294090747833
1771525764017059600,32.9710595703125,1.581370234489441,7.694365501403809,0.33518823981285095
1771525764027062000,32.98106201171875,1.7968484163284302,7.861959934234619,0.22026655077934265
1771525764037064400,32.991064453125,1.9979612827301025,8.106168746948242,0.22505496442317963
1771525764047067000,33.00106689453125,1.9979612827301025,8.379107475280762,0.2968810200691223
1771525764057069600,33.01106958007812,1.7633295059204102,8.64246940612793,0.272938996553421
1771525764067072000,33.02107202148437,1.600523829460144,8.886677742004395,0.13407529890537262
1771525764077074400,33.03107446289062,1.600523829460144,9.140463829040527,0.08140286058187485
1771525764087077000,33.0410771484375,1.5909470319747925,9.451709747314453,0.28730419278144836
1771525764097079600,33.05107958984375,1.7202339172363281,9.777320861816406,0.35913026332855225
1771525764107082000,33.06108203125,1.9309237003326416,10.160393714904785,0.29209262132644653
1771525764117084400,33.07108447265625,2.0602104663848877,10.624868392944336,0.35434186458587646
1771525764127087000,33.081087158203125,2.4145524501800537,11.079767227172852,0.2825157940387726
1771525764137089500,33.091089599609376,2.802412986755371,11.515511512756348,0.019153613597154617
1771525764147092000,33.101092041015626,3.051409959793091,11.898584365844727,-0.24420857429504395
1771525764157094400,33.111094482421876,3.118447780609131,12.152369499206543,-0.5410895943641663
1771525764167097000,33.12109716796875,3.094505786895752,12.310386657714844,-0.8379706144332886
1771525764177099500,33.131099609375,2.7018566131591797,12.454038619995117,-1.0055646896362305
1771525764187102000,33.14110205078125,1.8543092012405396,12.612055778503418,-0.7565677165985107
1771525764197104400,33.1511044921875,0.7769184708595276,12.664728164672852,-0.17717093229293823
1771525764207107000,33.16110717773437,0.1735796183347702,12.683881759643555,0.22026655077934265
1771525764217109500,33.17110961914062,0.6236895322799683,12.669516563415527,0.31124621629714966
1771525764227112000,33.18111181640625,2.1990742683410645,12.482769012451172,-0.07182604819536209
1771525764237114600,33.19111450195312,4.090493679046631,12.157157897949219,-0.646434485912323
1771525764247117000,33.201116943359374,5.747281074523926,11.663951873779297,-0.9193734526634216
1771525764257119500,33.211119384765624,7.274781703948975,11.132439613342285,-0.9576807022094727
1771525764267122000,33.221121826171874,7.480683326721191,10.797250747680664,-0.6272808313369751
1771525764277124600,33.23112451171875,5.8191070556640625,10.639233589172363,0.07182604819536209
1771525764287127000,33.241126953125,3.1902737617492676,10.43812084197998,0.28730419278144836
1771525764297129500,33.25112939453125,1.337161660194397,10.28010368347168,-0.047884032130241394
1771525764307132000,33.2611318359375,0.16879121959209442,10.083779335021973,-0.5027823448181152
1771525764317134600,33.27113452148438,-0.1951274424791336,9.825204849243164,-1.0007762908935547
1771525764327137000,33.28113696289063,0.30286651849746704,9.461286544799805,-1.1827356815338135
1771525764337139500,33.29113940429688,1.2844891548156738,9.150040626525879,-0.9050082564353943
1771525764347142000,33.30114184570313,2.1703438758850098,8.896254539489746,-0.6177040338516235
1771525764357144600,33.31114453125,2.8455088138580322,8.556278228759766,-0.40222588181495667
1771525764367147000,33.32114697265625,3.558980941772461,8.158841133117676,-0.26336219906806946
1771525764377149400,33.3311494140625,3.975571870803833,7.8092875480651855,-0.15322890877723694
1771525764387152000,33.34115185546875,3.9228994846343994,7.531559944152832,-0.2825157940387726
1771525764397154600,33.351154541015624,3.6978445053100586,7.3017168045043945,-0.45489832758903503
1771525764407157000,33.361156982421875,3.2620997428894043,7.158064365386963,-0.49799394607543945
1771525764417159400,33.371159423828125,2.7736825942993164,7.023989200592041,-0.6320692300796509
1771525764427162000,33.381162109375,2.5246856212615967,6.9473748207092285,-0.8092401623725891
1771525764437164500,33.39116455078125,2.5246856212615967,6.880337238311768,-0.8858546018600464
1771525764447167000,33.4011669921875,2.5342624187469482,6.83245325088501,-0.9097966551780701
1771525764457169700,33.41116967773438,2.385822057723999,6.813299655914307,-0.9385270476341248
1771525764467172000,33.42117211914063,2.275688648223877,6.7749924659729,-0.9624691009521484
1771525764477174800,33.4311748046875,2.2900538444519043,6.7510504722595215,-0.8667010068893433
1771525764487177200,33.44117724609375,2.3570916652679443,6.789357662200928,-0.7613561153411865
1771525764497180000,33.451179931640624,2.337938070297241,6.856395244598389,-0.507570743560791
1771525764507182300,33.461182373046874,2.3570916652679443,6.937798023223877,-0.3064578175544739
1771525764517185000,33.47118505859375,2.227804660797119,7.052719593048096,-0.10534487664699554
1771525764527187500,33.4811875,2.1128830909729004,7.287351608276367,0.090979665517807
1771525764537190100,33.49119018554688,1.9165585041046143,7.665635108947754,0.31603461503982544
1771525764557195000,33.51119506835938,1.7345991134643555,8.61852741241455,0.38307225704193115
1771525764567197700,33.52119775390625,1.768117904663086,9.087791442871094,0.2059013396501541
1771525764577200000,33.5312001953125,2.0027496814727783,9.494805335998535,0.004788403399288654
1771525764587202800,33.54120288085937,2.385822057723999,9.892242431640625,-0.023942016065120697
1771525764597205200,33.55120532226562,2.5007436275482178,10.304045677185059,0.05746084079146385
1771525764607208000,33.5612080078125,2.3810336589813232,10.648810386657715,0.2106897532939911
1771525764617210400,33.57121044921875,2.146401882171631,10.974422454833984,0.38307225704193115
1771525764627213000,33.581213134765626,2.0266916751861572,11.31918716430664,0.3926490843296051
1771525764637215500,33.59121557617188,2.1511902809143066,11.587337493896484,0.3064578175544739
1771525764647218200,33.60121826171875,2.4432828426361084,11.80760383605957,0.16759411990642548
1771525764657220600,33.611220703125,2.9221231937408447,11.979987144470215,-0.24420857429504395
1771525764667223300,33.62122338867187,3.3195607662200928,12.123639106750488,-0.6129156351089478
1771525764677225700,33.63122583007812,3.5206735134124756,12.219407081604004,-0.6943184733390808
1771525764687228400,33.641228515625,3.271676540374756,12.334328651428223,-0.3926490843296051
1771525764697230800,33.65123095703125,2.404975652694702,12.549806594848633,0.22026655077934265
1771525764707233300,33.6612333984375,1.0833762884140015,12.736554145812988,0.7326257228851318
1771525764717236000,33.671236083984375,0.32680854201316833,12.750919342041016,0.8140285611152649
1771525764727238400,33.68123828125,0.3555389642715454,12.722188949584961,0.7086837291717529
1771525764737241000,33.691240966796876,1.6053122282028198,12.477980613708496,0.07182604819536209
1771525764747243500,33.701243408203126,3.3243491649627686,11.989563941955566,-0.7182605266571045
1771525764757246200,33.71124609375,5.1583075523376465,11.520299911499023,-1.1540051698684692
1771525764767248600,33.72124853515625,5.948394298553467,11.122862815856934,-1.015141487121582
1771525764777251300,33.73125122070312,5.455188751220703,10.749366760253906,-0.44532153010368347
1771525764787253800,33.74125366210937,4.090493679046631,10.414178848266602,-0.1628057211637497
1771525764797256400,33.75125634765625,2.342726469039917,10.198700904846191,-0.3064578175544739
1771525764807259000,33.7612587890625,0.8774749040603638,9.97364616394043,-0.8092401623725891
1771525764817261600,33.771261474609375,0.08259996026754379,9.767744064331055,-1.4987702369689941
1771525764837266400,33.791266357421875,0.3842693865299225,9.327211380004883,-2.1116859912872314
1771525764847268900,33.801268798828126,1.3467384576797485,9.054272651672363,-2.006340980529785
1771525764857271600,33.811271484375,2.2469582557678223,8.872312545776367,-2.10210919380188
1771525764867274000,33.82127392578125,3.089717388153076,8.652046203613281,-1.987187385559082
1771525764877276400,33.8312763671875,3.6834793090820312,8.422203063964844,-1.7525556087493896
1771525764887279000,33.84127905273437,3.8510735034942627,8.144475936889648,-1.4748282432556152
1771525764897281500,33.85128149414062,3.736151695251465,7.948151111602783,-1.139639973640442
1771525764907284000,33.86128393554687,3.597288131713867,7.770980358123779,-0.7182605266571045
1771525764917286400,33.87128637695312,3.1902737617492676,7.632116317749023,-0.45010992884635925
1771525764927289000,33.8812890625,2.582146644592285,7.550713539123535,-0.35434186458587646
1771525764947294000,33.9012939453125,1.5191209316253662,7.402273178100586,-0.4165911078453064
1771525764957296400,33.91129638671875,1.2030863761901855,7.3687543869018555,-0.569819986820221
1771525764967299000,33.921299072265626,1.1456254720687866,7.373542785644531,-0.6799532771110535
1771525764977301500,33.931301513671876,1.1839327812194824,7.421426773071289,-0.8667010068893433
1771525764987304000,33.941303955078126,1.1839327812194824,7.536348342895508,-0.8858546018600464
1771525764997306400,33.95130639648438,1.2078747749328613,7.6081743240356445,-0.7757213711738586
1771525765007309000,33.96130908203125,1.1839327812194824,7.770980358123779,-0.6943184733390808
1771525765017311500,33.9713115234375,1.1887211799621582,7.943362712860107,-0.4596867263317108
1771525765027314000,33.98131396484375,1.380257248878479,8.12053394317627,-0.33997663855552673
1771525765037316400,33.99131640625,1.6962919235229492,8.316858291625977,-0.181959331035614
1771525765047319000,34.00131909179687,1.8495208024978638,8.527547836303711,0.033518824726343155
1771525765057321500,34.01132153320312,1.9548656940460205,8.685564994812012,0.06703764945268631
1771525765067324000,34.02132397460937,2.01232647895813,8.872312545776367,0
1771525765077326600,34.03132666015625,1.9979612827301025,9.106945037841797,-0.21547815203666687
1771525765087329000,34.0413291015625,1.9596540927886963,9.322422981262207,-0.5602431893348694
1771525765097331500,34.05133154296875,1.8638859987258911,9.518747329711914,-0.8475474119186401
1771525765107334000,34.061333984375,1.6867151260375977,9.758167266845703,-0.9911994934082031
1771525765117336600,34.07133666992188,1.3611036539077759,10.107721328735352,-0.9624691009521484
1771525765127339000,34.08133911132813,1.0067617893218994,10.399813652038574,-0.8571242094039917
1771525765137341400,34.09134155273438,1.0450690984725952,10.76852035522461,-0.828393816947937
1771525765147344000,34.10134375,1.2509703636169434,11.108497619628906,-0.8379706144332886
1771525765157346600,34.1113466796875,1.600523829460144,11.41016674041748,-0.8954314589500427
1771525765167349000,34.12134887695313,2.074575662612915,11.644798278808594,-1.0582371950149536
1771525765177351400,34.13135131835938,2.630030632019043,11.836334228515625,-1.3407529592514038
1771525765187353900,34.14135375976562,2.955641984939575,12.047024726867676,-1.5514427423477173
1771525765197356500,34.1513564453125,2.7066450119018555,12.219407081604004,-1.5514427423477173
1771525765207359000,34.16135888671875,1.7154455184936523,12.367847442626953,-1.1492167711257935
1771525765217361400,34.171361328125,0.6332663297653198,12.410943031311035,-0.545877993106842
1771525765227364000,34.181364013671875,0.04908113554120064,12.425308227539062,-0.1628057211637497
1771525765237366500,34.191366455078125,0.44173020124435425,12.353482246398926,-0.3926490843296051
1771525765247369000,34.201368896484375,2.160767078399658,12.003929138183594,-0.9241618514060974
1771525765257371400,34.211371337890625,4.080916881561279,11.529876708984375,-1.4508862495422363
1771525765267374000,34.2213740234375,5.675455093383789,10.955268859863281,-1.723825216293335
1771525765277376500,34.23137646484375,6.83903694152832,10.596138000488281,-1.4317326545715332
1771525765287379000,34.24137890625,7.073668956756592,10.490793228149414,-0.8571242094039917
1771525765297381400,34.25138134765625,5.876567840576172,10.49558162689209,-0.3687070608139038
1771525765307384000,34.26138403320312,3.8558619022369385,10.46206283569336,-0.2298433631658554
1771525765317386500,34.27138647460937,2.165555477142334,10.323199272155762,-0.45489832758903503
1771525765327389000,34.28138891601562,1.035492181777954,10.193912506103516,-0.8140285611152649
1771525765337391400,34.29139135742187,0.5805938839912415,9.873088836669922,-1.2258312702178955
1771525765347394000,34.30139404296875,1.0307037830352783,9.480440139770508,-1.5658079385757446
1771525765357396500,34.311396484375,1.9165585041046143,9.116521835327148,-1.479616641998291
1771525765367399000,34.32139892578125,2.5965118408203125,8.781332969665527,-1.2737152576446533
1771525765377401600,34.331401611328126,3.0561983585357666,8.436568260192871,-0.9145850539207458
1771525765387404000,34.341404052734376,3.2525229454040527,8.058284759521484,-0.5746083855628967
1771525765397406500,34.351406494140626,3.204638957977295,7.680000305175781,-0.29209262132644653
1771525765407409000,34.361408935546876,3.003525972366333,7.330447196960449,-0.1628057211637497
1771525765417411600,34.37141162109375,2.5773582458496094,7.071873188018799,-0.17717093229293823
1771525765427414000,34.3814140625,2.103306293487549,6.942586421966553,-0.22026655077934265
1771525765437416400,34.39141650390625,1.8255788087844849,6.798934459686279,-0.19632454216480255
1771525765447419000,34.4014189453125,1.9309237003326416,6.73189640045166,-0.29209262132644653
1771525765457421600,34.41142163085937,2.0937294960021973,6.7510504722595215,-0.3256114423274994
1771525765467424000,34.42142407226562,2.1559786796569824,6.827664852142334,-0.31603461503982544
1771525765477426400,34.43142651367187,2.213439464569092,6.952163219451904,-0.3974374830722809
1771525765487428900,34.44142895507812,2.256535053253174,7.095815181732178,-0.4692635238170624
1771525765497431600,34.451431640625,2.36188006401062,7.215525150299072,-0.4213795065879822
1771525765507434000,34.46143408203125,2.5007436275482178,7.340023994445801,-0.35434186458587646
1771525765517436400,34.4714365234375,2.6156654357910156,7.48846435546875,-0.2777273952960968
1771525765527439000,34.481439208984376,2.6204538345336914,7.622539520263672,-0.10534487664699554
1771525765537441500,34.49144165039063,2.476801633834839,7.785345554351807,-0.05267243832349777
1771525765547444000,34.50144384765625,2.29484224319458,8.02955436706543,-0.028730420395731926
1771525765557446400,34.5114462890625,2.299630641937256,8.316858291625977,-0.090979665517807
1771525765567449000,34.52144897460938,2.1368250846862793,8.719083786010742,-0.20111294090747833
1771525765577451500,34.53145141601563,2.1703438758850098,9.063849449157715,-0.33997663855552673
1771525765587454000,34.54145385742188,2.366668462753296,9.413402557373047,-0.4357447028160095
1771525765597456400,34.55145629882813,2.6348190307617188,9.791686058044434,-0.3878606855869293
1771525765607459000,34.561458984375,2.759317398071289,10.150816917419434,-0.21547815203666687
1771525765617461500,34.57146142578125,2.855085611343384,10.567407608032227,-0.12928688526153564
1771525765627464000,34.5814638671875,2.7545289993286133,10.964845657348633,-0.10055647045373917
1771525765647469000,34.601468994140625,2.4672248363494873,11.721412658691406,-0.2346317619085312
1771525765657471700,34.6114716796875,2.495955228805542,11.932103157043457,-0.47884035110473633
1771525765667474200,34.62147412109375,2.7928361892700195,12.027871131896973,-0.6655880808830261
1771525765677476900,34.63147680664063,2.912546396255493,12.094908714294434,-0.6368576288223267
1771525765687479300,34.64147924804688,2.869450807571411,12.157157897949219,-0.4596867263317108
1771525765697481700,34.65148168945313,2.6587610244750977,12.276867866516113,-0.35434186458587646
1771525765707484400,34.661484375,2.2852654457092285,12.377424240112305,-0.11971008777618408
1771525765717486800,34.67148681640625,1.413776159286499,12.535441398620605,0.05746084079146385
1771525765727489500,34.68148950195312,0.6236895322799683,12.612055778503418,0.004788403399288654
1771525765737492000,34.691491943359374,0.8152256608009338,12.47319221496582,-0.4596867263317108
1771525765747494700,34.70149462890625,1.7106571197509766,12.214618682861328,-1.0965443849563599
1771525765757497000,34.7114970703125,2.8598740100860596,11.802815437316895,-1.7190368175506592
1771525765767499800,34.72149975585938,4.200626850128174,11.156381607055664,-2.2361843585968018
1771525765777502200,34.73150219726563,4.875791549682617,10.644021987915039,-2.140416383743286
1771525765787505000,34.7415048828125,4.320336818695068,10.289680480957031,-1.316810965538025
1771525765797507300,34.75150732421875,2.98437237739563,9.978434562683105,-0.5841852426528931
1771525765817512400,34.77151245117187,0.27892449498176575,9.710283279418945,-0.3734954595565796
1771525765827515100,34.78151513671875,-0.36750996112823486,9.547477722167969,-0.933738648891449
1771525765837517600,34.791517578125,-0.3196259140968323,9.384672164916992,-1.3311761617660522
1771525765847520000,34.80152001953125,0.3411737382411957,9.260173797607422,-1.699883222579956
1771525765857522700,34.811522705078126,1.337161660194397,9.111733436584473,-2.006340980529785
1771525765877527800,34.83152783203125,2.898181200027466,8.89146614074707,-1.623268723487854
1771525765887530200,34.8415302734375,3.4967315196990967,8.714295387268066,-1.3263877630233765
1771525765897533000,34.85153295898437,3.884592294692993,8.513182640075684,-1.0295066833496094
1771525765907535400,34.86153540039062,3.7888240814208984,8.326435089111328,-0.8379706144332886
1771525765917538000,34.8715380859375,3.4296939373016357,8.110957145690918,-0.5554547905921936
1771525765927540500,34.88154052734375,2.9077579975128174,7.938574314117432,-0.28730419278144836
1771525765937543200,34.891543212890625,2.385822057723999,7.751826763153076,-0.16759411990642548
1771525765947545600,34.901545654296875,1.988384485244751,7.574655532836914,-0.12928688526153564
1771525765957548300,34.91154833984375,1.7298107147216797,7.435791969299316,-0.12449848651885986
1771525765967550700,34.92155078125,1.5047557353973389,7.344812393188477,-0.17238251864910126
1771525765977553200,34.93155322265625,1.456871747970581,7.287351608276367,-0.3208230137825012
1771525765997558300,34.95155834960938,1.0833762884140015,7.3017168045043945,-0.5171475410461426
1771525766007560700,34.96156079101563,0.6715735793113708,7.383119583129883,-0.6655880808830261
1771525766017563100,34.97156323242187,0.48961424827575684,7.48846435546875,-0.5937620401382446
1771525766027565800,34.98156591796875,0.4465186297893524,7.622539520263672,-0.5027823448181152
1771525766037568300,34.991568359375,0.5518634915351868,7.770980358123779,-0.47405192255973816
1771525766047570700,35.00157080078125,0.6715735793113708,7.933785915374756,-0.5123591423034668
1771525766057573000,35.01157299804687,1.0402805805206299,8.101380348205566,-0.4165911078453064
1771525766067575800,35.021575927734375,1.2988544702529907,8.33601188659668,-0.3064578175544739
1771525766077578200,35.031578125,1.4856021404266357,8.613739013671875,-0.33518823981285095
1771525766087580700,35.04158056640625,1.5765818357467651,8.939350128173828,-0.4405331015586853
1771525766097583000,35.0515830078125,1.581370234489441,9.25059700012207,-0.545877993106842
1771525766107585800,35.061585693359376,1.5526398420333862,9.619303703308105,-0.6033388376235962
1771525766117588200,35.071588134765626,1.4185645580291748,9.968857765197754,-0.5267243981361389
1771525766127590700,35.08159057617188,1.4712369441986084,10.308834075927734,-0.4165911078453064
1771525766137593000,35.09159301757813,1.6531962156295776,10.701482772827148,-0.3974374830722809
1771525766147595800,35.101595703125,2.074575662612915,11.031883239746094,-0.5315127968788147
1771525766157598200,35.11159814453125,2.625242233276367,11.37664794921875,-0.7661445140838623
1771525766167600600,35.1216005859375,3.247734546661377,11.687893867492676,-0.9289502501487732
1771525766177603000,35.13160302734375,3.578134536743164,11.975198745727539,-1.0869675874710083
1771525766187605800,35.14160571289062,3.578134536743164,12.205041885375977,-1.3215993642807007
1771525766197608200,35.15160815429687,3.2381577491760254,12.425308227539062,-1.5179238319396973
1771525766207610600,35.161610595703124,2.366668462753296,12.645574569702148,-1.2306196689605713
1771525766217613300,35.17161328125,1.159990668296814,12.741342544555664,-0.6320692300796509
1771525766227615700,35.18161572265625,0.4465186297893524,12.71261215209961,-0.1628057211637497
1771525766237618200,35.1916181640625,0.9349357485771179,12.645574569702148,-0.2346317619085312
1771525766247620600,35.20162060546875,2.8119897842407227,12.40615463256836,-0.8858546018600464
1771525766257623300,35.21162329101563,4.760869979858398,11.956045150756836,-1.1013327836990356
1771525766267625700,35.22162573242188,6.288370609283447,11.419743537902832,-0.9959878921508789
1771525766277628200,35.23162817382813,7.169436931610107,11.007941246032715,-0.6272808313369751
1771525766287630600,35.24163061523438,6.915651798248291,10.806827545166016,0.08140286058187485
1771525766297633300,35.25163330078125,5.383362293243408,10.701482772827148,0.646434485912323
1771525766307635700,35.2616357421875,3.051409959793091,10.56261920928955,0.7709329724311829
1771525766317638100,35.27163818359375,1.313219666481018,10.447697639465332,0.19632454216480255
1771525766327640600,35.281640625,0.27413609623908997,10.251373291015625,-0.5602431893348694
1771525766337643300,35.291643310546874,0.010773907415568829,9.997588157653809,-1.2641384601593018
1771525766347645700,35.301645751953124,0.4082113802433014,9.68155288696289,-1.580173134803772
1771525766357648100,35.311648193359375,1.1552022695541382,9.37509536743164,-1.5658079385757446
1771525766367650800,35.32165087890625,1.964442491531372,9.087791442871094,-1.1635819673538208
1771525766377653200,35.3316533203125,2.7736825942993164,8.757390975952148,-0.6033388376235962
1771525766387655700,35.34165576171875,3.645172119140625,8.441356658935547,-0.3016694188117981
1771525766397658000,35.351658203125,4.282029628753662,8.106168746948242,-0.14365209639072418
1771525766407660800,35.36166088867188,4.420893669128418,7.742249965667725,-0.004788403399288654
1771525766417663200,35.37166333007813,3.8319199085235596,7.474099159240723,-0.004788403399288654
1771525766427665700,35.38166577148438,2.960430383682251,7.17242956161499,-0.3016694188117981
1771525766437668000,35.39166821289062,2.3283610343933105,6.961740016937256,-0.5506663918495178
1771525766447670800,35.4016708984375,1.8303672075271606,6.83245325088501,-0.6512228846549988
1771525766457673200,35.41167309570312,1.5478514432907104,6.736684799194336,-0.5793967843055725
1771525766467675600,35.42167553710937,1.4664485454559326,6.612186431884766,-0.43095630407333374
1771525766477678000,35.43167797851562,1.5191209316253662,6.578667640686035,-0.3734954595565796
1771525766487680800,35.4416806640625,1.5909470319747925,6.612186431884766,-0.20111294090747833
1771525766497683200,35.45168310546875,1.6388310194015503,6.650493621826172,-0.009576806798577309
1771525766507685600,35.461685546875,1.7824832201004028,6.727108001708984,0.10055647045373917
1771525766517688300,35.471688232421876,2.0027496814727783,6.899490833282471,0.4213795065879822
1771525766527690800,35.481690673828126,2.0649988651275635,7.162852764129639,0.5410895943641663
1771525766537693200,35.491693115234376,2.3953988552093506,7.4118499755859375,0.6033388376235962
1771525766547695600,35.50169555664063,2.582146644592285,7.7661919593811035,0.6129156351089478
1771525766557698300,35.5116982421875,2.5965118408203125,8.225878715515137,0.47405192255973816
1771525766567700700,35.52170068359375,2.6348190307617188,8.656834602355957,0.2585737705230713
1771525766577703200,35.531703125,2.7736825942993164,9.173982620239258,-0.033518824726343155
1771525766587705600,35.54170556640625,2.8119897842407227,9.633668899536133,-0.31603461503982544
1771525766597708300,35.55170825195312,2.9269115924835205,10.059837341308594,-0.6847416758537292
1771525766607710700,35.56171069335937,3.0801405906677246,10.414178848266602,-1.0199298858642578
1771525766617713200,35.57171313476562,2.8790276050567627,10.792462348937988,-1.1300631761550903
1771525766627715600,35.581715576171874,2.562992811203003,11.16117000579834,-1.039083480834961
1771525766647720700,35.601720703125,2.3570916652679443,11.802815437316895,-0.5315127968788147
1771525766657723100,35.61172314453125,2.2182278633117676,12.066178321838379,-0.37828385829925537
1771525766667725800,35.62172583007813,2.2038626670837402,12.252925872802734,-0.3878606855869293
1771525766677728300,35.63172827148438,2.160767078399658,12.353482246398926,-0.272938996553421
1771525766687730700,35.64173071289063,2.098517894744873,12.463615417480469,-0.17238251864910126
1771525766697733000,35.65173315429688,1.820790410041809,12.760496139526367,-0.014365210197865963
1771525766707735800,35.66173583984375,1.456871747970581,13.090896606445312,0.24420857429504395
1771525766717738200,35.67173828125,1.2318167686462402,13.268067359924316,0.5793967843055725
1771525766727740700,35.68174072265625,1.456871747970581,13.330316543579102,0.4405331015586853
1771525766737743000,35.6917431640625,2.697068214416504,12.999917030334473,-0.2825157940387726
1771525766747745800,35.701745849609374,4.674678802490234,12.310386657714844,-0.9528923034667969
1771525766757748200,35.711748291015624,6.187814235687256,11.481992721557617,-1.2976573705673218
1771525766767750700,35.721750732421874,6.475118637084961,10.830769538879395,-1.3024457693099976
1771525766777753000,35.731753173828125,5.574898719787598,10.323199272155762,-0.9481038451194763
1771525766787755800,35.741755859375,3.597288131713867,10.011953353881836,-0.3926490843296051
1771525766797758200,35.75175830078125,1.2557587623596191,9.801262855529785,-0.15801730751991272
1771525766807760600,35.7617607421875,-0.7026981711387634,9.671976089477539,-0.26336219906806946
1771525766817763000,35.77176318359375,-2.120065689086914,9.542689323425293,-0.7134721279144287
1771525766827765800,35.78176586914063,-2.4887726306915283,9.39903736114502,-1.4173674583435059
1771525766837768200,35.79176831054688,-1.9572598934173584,9.30805778503418,-2.1930887699127197
1771525766847770600,35.8017705078125,-0.8607155084609985,9.063849449157715,-2.695871114730835
1771525766857773300,35.81177319335937,0.3555389642715454,8.838793754577637,-2.9065608978271484
1771525766867775700,35.82177563476562,1.413776159286499,8.714295387268066,-2.647987127304077
1771525766877778200,35.83177807617187,2.5725696086883545,8.594585418701172,-2.0877439975738525
1771525766887780600,35.84178051757812,3.6308069229125977,8.46051025390625,-1.7525556087493896
1771525766897783300,35.851783203125,4.349067211151123,8.326435089111328,-1.3646949529647827
1771525766907785700,35.86178564453125,4.4975080490112305,8.154052734375,-0.8906430602073669
1771525766917788200,35.8717880859375,4.171896457672119,8.000823974609375,-0.5793967843055725
1771525766927790600,35.88179052734375,3.7265748977661133,7.7661919593811035,-0.4692635238170624
1771525766937793300,35.891793212890626,3.2620997428894043,7.574655532836914,-0.5602431893348694
1771525766947795700,35.901795654296876,2.697068214416504,7.459733963012695,-0.5027823448181152
1771525766957798100,35.911798095703126,2.0458452701568604,7.320870399475098,-0.363918662071228
1771525766967800600,35.92180053710938,1.523909330368042,7.244256019592285,-0.4596867263317108
1771525766977803300,35.93180322265625,1.2749123573303223,7.30650520324707,-0.5123591423034668
1771525766987805700,35.9418056640625,1.116895079612732,7.244256019592285,-0.5937620401382446
1771525766997808000,35.95180810546875,0.9014169573783875,7.440580368041992,-0.37828385829925537
1771525767007810800,35.96181079101562,0.8439561128616333,7.526771545410156,-0.569819986820221
1771525767017813200,35.97181323242187,1.1264718770980835,7.641693115234375,-0.7326257228851318
1771525767027815700,35.98181567382812,1.3180080652236938,7.818864345550537,-0.6512228846549988
1771525767037818000,35.99181811523437,1.2318167686462402,8.058284759521484,-0.5410895943641663
1771525767047820800,36.00182080078125,1.3515268564224243,8.283339500427246,-0.545877993106842
1771525767057823200,36.0118232421875,1.624465823173523,8.55148983001709,-0.5123591423034668
1771525767067825700,36.02182568359375,1.7872716188430786,8.781332969665527,-0.5746083855628967
1771525767077828000,36.031828125,2.0219032764434814,9.039907455444336,-0.6751648783683777
1771525767087830800,36.04183081054688,2.256535053253174,9.279327392578125,-0.751779317855835
1771525767097833200,36.05183325195313,2.385822057723999,9.456498146057129,-0.7086837291717529
1771525767107835600,36.06183569335938,2.342726469039917,9.600150108337402,-0.5746083855628967
1771525767117838000,36.07183813476563,1.9979612827301025,9.753378868103027,-0.40222588181495667
1771525767127840800,36.0818408203125,1.6484078168869019,9.964069366455078,-0.3256114423274994
1771525767137843200,36.09184326171875,1.413776159286499,10.213066101074219,-0.31124621629714966
1771525767147845600,36.101845703125,1.337161660194397,10.548254013061523,-0.3495534360408783
1771525767157848300,36.11184838867187,1.4089876413345337,10.902595520019531,-0.2825157940387726
1771525767167850800,36.121850830078124,1.7585411071777344,11.180323600769043,-0.19632454216480255
1771525767177853200,36.131853271484374,2.3714568614959717,11.352705955505371,-0.033518824726343155
1771525767187855600,36.141855712890624,2.898181200027466,11.5250883102417,0.15801730751991272
1771525767197858300,36.1518583984375,3.228580951690674,11.616067886352539,0.1388636976480484
1771525767207860700,36.16186083984375,3.357867956161499,11.673528671264648,0.038307227194309235
1771525767217863400,36.17186352539063,3.0370447635650635,11.802815437316895,0.05746084079146385
1771525767227865900,36.18186596679688,2.036268472671509,12.013505935668945,0.38307225704193115
1771525767237868500,36.19186865234375,0.6619967818260193,12.243349075317383,0.9720458984375
1771525767247871000,36.20187109375,-0.16160862147808075,12.410943031311035,1.192312479019165
1771525767257873700,36.21187377929687,0.0011971008498221636,12.501922607421875,0.9911994934082031
1771525767287881200,36.241881103515624,5.957971096038818,11.362282752990723,-0.7422025203704834
1771525767297883600,36.251883544921874,7.849390506744385,10.825981140136719,-1.048660397529602
1771525767307886300,36.26188623046875,8.218097686767578,10.481216430664062,-0.646434485912323
1771525767317888800,36.271888671875,6.819883346557617,10.323199272155762,0.023942016065120697
1771525767327891500,36.28189135742188,4.262876033782959,10.24658489227295,0.20111294090747833
1771525767337894000,36.29189379882813,2.213439464569092,10.294468879699707,-0.22026655077934265
1771525767347896600,36.301896484375,0.6763619780540466,10.304045677185059,-0.8092401623725891
1771525767357899000,36.31189892578125,0.02513911761343479,10.198700904846191,-1.6950948238372803
1771525767367901700,36.32190161132812,0.2406172752380371,9.983222961425781,-2.2218191623687744
1771525767377904000,36.33190405273437,1.0259153842926025,9.700706481933594,-2.274491548538208
1771525767387906800,36.34190673828125,1.8351556062698364,9.475651741027832,-1.9823989868164062
1771525767397909200,36.3519091796875,2.433706045150757,9.21707820892334,-1.278503656387329
1771525767407912000,36.361911865234376,3.022679567337036,9.006388664245605,-0.5793967843055725
1771525767417914400,36.371914306640626,3.491943120956421,8.728660583496094,-0.12449848651885986
1771525767427917000,36.3819169921875,3.8750154972076416,8.436568260192871,0.22026655077934265
1771525767437919500,36.39191943359375,3.994725465774536,8.09659194946289,0.3926490843296051
1771525767447922200,36.40192211914062,3.7409400939941406,7.847594738006592,0.20111294090747833
1771525767457924600,36.41192456054687,3.290830135345459,7.67042350769043,-0.09576806426048279
1771525767467927000,36.42192700195312,2.7257986068725586,7.48846435546875,-0.26815059781074524
1771525767477929700,36.4319296875,2.3235726356506348,7.378331184387207,-0.363918662071228
1771525767487932200,36.44193212890625,2.01232647895813,7.277774810791016,-0.43095630407333374
1771525767497934600,36.4519345703125,1.9835960865020752,7.30650520324707,-0.507570743560791
1771525767507937300,36.461937255859375,2.2182278633117676,7.249044418334961,-0.5219359993934631
1771525767517939700,36.471939697265626,2.5007436275482178,7.282563209533691,-0.47405192255973816
1771525767527942100,36.481942138671876,2.802412986755371,7.3017168045043945,-0.4213795065879822
1771525767537944800,36.49194482421875,2.874239206314087,7.325658798217773,-0.40222588181495667
1771525767547947300,36.501947265625,2.850297212600708,7.3687543869018555,-0.4644751250743866
1771525767557949700,36.51194970703125,2.9029695987701416,7.392696380615234,-0.43095630407333374
1771525767567952100,36.5219521484375,2.9221231937408447,7.387907981872559,-0.31603461503982544
1771525767577954800,36.53195483398437,2.673126220703125,7.555501937866211,-0.12449848651885986
1771525767587957200,36.54195727539062,2.3235726356506348,7.694365501403809,0.16759411990642548
1771525767597959700,36.55195971679687,2.036268472671509,7.933785915374756,0.45010992884635925
1771525767607962000,36.56196215820312,1.7393875122070312,8.177994728088379,0.545877993106842
1771525767617964800,36.57196484375,1.5047557353973389,8.474875450134277,0.3974374830722809
1771525767627967200,36.58196728515625,1.3754688501358032,8.814851760864258,0.24420857429504395
1771525767647972000,36.60197216796875,1.5430630445480347,9.518747329711914,0.07182604819536209
1771525767657974800,36.611974853515626,1.7633295059204102,9.839570045471191,0.05746084079146385
1771525767667977200,36.62197729492188,2.0027496814727783,10.136451721191406,0.11971008777618408
1771525767677979600,36.63197973632813,2.404975652694702,10.337564468383789,0.1867477297782898
1771525767687982000,36.64198217773438,2.6156654357910156,10.557830810546875,0.22026655077934265
1771525767697984800,36.65198486328125,2.9891607761383057,10.76852035522461,0.17238251864910126
1771525767707987200,36.6619873046875,3.199850559234619,10.902595520019531,0.24420857429504395
1771525767717989600,36.67198974609375,3.3482911586761475,11.003152847290039,0.35434186458587646
1771525767727992300,36.68199243164062,3.405751943588257,11.027094841003418,0.5363011956214905
1771525767737994800,36.69199487304687,3.530250310897827,11.10370922088623,0.4884171485900879
1771525767747997200,36.7019970703125,3.4392707347869873,11.151593208312988,0.6799532771110535
1771525767757999600,36.71199951171875,3.290830135345459,11.21863079071045,0.7948749661445618
1771525767768002300,36.722002197265624,2.8598740100860596,11.357494354248047,0.8475474119186401
1771525767778004700,36.732004638671874,2.0649988651275635,11.50114631652832,0.9576807022094727
1771525767788007200,36.742007080078125,1.3323732614517212,11.572972297668457,0.8906430602073669
1771525767798009600,36.752009521484375,1.0067617893218994,11.520299911499023,0.646434485912323
1771525767808012300,36.76201220703125,1.2413935661315918,11.31918716430664,0.20111294090747833
1771525767818014700,36.7720146484375,1.8112136125564575,11.156381607055664,-0.4118026793003082
1771525767828017200,36.78201708984375,2.5486276149749756,10.888230323791504,-0.7134721279144287
1771525767838019600,36.79201953125,2.7066450119018555,10.5530424118042,-0.4692635238170624
1771525767848022300,36.80202221679688,2.740163803100586,10.500370025634766,-0.3687070608139038
1771525767858024700,36.81202465820313,2.4672248363494873,10.265738487243652,-0.4118026793003082
1771525767878029800,36.83202978515625,1.7537527084350586,10.428544044494629,-0.2825157940387726
1771525767888032300,36.8420322265625,1.337161660194397,10.260950088500977,-0.4692635238170624
1771525767898034700,36.85203466796875,1.3180080652236938,10.059837341308594,-0.7326257228851318
1771525767908037000,36.862037109375,1.7345991134643555,10.18912410736084,-1.3934253454208374
1771525767918039800,36.872039794921875,1.8830395936965942,10.486004829406738,-1.9919757843017578
1771525767928042200,36.882042236328125,2.1080946922302246,10.476428031921387,-2.3702597618103027
1771525767938044700,36.892044677734376,2.9508535861968994,10.069414138793945,-2.408566951751709
1771525767948047000,36.902047119140626,3.4344823360443115,9.901819229125977,-2.451662540435791
1771525767958049800,36.9120498046875,3.999513864517212,9.873088836669922,-2.4420857429504395
1771525767968052200,36.92205224609375,4.928464412689209,9.542689323425293,-2.0207061767578125
1771525767978054700,36.9320546875,5.349843502044678,9.456498146057129,-1.5658079385757446
1771525767988057000,36.94205712890625,5.608417510986328,9.418190956115723,-1.2306196689605713
1771525767998059800,36.95205981445312,5.685031890869141,9.231443405151367,-0.6320692300796509
1771525768008062200,36.96206225585937,5.694608688354492,8.934561729431152,0.090979665517807
1771525768018064600,36.97206469726562,5.052962779998779,8.70950698852539,0.49320554733276367
1771525768028067300,36.9820673828125,4.454412460327148,8.652046203613281,0.42616790533065796
1771525768038069800,36.99206982421875,3.7840356826782227,8.398261070251465,0.19632454216480255
1771525768048072200,37.002072265625,3.1040825843811035,8.225878715515137,-0.1388636976480484
1771525768058074600,37.01207470703125,2.45285964012146,8.158841133117676,-0.507570743560791
1771525768068077300,37.022077392578126,1.9261353015899658,7.9864583015441895,-0.8619126081466675
1771525768078079700,37.032079833984376,1.5430630445480347,8.019977569580078,-1.3024457693099976
1771525768088082200,37.04208227539063,1.2030863761901855,8.101380348205566,-1.41257905960083
1771525768098084600,37.05208471679688,1.0067617893218994,7.938574314117432,-1.316810965538025
1771525768108087300,37.06208740234375,1.0833762884140015,8.02955436706543,-1.3646949529647827
1771525768118089700,37.07208984375,1.4329297542572021,8.058284759521484,-1.3838485479354858
1771525768128092200,37.08209204101563,1.8926163911819458,8.02955436706543,-1.2737152576446533
1771525768138094600,37.09209448242188,2.2661118507385254,8.091803550720215,-1.0199298858642578
1771525768148097300,37.10209716796875,2.721010208129883,8.230667114257812,-0.871489405632019
1771525768158099700,37.112099609375,3.070563793182373,8.489240646362305,-0.7709329724311829
1771525768168102100,37.12210205078125,3.1902737617492676,8.637681007385254,-0.7038952708244324
1771525768178104800,37.132104736328124,3.2094273567199707,8.881889343261719,-0.7086837291717529
1771525768188107300,37.142107177734374,3.0561983585357666,9.087791442871094,-0.6703764796257019
1771525768198109700,37.152109619140624,3.051409959793091,9.193136215209961,-0.7613561153411865
1771525768208112000,37.162112060546875,3.33392596244812,9.264962196350098,-0.9289502501487732
1771525768218114800,37.17211474609375,3.535038709640503,9.37509536743164,-0.9911994934082031
1771525768228117200,37.1821171875,3.5398271083831787,9.533112525939941,-1.015141487121582
1771525768238119700,37.19211962890625,3.309983968734741,9.676764488220215,-1.0582371950149536
1771525768248122000,37.2021220703125,3.0849289894104004,9.786897659301758,-1.192312479019165
1771525768258124800,37.21212475585938,2.8790276050567627,9.964069366455078,-1.292868971824646
1771525768268127200,37.22212719726563,2.7114334106445312,10.213066101074219,-1.4508862495422363
1771525768278129700,37.23212963867188,2.653972625732422,10.165182113647461,-1.599326729774475
1771525768288132000,37.24213208007812,2.740163803100586,10.361506462097168,-1.6950948238372803
1771525768298134800,37.252134765625,2.9316999912261963,10.395025253295898,-1.5514427423477173
1771525768308137200,37.26213720703125,3.1471781730651855,10.308834075927734,-1.3120225667953491
1771525768318139600,37.2721396484375,3.1471781730651855,10.442909240722656,-1.0773907899856567
1771525768328142300,37.282142333984375,2.9939491748809814,10.385448455810547,-0.6703764796257019
1771525768338144800,37.292144775390625,2.8886044025421143,10.457274436950684,-0.3447650372982025
1771525768348147200,37.302147216796875,2.6827030181884766,10.514735221862793,0.009576806798577309
1771525768358149600,37.312149658203126,2.61087703704834,10.466851234436035,0.2537853717803955
1771525768368152300,37.32215234375,2.7066450119018555,10.318410873413086,0.33039984107017517
1771525768378154800,37.33215478515625,2.8215668201446533,10.213066101074219,0.2537853717803955
1771525768388157200,37.3421572265625,3.089717388153076,10.04068374633789,0.22505496442317963
1771525768398159600,37.35215966796875,3.204638957977295,9.77253246307373,0.12928688526153564
1771525768408162300,37.36216235351562,3.3004069328308105,9.59057331085205,-0.05746084079146385
1771525768418164700,37.37216479492187,3.362656354904175,9.461286544799805,-0.12928688526153564
1771525768428167200,37.38216723632812,3.3913867473602295,9.317634582519531,-0.14844051003456116
1771525768438169600,37.39216967773437,3.3961751461029053,9.197924613952637,-0.1867477297782898
1771525768448172300,37.40217236328125,3.400963544845581,9.1260986328125,-0.2106897532939911
1771525768458174700,37.4121748046875,3.2812533378601074,9.044695854187012,-0.31124621629714966
1771525768468177200,37.42217724609375,3.0178911685943604,9.06863784790039,-0.4884171485900879
1771525768478179600,37.4321796875,2.778470993041992,9.09257984161377,-0.6368576288223267
1771525768488182300,37.442182373046876,2.6443958282470703,9.106945037841797,-0.8523358106613159
1771525768498184700,37.452184814453126,2.6204538345336914,9.039907455444336,-1.1252747774124146
1771525768508187100,37.46218725585938,2.855085611343384,8.958504676818848,-1.3072341680526733
1771525768518189800,37.47218994140625,3.180696964263916,8.848370552062988,-1.3694833517074585
1771525768528192300,37.48219213867188,3.487154722213745,8.795698165893555,-1.41257905960083
1771525768538194700,37.49219458007813,3.6834793090820312,8.795698165893555,-1.37906014919281
1771525768548197000,37.50219702148438,3.846285104751587,8.723872184753418,-1.316810965538025
1771525768558199800,37.51219970703125,3.999513864517212,8.776544570922852,-1.158793568611145
1771525768568202200,37.5222021484375,4.080916881561279,8.728660583496094,-0.9816226959228516
1771525768578204700,37.53220458984375,4.037821292877197,8.719083786010742,-0.828393816947937
1771525768588207000,37.54220703125,3.870227098464966,8.738237380981445,-0.7182605266571045
1771525768598209800,37.552209716796874,3.7026329040527344,8.714295387268066,-0.7038952708244324
1771525768608212200,37.562212158203124,3.6068649291992188,8.690353393554688,-0.646434485912323
1771525768618214700,37.572214599609374,3.6547489166259766,8.67598819732666,-0.6655880808830261
1771525768628217000,37.582217041015625,3.736151695251465,8.666411399841309,-0.7326257228851318
1771525768648222200,37.60222216796875,3.5206735134124756,8.810063362121582,-0.7086837291717529
1771525768658224600,37.612224609375,3.156754970550537,8.948927879333496,-0.6799532771110535
1771525768668227300,37.62222729492188,2.98437237739563,8.996811866760254,-0.646434485912323
1771525768678229800,37.63222973632813,2.740163803100586,9.1260986328125,-0.646434485912323
1771525768688232200,37.64223217773438,2.625242233276367,9.264962196350098,-0.7038952708244324
1771525768698234600,37.65223461914063,2.6396074295043945,9.327211380004883,-0.7469909191131592
1771525768708237300,37.6622373046875,2.625242233276367,9.470863342285156,-0.7996633648872375
1771525768718239700,37.67223974609375,2.5486276149749756,9.68155288696289,-0.9528923034667969
1771525768728242200,37.6822421875,2.606088638305664,9.61451530456543,-1.1204863786697388
1771525768738244600,37.69224462890625,2.539050817489624,9.858723640441895,-1.1827356815338135
1771525768748247300,37.702247314453125,2.472013235092163,9.906607627868652,-1.1875240802764893
1771525768758249700,37.712249755859375,2.697068214416504,9.892242431640625,-1.3072341680526733
1771525768768252200,37.722252197265625,2.9747955799102783,9.839570045471191,-1.3646949529647827
1771525768778254600,37.732254638671876,3.4153287410736084,9.719860076904297,-1.5658079385757446
1771525768788257300,37.74225732421875,3.58292293548584,9.662399291992188,-1.5083470344543457
1771525768798259700,37.752259765625,3.688267707824707,9.533112525939941,-1.235408067703247
1771525768808262100,37.76226220703125,3.86543869972229,9.298480987548828,-1.0965443849563599
1771525768818264800,37.77226489257812,3.8127663135528564,9.178771018981934,-0.9720458984375
1771525768828267300,37.78226733398437,3.803189516067505,9.154829025268555,-0.9864110946655273
1771525768838269700,37.79226977539062,3.511096715927124,9.25059700012207,-0.933738648891449
1771525768848272100,37.80227221679687,3.3722331523895264,9.015965461730957,-0.2825157940387726
1771525768858274800,37.81227490234375,3.0992941856384277,9.154829025268555,-0.06224924325942993
1771525768868277200,37.82227734375,2.6874914169311523,9.21707820892334,0.1867477297782898
1771525768878279700,37.83227978515625,2.558204412460327,9.15961742401123,0.3926490843296051
1771525768888282000,37.8422822265625,2.4001872539520264,9.202713012695312,0.3974374830722809
1771525768898284800,37.852284912109376,2.213439464569092,9.34157657623291,0.2777273952960968
1771525768908287200,37.862287353515626,2.2038626670837402,9.43255615234375,-0.014365210197865963
1771525768918289700,37.87228955078125,2.165555477142334,9.513958930969238,-0.363918662071228
1771525768928292000,37.8822919921875,2.050633668899536,9.566631317138672,-0.6320692300796509
1771525768938294800,37.89229467773438,2.2661118507385254,9.537900924682617,-0.8331822156906128
1771525768948297200,37.90229711914063,2.606088638305664,9.499593734741211,-1.0678139925003052
1771525768958299600,37.91229956054688,2.7497406005859375,9.504382133483887,-1.1492167711257935
1771525768968302000,37.92230200195313,2.8598740100860596,9.46607494354248,-1.072602391242981
1771525768978304800,37.9323046875,3.003525972366333,9.403825759887695,-0.727837324142456
1771525768988307200,37.94230712890625,3.0418331623077393,9.422979354858398,-0.363918662071228
1771525768998309600,37.9523095703125,3.161543369293213,9.461286544799805,-0.11013327538967133
1771525769008312300,37.96231225585937,3.3195607662200928,9.437344551086426,-0.028730420395731926
1771525769018314800,37.972314697265624,3.4823663234710693,9.46607494354248,-0.363918662071228
1771525769028317200,37.982317138671874,3.578134536743164,9.638457298278809,-0.8858546018600464
1771525769038319600,37.992319580078124,3.578134536743164,9.739013671875,-1.015141487121582
1771525769048322300,38.002322265625,3.223792552947998,9.657610893249512,-0.871489405632019
1771525769058324700,38.01232470703125,2.8407204151153564,9.686341285705566,-0.9576807022094727
1771525769068327200,38.0223271484375,2.6013002395629883,9.64803409576416,-1.1252747774124146
1771525769078329600,38.03232958984375,2.366668462753296,9.739013671875,-1.278503656387329
1771525769088332300,38.04233227539063,2.1559786796569824,9.710283279418945,-1.259350061416626
1771525769098334700,38.05233471679688,2.160767078399658,9.571419715881348,-1.1779472827911377
1771525769108337200,38.06233715820313,2.275688648223877,9.528324127197266,-1.139639973640442
1771525769118339600,38.07233959960938,2.337938070297241,9.470863342285156,-1.0103530883789062
1771525769128342300,38.08234228515625,2.3331496715545654,9.442132949829102,-0.871489405632019
1771525769138344700,38.0923447265625,2.385822057723999,9.370306968688965,-0.8092401623725891
1771525769148347100,38.10234716796875,2.3570916652679443,9.30805778503418,-0.6129156351089478
1771525769158349800,38.112349853515624,2.404975652694702,9.322422981262207,-0.5027823448181152
1771525769178354700,38.132354736328125,2.5677812099456787,9.207501411437988,-0.20111294090747833
1771525769188357000,38.142357177734375,2.5917234420776367,9.173982620239258,-0.2106897532939911
1771525769198359800,38.15235986328125,2.472013235092163,9.25059700012207,-0.3256114423274994
1771525769208362200,38.1623623046875,2.6827030181884766,9.116521835327148,-0.37828385829925537
1771525769218364700,38.17236474609375,2.936488389968872,9.09257984161377,-0.3687070608139038
1771525769228367000,38.1823671875,3.089717388153076,9.087791442871094,-0.363918662071228
1771525769238369800,38.19236987304687,3.0801405906677246,9.116521835327148,-0.29209262132644653
1771525769248372200,38.20237231445312,3.1711201667785645,9.212289810180664,-0.3878606855869293
1771525769258374700,38.21237475585937,3.199850559234619,9.269750595092773,-0.49320554733276367
1771525769268377000,38.22237719726562,3.2525229454040527,9.327211380004883,-0.5793967843055725
1771525769278379800,38.2323798828125,3.2573113441467285,9.312846183776855,-0.6320692300796509
1771525769288382200,38.24238232421875,3.161543369293213,9.370306968688965,-0.6991068720817566
1771525769298384600,38.25238452148437,2.917334794998169,9.470863342285156,-0.7182605266571045
1771525769308387300,38.26238720703125,2.692279815673828,9.52353572845459,-0.7230489253997803
1771525769318389800,38.2723896484375,2.6587610244750977,9.552266120910645,-0.7805097699165344
1771525769328392200,38.28239208984375,2.5103204250335693,9.494805335998535,-0.727837324142456
1771525769338394600,38.29239453125,2.653972625732422,9.456498146057129,-0.6655880808830261
1771525769348397300,38.30239721679688,2.7305870056152344,9.537900924682617,-0.7469909191131592
1771525769358399700,38.31239965820313,2.778470993041992,9.576208114624023,-0.8619126081466675
1771525769368402200,38.32240209960938,2.898181200027466,9.59057331085205,-0.9528923034667969
1771525769388407300,38.3424072265625,2.8119897842407227,9.695918083190918,-0.8858546018600464
1771525769398409700,38.35240966796875,2.8407204151153564,9.762955665588379,-0.871489405632019
1771525769408412200,38.362412109375,2.807201385498047,9.671976089477539,-0.6991068720817566
1771525769418414600,38.37241455078125,2.831143617630005,9.667187690734863,-0.608127236366272
1771525769428417300,38.38241723632812,2.8646624088287354,9.652822494506836,-0.5650315880775452
1771525769438419700,38.392419677734374,2.8167781829833984,9.59057331085205,-0.5410895943641663
1771525769448422100,38.402422119140624,2.778470993041992,9.552266120910645,-0.5889736413955688
1771525769458424800,38.4124248046875,2.7928361892700195,9.638457298278809,-0.7709329724311829
1771525769468427300,38.42242724609375,2.8359320163726807,9.676764488220215,-0.9911994934082031
1771525769478429700,38.4324296875,2.61087703704834,9.734225273132324,-1.2306196689605713
1771525769488432000,38.44243212890625,2.390610456466675,9.734225273132324,-1.3551181554794312
1771525769498434800,38.45243481445313,2.2373814582824707,9.657610893249512,-1.2258312702178955
1771525769508437200,38.46243725585938,2.189497470855713,9.552266120910645,-1.0773907899856567
1771525769518439700,38.47243969726563,2.1799206733703613,9.571419715881348,-0.8475474119186401
1771525769528442000,38.48244213867188,2.165555477142334,9.518747329711914,-0.6512228846549988
1771525769538444800,38.49244482421875,2.3570916652679443,9.461286544799805,-0.44532153010368347
1771525769548447200,38.502447265625,2.5438392162323,9.437344551086426,-0.3208230137825012
1771525769558449700,38.51244970703125,2.6156654357910156,9.327211380004883,-0.09576806426048279
1771525769568452000,38.5224521484375,2.783259391784668,9.236231803894043,-0.009576806798577309
1771525769578454800,38.532454833984374,2.912546396255493,9.188347816467285,-0.13407529890537262
1771525769588457200,38.542457275390625,2.9939491748809814,9.245808601379395,-0.2537853717803955
1771525769598459600,38.552459716796875,2.9508535861968994,9.422979354858398,-0.4213795065879822
1771525769608462300,38.56246240234375,2.7545289993286133,9.533112525939941,-0.608127236366272
1771525769618464800,38.57246484375,2.649184226989746,9.638457298278809,-0.8188169598579407
1771525769628467200,38.58246728515625,2.61087703704834,9.68155288696289,-0.9768342971801758
1771525769638469600,38.5924697265625,2.5965118408203125,9.686341285705566,-1.0582371950149536
1771525769648472300,38.60247241210938,2.6204538345336914,9.695918083190918,-1.1109095811843872
1771525769658474800,38.61247485351562,2.697068214416504,9.64803409576416,-1.0247182846069336
1771525769668477200,38.62247729492187,2.831143617630005,9.61451530456543,-0.9672574996948242
1771525769698484700,38.65248461914062,2.7257986068725586,9.671976089477539,-0.8044517636299133
1771525769708487200,38.66248706054687,2.582146644592285,9.59057331085205,-0.689530074596405
1771525769718489600,38.67248950195312,2.582146644592285,9.537900924682617,-0.5027823448181152
1771525769728492300,38.6824921875,2.4815900325775146,9.729436874389648,-0.6943184733390808
1771525769738494700,38.69249462890625,2.3570916652679443,9.475651741027832,-0.45489832758903503
1771525769748497200,38.7024970703125,2.433706045150757,9.360730171203613,-0.31603461503982544
1771525769758499600,38.71249951171875,2.5294740200042725,9.303269386291504,-0.3208230137825012
1771525769768502300,38.72250219726563,2.5917234420776367,9.293692588806152,-0.26815059781074524
1771525769778504700,38.73250463867188,2.61087703704834,9.255385398864746,-0.3064578175544739
1771525769788507100,38.74250708007813,2.697068214416504,9.269750595092773,-0.4596867263317108
1771525769798509800,38.752509765625,2.7928361892700195,9.355941772460938,-0.6033388376235962
1771525769808512300,38.76251220703125,2.759317398071289,9.408614158630371,-0.7661445140838623
1771525769818514700,38.7725146484375,2.673126220703125,9.442132949829102,-0.9145850539207458
1771525769828517000,38.78251708984375,2.6348190307617188,9.480440139770508,-0.9097966551780701
1771525769838519800,38.79251977539062,2.7018566131591797,9.513958930969238,-0.8092401623725891
1771525769848522200,38.80252221679687,2.73537540435791,9.446921348571777,-0.6320692300796509
1771525769858524700,38.812524658203124,2.8167781829833984,9.43255615234375,-0.42616790533065796
1771525769868527900,38.82252783203125,2.9029695987701416,9.446921348571777,-0.363918662071228
1771525769878530800,38.83253076171875,2.869450807571411,9.499593734741211,-0.4644751250743866
1771525769888533200,38.842533203125,2.9508535861968994,9.422979354858398,-0.49320554733276367
1771525769898535700,38.85253564453125,3.008314371109009,9.475651741027832,-0.5219359993934631
1771525769908538000,38.8625380859375,3.0370447635650635,9.43255615234375,-0.5554547905921936
1771525769918540800,38.872540771484374,3.003525972366333,9.221866607666016,-0.2825157940387726
1771525769928543200,38.882543212890624,3.075352191925049,9.30805778503418,-0.26815059781074524
1771525769938545700,38.892545654296875,3.0801405906677246,9.355941772460938,-0.3256114423274994
1771525769948548000,38.902548095703125,2.917334794998169,9.379883766174316,-0.38307225704193115
1771525769958550800,38.91255078125,2.625242233276367,9.437344551086426,-0.5027823448181152
1771525769968553200,38.92255322265625,2.3475148677825928,9.499593734741211,-0.6224924325942993
1771525769978555600,38.9325556640625,2.2182278633117676,9.537900924682617,-0.6847416758537292
1771525769988558000,38.94255810546875,2.227804660797119,9.518747329711914,-0.6799532771110535
1771525769998560800,38.95256079101563,2.4432828426361084,9.571419715881348,-0.6416460275650024
1771525770008563200,38.96256323242188,2.6443958282470703,9.566631317138672,-0.6847416758537292
1771525770018565600,38.97256567382812,2.649184226989746,9.595361709594727,-0.7086837291717529
1771525770028568300,38.982568359375,2.562992811203003,9.600150108337402,-0.6560112833976746
1771525770038570800,38.99257080078125,2.472013235092163,9.604938507080078,-0.5410895943641663
1771525770048573200,39.0025732421875,2.5007436275482178,9.566631317138672,-0.49320554733276367
1771525770058575600,39.01257568359375,2.6827030181884766,9.509170532226562,-0.44532153010368347
1771525770068578300,39.022578369140625,3.027467966079712,9.485228538513184,-0.4692635238170624
1771525770078580700,39.032580810546875,3.271676540374756,9.480440139770508,-0.4836287498474121
1771525770088583200,39.042583251953126,3.3722331523895264,9.518747329711914,-0.4836287498474121
1771525770098585600,39.052585693359376,3.3004069328308105,9.389460563659668,-0.363918662071228
1771525770108588300,39.06258837890625,3.2190041542053223,9.37509536743164,-0.17717093229293823
1771525770118590700,39.0725908203125,3.1232361793518066,9.442132949829102,-0.14365209639072418
1771525770128593200,39.08259326171875,2.912546396255493,9.49001693725586,-0.15322890877723694
1771525770138595600,39.092595703125,2.7449522018432617,9.461286544799805,-0.3208230137825012
1771525770148598300,39.10259838867187,2.7976245880126953,9.485228538513184,-0.5410895943641663
1771525770158600700,39.1126005859375,2.855085611343384,9.461286544799805,-0.7709329724311829
1771525770168603100,39.12260302734375,2.7497406005859375,9.456498146057129,-0.871489405632019
1771525770178605800,39.13260571289062,2.558204412460327,9.456498146057129,-0.828393816947937
1771525770188608300,39.14260815429687,2.337938070297241,9.475651741027832,-0.8667010068893433
1771525770198610700,39.15261059570312,2.1368250846862793,9.475651741027832,-0.8810662031173706
1771525770208613000,39.162613037109374,1.9548656940460205,9.504382133483887,-0.8331822156906128
1771525770218615800,39.17261572265625,1.9165585041046143,9.533112525939941,-0.8331822156906128
1771525770228618200,39.1826181640625,2.0266916751861572,9.52353572845459,-0.8188169598579407
1771525770238620700,39.19262060546875,2.2421698570251465,9.43255615234375,-0.6560112833976746
1771525770248623000,39.202623046875,2.342726469039917,9.451709747314453,-0.5985504388809204
1771525770258625800,39.21262573242188,2.4241292476654053,9.43255615234375,-0.5793967843055725
1771525770268628200,39.22262817382813,2.491166830062866,9.446921348571777,-0.5506663918495178
1771525770278630700,39.23263061523438,2.6396074295043945,9.427767753601074,-0.45489832758903503
1771525770288633000,39.24263305664063,2.7066450119018555,9.422979354858398,-0.4165911078453064
1771525770298635800,39.2526357421875,2.7257986068725586,9.418190956115723,-0.3974374830722809
1771525770308638200,39.26263818359375,2.7928361892700195,9.470863342285156,-0.43095630407333374
1771525770318640600,39.272640625,2.826355218887329,9.49001693725586,-0.45489832758903503
1771525770328643000,39.28264306640625,2.8167781829833984,9.499593734741211,-0.5363011956214905
1771525770338645800,39.292645751953124,2.8886044025421143,9.499593734741211,-0.5171475410461426
1771525770348648200,39.302648193359374,2.936488389968872,9.480440139770508,-0.4357447028160095
1771525770358650600,39.312650634765625,2.960430383682251,9.480440139770508,-0.3256114423274994
1771525770368653000,39.322653076171875,2.960430383682251,9.528324127197266,-0.29209262132644653
1771525770378655500,39.332655517578125,2.8359320163726807,9.633668899536133,-0.3064578175544739
1771525770388658000,39.342657958984375,2.716221809387207,9.68155288696289,-0.3208230137825012
1771525770398660600,39.35266064453125,2.7880477905273438,9.715071678161621,-0.363918662071228
1771525770408663000,39.3626630859375,2.831143617630005,9.729436874389648,-0.45010992884635925
1771525770418665500,39.37266552734375,2.7545289993286133,9.758167266845703,-0.5219359993934631
1771525770428668000,39.38266796875,2.7545289993286133,9.743802070617676,-0.6368576288223267
1771525770438670300,39.39267041015625,2.7688941955566406,9.767744064331055,-0.7230489253997803
1771525770448672800,39.4026728515625,2.7880477905273438,9.748590469360352,-0.7948749661445618
1771525770458675200,39.41267529296875,2.7928361892700195,9.758167266845703,-0.8810662031173706
1771525770468677600,39.422677734375,2.8119897842407227,9.691129684448242,-0.8954314589500427
1771525770478680000,39.43268017578125,2.8215668201446533,9.609726905822754,-0.7852981686592102
1771525770488682500,39.4426826171875,2.778470993041992,9.595361709594727,-0.6607996821403503
1771525770498685000,39.45268481445312,2.61087703704834,9.547477722167969,-0.4357447028160095
1771525770508687400,39.46268725585937,2.448071241378784,9.528324127197266,-0.19153612852096558
1771525770518689800,39.47268969726562,2.428917646408081,9.418190956115723,0.090979665517807
1771525770528692200,39.48269213867187,2.582146644592285,9.88745403289795,-0.3256114423274994
1771525770538694700,39.49269458007812,2.625242233276367,9.020753860473633,-0.033518824726343155
1771525770548697000,39.50269702148437,2.8646624088287354,9.006388664245605,0.26815059781074524
1771525770558699800,39.51269970703125,3.0609867572784424,9.111733436584473,0.023942016065120697
1771525770568702200,39.5227021484375,2.7257986068725586,9.37509536743164,-0.17238251864910126
1771525770578704600,39.53270458984375,2.318784236907959,9.370306968688965,-0.5123591423034668
1771525770588707000,39.54270703125,1.8638859987258911,9.293692588806152,-0.7422025203704834
1771525770598709500,39.55270947265625,1.6627731323242188,9.21707820892334,-0.8236053586006165
1771525770608712000,39.5627119140625,1.7920600175857544,9.255385398864746,-0.9624691009521484
1771525770618715400,39.57271533203125,2.098517894744873,9.312846183776855,-0.7757213711738586
1771525770628718000,39.582718017578124,2.625242233276367,9.260173797607422,-0.31603461503982544
1771525770648723200,39.60272314453125,3.9037458896636963,9.394248962402344,-0.11971008777618408
1771525770658725600,39.6127255859375,4.2293572425842285,9.46607494354248,-0.090979665517807
1771525770668728000,39.62272802734375,4.23893404006958,9.422979354858398,0.17717093229293823
1771525770678730500,39.63273046875,4.20541524887085,9.403825759887695,0.21547815203666687
1771525770688733200,39.64273315429688,4.085705280303955,9.379883766174316,0.12928688526153564
1771525770698735600,39.65273559570313,3.9612066745758057,9.355941772460938,0.06224924325942993
1771525770718740500,39.67274047851563,4.066551685333252,9.317634582519531,-0.2106897532939911
1771525770728743200,39.6827431640625,4.0761284828186035,9.379883766174316,-0.2777273952960968
1771525770738745600,39.69274560546875,4.133589267730713,9.279327392578125,-0.181959331035614
1771525770748748000,39.702748046875,4.1431660652160645,9.2841157913208,-0.10055647045373917
1771525770758750700,39.712750732421874,3.9899370670318604,9.269750595092773,0.07182604819536209
1771525770778755600,39.732755615234375,3.42490553855896,9.37509536743164,0.07182604819536209
1771525770788758000,39.742758056640625,3.0992941856384277,9.384672164916992,-0.033518824726343155
1771525770808763000,39.762762939453125,2.8215668201446533,9.518747329711914,-0.6177040338516235
1771525770818765300,39.772765380859376,2.6396074295043945,9.667187690734863,-0.9481038451194763
1771525770828767700,39.782767822265626,2.562992811203003,9.427767753601074,-1.039083480834961
1771525770838770200,39.792770263671876,2.6443958282470703,9.437344551086426,-1.0007762908935547
1771525770848772600,39.80277270507813,2.783259391784668,9.418190956115723,-0.8523358106613159
1771525770858775000,39.81277514648438,2.759317398071289,9.288904190063477,-0.6512228846549988
1771525770868690000,39.82268994140625,2.826355218887329,9.21707820892334,-0.6177040338516235
1771525770878611700,39.83261181640625,2.874239206314087,9.30805778503418,-0.6224924325942993
1771525770888543500,39.84254345703125,2.8790276050567627,9.288904190063477,-0.4405331015586853
1771525770898487800,39.85248779296875,2.8838160037994385,9.298480987548828,-0.35434186458587646
1771525770908446200,39.8624462890625,2.9077579975128174,9.384672164916992,-0.363918662071228
1771525770918420200,39.87242016601562,2.9508535861968994,9.298480987548828,-0.5027823448181152
1771525770928409900,39.882409912109374,2.9939491748809814,9.37509536743164,-0.9481038451194763
1771525770938415600,39.89241552734375,3.1471781730651855,8.896254539489746,-0.33518823981285095
1771525770948436200,39.90243627929687,3.3435027599334717,9.087791442871094,-0.49320554733276367
1771525770958470400,39.91247045898437,3.8319199085235596,9.049484252929688,-0.33997663855552673
1771525770968516900,39.92251684570312,3.750516891479492,9.197924613952637,-0.181959331035614
1771525770978572800,39.93257275390625,3.5206735134124756,9.264962196350098,-0.12928688526153564
1771525770988635600,39.9426357421875,3.2142157554626465,9.245808601379395,-0.14844051003456116
1771525770998703400,39.95270336914062,3.1088709831237793,9.37509536743164,-0.16759411990642548
1771525771008772400,39.9627724609375,3.1950621604919434,9.518747329711914,-0.38307225704193115
1771525771018815500,39.9728154296875,3.578134536743164,9.499593734741211,-0.3734954595565796
1771525771028818000,39.98281787109375,3.932476282119751,9.528324127197266,-0.9193734526634216
1771525771038820400,39.9928203125,4.191050052642822,9.710283279418945,-1.623268723487854
1771525771048823000,40.002822998046874,4.1862616539001465,9.748590469360352,-1.6759412288665771
1771525771058825500,40.012825439453124,3.669114112854004,9.944915771484375,-1.5849615335464478
1771525771068828000,40.022827880859374,2.9508535861968994,10.179547309875488,-1.1348515748977661
1771525771078830300,40.032830322265625,2.0697872638702393,10.141240119934082,-0.7709329724311829
1771525771088833000,40.0428330078125,2.3810336589813232,9.992799758911133,-0.35913026332855225
1771525771098835500,40.05283544921875,3.5015199184417725,10.078990936279297,0.5219359993934631
1771525771108838000,40.062837890625,4.842272758483887,10.021530151367188,1.5131354331970215
1771525771118840800,40.0728408203125,5.704185485839844,9.767744064331055,2.10210919380188
1771525771128843000,40.08284301757813,5.378573894500732,10.213066101074219,1.800439715385437
1771525771138845000,40.092844970703126,4.200626850128174,10.13166332244873,1.699883222579956
1771525771148846800,40.102846923828125,2.4145524501800537,10.021530151367188,1.5514427423477173
1771525771158848800,40.11284887695312,1.279700756072998,9.906607627868652,1.2641384601593018
1771525771168851000,40.12285083007812,0.6619967818260193,9.604938507080078,0.4596867263317108
1771525771188855300,40.14285522460938,0.36990416049957275,9.322422981262207,0.1149216815829277
1771525771198857700,40.15285766601563,1.0067617893218994,9.346364974975586,0.19632454216480255
1771525771208860200,40.16286010742188,1.7202339172363281,9.231443405151367,0.5746083855628967
1771525771218862600,40.17286254882813,2.5103204250335693,9.197924613952637,0.9481038451194763
1771525771228865300,40.182865234375,2.3475148677825928,9.135675430297852,0.933738648891449
1771525771238868000,40.19286791992187,1.768117904663086,9.173982620239258,0.4692635238170624
1771525771248870700,40.20287060546875,1.4760253429412842,9.279327392578125,0.31603461503982544
1771525771258873300,40.212873291015626,1.9548656940460205,9.418190956115723,0.4357447028160095
1771525771268876300,40.22287622070313,2.7880477905273438,9.509170532226562,0.8092401623725891
1771525771278879000,40.23287890625,3.530250310897827,9.585784912109375,1.3982137441635132
1771525771288882000,40.2428818359375,3.8750154972076416,9.64803409576416,1.8195933103561401
1771525771298884600,40.252884521484376,3.8127663135528564,9.734225273132324,1.8626888990402222
1771525771308887600,40.26288745117188,3.2956185340881348,9.748590469360352,1.6089035272598267
1771525771318890200,40.27289013671875,2.0937294960021973,9.753378868103027,1.216254472732544
1771525771328892700,40.282892578125,0.7433996200561523,9.834781646728516,1.115697979927063
1771525771338895000,40.29289501953125,-0.3531447649002075,10.600926399230957,0.40222588181495667
1771525771348897500,40.3028974609375,-0.5207388401031494,9.49001693725586,0.933738648891449
1771525771358900000,40.31289990234375,-0.5207388401031494,9.331999778747559,1.800439715385437
1771525771368806400,40.322806396484374,0.6332663297653198,9.389460563659668,1.4460978507995605
1771525771378720500,40.332720458984376,1.5095441341400146,9.173982620239258,0.8475474119186401
1771525771388645600,40.34264575195313,1.8926163911819458,9.624092102050781,0.24420857429504395
1771525771398584000,40.352583984375,2.5342624187469482,9.360730171203613,0.16759411990642548
1771525771408538400,40.362538330078124,3.621230125427246,9.389460563659668,0.5985504388809204
1771525771418509300,40.37250927734375,4.104858875274658,9.786897659301758,0.727837324142456
1771525771428497700,40.38249755859375,4.1862616539001465,9.959280967712402,0.569819986820221
1771525771438503400,40.39250341796875,4.066551685333252,9.293692588806152,0.3256114423274994
1771525771448525800,40.40252587890625,4.109647274017334,9.059061050415039,0.4118026793003082
1771525771458563000,40.41256298828125,4.698620796203613,9.169194221496582,0.06703764945268631
1771525771468613600,40.422613525390624,5.838260650634766,8.80048656463623,0.4213795065879822
1771525771478674400,40.43267431640625,6.115988254547119,7.9625163078308105,0.3495534360408783
1771525771488743400,40.44274340820313,6.106411457061768,8.225878715515137,0.6655880808830261
1771525771498817300,40.4528173828125,5.689820289611816,8.704718589782715,0.7805097699165344
1771525771508893000,40.46289282226562,4.9380412101745605,8.82442855834961,0.8475474119186401
1771525771518940200,40.472940185546875,3.9707834720611572,8.958504676818848,0.8523358106613159
1771525771528942600,40.482942626953125,3.051409959793091,9.18355941772461,0.7757213711738586
1771525771538945000,40.492945068359376,2.4815900325775146,9.509170532226562,0.5171475410461426
1771525771548947700,40.50294775390625,2.1368250846862793,9.595361709594727,0.5985504388809204
1771525771558950100,40.5129501953125,1.801636815071106,9.748590469360352,0.5554547905921936
1771525771568952600,40.52295263671875,1.768117904663086,10.050260543823242,-0.004788403399288654
1771525771578955000,40.532955078125,1.8351556062698364,10.251373291015625,-0.47405192255973816
1771525771598960000,40.55296020507812,1.5765818357467651,8.843582153320312,-2.5665841102600098
1771525771608962600,40.56296264648437,0.4034229815006256,10.600926399230957,-2.8155810832977295
1771525771628967700,40.5829677734375,1.0977414846420288,10.433332443237305,-1.5897499322891235
1771525771638970000,40.59297021484375,1.8495208024978638,9.911396026611328,-0.6943184733390808
1771525771648972500,40.60297265625,3.3961751461029053,9.542689323425293,-0.31124621629714966
1771525771658975000,40.61297509765625,2.721010208129883,8.901042938232422,-1.0678139925003052
1771525771678980000,40.63297998046875,-0.3531447649002075,9.389460563659668,-0.45010992884635925
1771525771688982500,40.642982421875,0.13527239859104156,9.724648475646973,-0.45010992884635925
1771525771698985000,40.65298486328125,0.9157821536064148,10.117298126220703,-0.8331822156906128
1771525771718990000,40.67298999023438,1.0833762884140015,9.59057331085205,-0.689530074596405
1771525771748997400,40.70299731445313,0.0586579404771328,9.331999778747559,-0.751779317855835
1771525771758999800,40.71299975585937,-0.05147533491253853,9.327211380004883,-0.9911994934082031
1771525771779004700,40.73300463867187,1.0977414846420288,9.437344551086426,-1.987187385559082
1771525771789007000,40.74300708007812,1.6292542219161987,9.260173797607422,-1.8195933103561401
1771525771799009500,40.75300952148437,1.8112136125564575,9.140463829040527,-1.2306196689605713
1771525771819014700,40.7730146484375,2.074575662612915,9.039907455444336,0.35434186458587646
1771525771829017000,40.78301708984375,1.9548656940460205,8.776544570922852,-0.2777273952960968
1771525771859024400,40.8130244140625,2.7545289993286133,9.087791442871094,-0.272938996553421
1771525771869023200,40.823023193359376,3.118447780609131,8.97765827178955,-0.17717093229293823
1771525771889021700,40.84302172851562,4.013879299163818,8.862735748291016,0.4644751250743866
1771525771899021800,40.85302172851563,4.487931251525879,8.91540813446045,1.0534487962722778
1771525771909022200,40.86302221679688,4.823119163513184,8.752602577209473,1.5514427423477173
1771525771919023600,40.873023681640625,5.139153957366943,8.604162216186523,1.8387469053268433
1771525771929025500,40.88302563476562,5.282805919647217,8.561066627502441,2.0207061767578125
1771525771939028000,40.89302807617187,5.220556735992432,8.723872184753418,1.7573440074920654
1771525771949031400,40.90303149414063,5.273229122161865,8.963293075561523,1.0582371950149536
1771525771969039400,40.923039306640625,4.717774391174316,9.331999778747559,-0.2059013396501541
1771525771979044000,40.93304418945313,4.11443567276001,9.46607494354248,-0.22026655077934265
1771525771999054600,40.9530546875,2.936488389968872,9.389460563659668,0.15801730751991272
1771525772009059800,40.963059814453125,2.649184226989746,9.360730171203613,0.35434186458587646
1771525772019064800,40.97306494140625,2.7305870056152344,9.480440139770508,0.45010992884635925
1771525772029067300,40.9830673828125,2.9987375736236572,9.5809965133667,0.17717093229293823
1771525772039070000,40.99307006835937,3.2142157554626465,9.676764488220215,-0.033518824726343155
1771525772049072400,41.003072265625,3.420117139816284,9.628880500793457,-0.004788403399288654
1771525772059074800,41.01307470703125,3.5158851146698,9.61451530456543,0.033518824726343155
1771525772069077200,41.0230771484375,3.6595373153686523,9.59057331085205,-0.07661445438861847
1771525772079080000,41.033079833984374,3.8367083072662354,9.494805335998535,-0.10534487664699554
1771525772099084800,41.053084716796874,3.870227098464966,9.293692588806152,0.10534487664699554
1771525772109087200,41.063087158203125,3.7457284927368164,9.044695854187012,0.26815059781074524
1771525772128973000,41.08297314453125,3.046621561050415,8.848370552062988,0.5219359993934631
1771525772138925600,41.09292553710937,2.764105796813965,8.886677742004395,0.6272808313369751
1771525772168840200,41.12284008789062,2.7305870056152344,8.417414665222168,0.5650315880775452
1771525772188838100,41.142838134765626,2.5342624187469482,8.51797103881836,0.004788403399288654
1771525772198853400,41.152853271484375,2.5103204250335693,8.589797019958496,-0.3208230137825012
1771525772228952300,41.18295239257812,4.013879299163818,9.600150108337402,-0.5506663918495178
1771525772269127200,41.223127197265626,5.522226333618164,10.059837341308594,0.47884035110473633
1771525772279129600,41.233129638671876,4.875791549682617,10.179547309875488,0.3878606855869293
1771525772289132000,41.24313208007813,4.401739597320557,10.356718063354492,-0.08619125932455063
1771525772299134500,41.25313452148438,4.617218017578125,10.423755645751953,-0.3926490843296051
1771525772309137000,41.26313696289063,4.191050052642822,10.141240119934082,-0.181959331035614
1771525772319139300,41.27313940429688,3.4727895259857178,9.988011360168457,-0.5315127968788147
1771525772329142000,41.28314208984375,2.61087703704834,9.906607627868652,-1.0103530883789062
1771525772339144400,41.29314453125,1.4951789379119873,9.8970308303833,-0.9528923034667969
1771525772349147000,41.30314697265625,0.9349357485771179,9.55705451965332,-0.7134721279144287
1771525772359149300,41.3131494140625,1.0307037830352783,9.236231803894043,-0.3734954595565796
1771525772369148200,41.32314819335937,1.3084312677383423,8.953716278076172,-0.38307225704193115
1771525772389146000,41.34314599609375,1.1312602758407593,8.67598819732666,-0.2968810200691223
1771525772399146000,41.35314599609375,1.0259153842926025,8.599373817443848,-0.043095629662275314
1771525772409146400,41.363146484375,1.3658920526504517,8.695141792297363,0.26336219906806946
1771525772419147500,41.3731474609375,1.777694821357727,8.728660583496094,0.49320554733276367
1771525772429149400,41.3831494140625,2.141613483428955,8.757390975952148,0.7805097699165344
1771525772439151900,41.39315185546875,2.2373814582824707,8.972869873046875,0.9864110946655273
1771525772449155000,41.403155029296876,2.0697872638702393,9.193136215209961,0.9050082564353943
1771525772459159000,41.413158935546875,2.146401882171631,9.504382133483887,0.8810662031173706
1771525772469163300,41.423163330078125,2.3570916652679443,9.70549488067627,1.0295066833496094
1771525772479168300,41.43316821289063,2.5294740200042725,9.925761222839355,0.8427590131759644
1771525772489173200,41.44317333984375,2.7305870056152344,10.069414138793945,0.24899697303771973
1771525772499178800,41.4531787109375,2.7257986068725586,10.141240119934082,-0.6177040338516235
1771525772529192000,41.48319189453125,1.8734627962112427,10.682329177856445,-1.37906014919281
1771525772539194400,41.4931943359375,2.0027496814727783,10.380660057067871,-1.139639973640442
1771525772549196800,41.50319677734375,2.0697872638702393,8.920196533203125,0.9864110946655273
1771525772569201700,41.52320166015625,3.6595373153686523,8.843582153320312,1.7286136150360107
1771525772579204000,41.5332041015625,4.090493679046631,8.589797019958496,1.4317326545715332
1771525772589206500,41.54320654296875,4.6938323974609375,8.6089506149292,0.9816226959228516
1771525772619213800,41.5732138671875,4.3394904136657715,9.30805778503418,-0.3256114423274994
1771525772639219000,41.59321899414063,4.176684856414795,9.930550575256348,-0.5746083855628967
1771525772649221400,41.60322143554688,4.492719650268555,9.930550575256348,-0.37828385829925537
1771525772659223800,41.61322387695313,4.875791549682617,9.858723640441895,0.009576806798577309
1771525772669226200,41.62322631835937,4.909310817718506,9.882665634155273,0.047884032130241394
1771525772679228700,41.63322875976562,4.507084846496582,9.566631317138672,0.1867477297782898
1771525772689231000,41.64323120117187,4.253299236297607,9.882665634155273,0.2825157940387726
1771525772699233500,41.65323364257812,4.277241230010986,9.130887031555176,0.4884171485900879
1771525772709236000,41.66323608398437,3.755305290222168,8.905831336975098,0.9241618514060974
1771525772719238400,41.67323828125,3.597288131713867,8.623315811157227,1.1635819673538208
1771525772729240800,41.68324072265625,3.4775779247283936,8.513182640075684,1.2976573705673218
1771525772739243300,41.6932431640625,3.2573113441467285,9.2841157913208,0.7374141216278076
1771525772749245700,41.70324560546875,3.338714361190796,9.264962196350098,0.5027823448181152
1771525772759248100,41.713248046875,2.960430383682251,8.982446670532227,0.40222588181495667
1771525772779253000,41.7332529296875,3.444059133529663,8.594585418701172,0.9097966551780701
1771525772789255400,41.74325537109375,3.4823663234710693,8.771756172180176,1.1540051698684692
1771525772799258000,41.753258056640625,3.4392707347869873,8.738237380981445,1.1492167711257935
1771525772809260500,41.763260498046876,3.5254619121551514,8.589797019958496,1.0103530883789062
1771525772819263000,41.773262939453126,3.8175547122955322,8.776544570922852,0.8906430602073669
1771525772829265400,41.783265380859376,3.9659950733184814,8.862735748291016,0.8236053586006165
1771525772839267800,41.793267822265626,4.066551685333252,8.881889343261719,0.9193734526634216
1771525772849270500,41.8032705078125,4.214992046356201,8.776544570922852,1.0295066833496094
1771525772859273000,41.81327294921875,4.2963948249816895,8.743025779724121,1.0295066833496094
1771525772869272300,41.82327221679687,4.349067211151123,8.82442855834961,1.0630255937576294
1771525772889271300,41.84327124023437,4.468777656555176,8.82442855834961,0.8619126081466675
1771525772899271700,41.85327172851562,4.58848762512207,8.786121368408203,0.6991068720817566
1771525772909272300,41.86327221679687,4.64594841003418,8.757390975952148,0.5219359993934631
1771525772919274000,41.87327392578125,4.535815238952637,8.781332969665527,0.5985504388809204
1771525772929276000,41.88327587890625,4.334702014923096,8.810063362121582,0.7661445140838623
1771525772939278600,41.89327856445313,4.200626850128174,8.762179374694824,0.9481038451194763
1771525772949282000,41.90328198242187,4.128800868988037,8.747814178466797,1.0247182846069336
1771525772959285800,41.91328564453125,4.013879299163818,8.752602577209473,1.1061211824417114
1771525772969290000,41.9232900390625,3.8319199085235596,8.704718589782715,1.235408067703247
1771525772979294700,41.933294677734374,3.7169981002807617,8.656834602355957,1.3072341680526733
1771525772989299500,41.943299560546876,3.688267707824707,8.70950698852539,1.1875240802764893
1771525772999304700,41.9533046875,3.7265748977661133,8.80048656463623,0.9241618514060974
1771525773009309700,41.963309814453126,3.7409400939941406,8.843582153320312,0.7230489253997803
1771525773019314200,41.97331420898438,3.70742130279541,8.819640159606934,0.6224924325942993
1771525773029316600,41.98331665039063,3.6116533279418945,8.810063362121582,0.5793967843055725
1771525773039319000,41.99331909179688,3.5206735134124756,8.82442855834961,0.6560112833976746
1771525773049321500,42.00332153320313,3.4967315196990967,8.834005355834961,0.6224924325942993
1771525773059324200,42.01332421875,3.4584243297576904,8.920196533203125,0.40222588181495667
1771525773069326600,42.02332666015625,3.5877113342285156,9.030330657958984,0.16759411990642548
1771525773079329000,42.0333291015625,3.6786909103393555,9.106945037841797,0.09576806426048279
1771525773089331500,42.04333154296875,3.731363296508789,9.073426246643066,0.14844051003456116
1771525773099334100,42.053334228515624,3.8367083072662354,9.011177062988281,0.2777273952960968
1771525773109336600,42.063336669921874,3.994725465774536,8.944138526916504,0.3447650372982025
1771525773119335200,42.07333520507812,4.167108058929443,8.9680814743042,0.29209262132644653
1771525773139333000,42.0933330078125,4.473566055297852,9.087791442871094,0.28730419278144836
1771525773149332700,42.10333276367187,4.502296447753906,9.097368240356445,0.33039984107017517
1771525773159333000,42.1133330078125,4.473566055297852,9.102156639099121,0.35434186458587646
1771525773169334000,42.123333984375,4.468777656555176,9.30805778503418,0.26815059781074524
1771525773179335700,42.13333569335938,4.990713596343994,9.451709747314453,-0.2106897532939911
1771525773189338400,42.14333837890625,4.899733543395996,9.518747329711914,0.09576806426048279
1771525773199341300,42.15334130859375,4.976348400115967,9.015965461730957,0.6751648783683777
1771525773209345300,42.16334521484375,4.832695960998535,8.834005355834961,1.1109095811843872
1771525773219349800,42.173349853515624,4.502296447753906,8.690353393554688,1.3215993642807007
1771525773229354500,42.1833544921875,4.171896457672119,8.752602577209473,0.9768342971801758
1771525773239359700,42.19335986328125,3.927687883377075,8.82442855834961,0.3878606855869293
1771525773249365200,42.203365234375,3.669114112854004,8.97765827178955,-0.05746084079146385
1771525773259371000,42.21337109375,3.491943120956421,9.106945037841797,-0.2777273952960968
1771525773269376500,42.22337646484375,3.362656354904175,9.106945037841797,-0.23942017555236816
1771525773279379000,42.23337890625,3.290830135345459,9.073426246643066,-0.019153613597154617
1771525773289381600,42.243381591796876,3.3243491649627686,9.025542259216309,0.21547815203666687
1771525773299384000,42.253384033203126,3.626018524169922,8.881889343261719,0.3064578175544739
1771525773309386500,42.263386474609376,3.870227098464966,8.905831336975098,0.2777273952960968
1771525773319389000,42.27338891601563,4.181473255157471,8.934561729431152,0.2777273952960968
1771525773329391600,42.2833916015625,4.3825860023498535,8.934561729431152,0.26815059781074524
1771525773339394000,42.29339404296875,4.550180435180664,8.929773330688477,0.24420857429504395
1771525773349396500,42.303396484375,4.559757232666016,8.9680814743042,0.3447650372982025
1771525773359399000,42.31339892578125,4.58848762512207,8.972869873046875,0.507570743560791
1771525773369397800,42.32339770507812,4.703409194946289,8.901042938232422,0.689530074596405
1771525773389395500,42.3433955078125,4.842272758483887,8.814851760864258,0.8810662031173706
1771525773399395300,42.35339526367188,4.8039655685424805,8.781332969665527,0.9145850539207458
1771525773409395500,42.3633955078125,4.717774391174316,8.757390975952148,0.7805097699165344
1771525773419396600,42.37339672851562,4.492719650268555,8.795698165893555,0.6224924325942993
1771525773429398300,42.383398193359376,4.291606426239014,8.810063362121582,0.5171475410461426
1771525773439400700,42.39340063476563,4.157531261444092,8.819640159606934,0.3974374830722809
1771525773449404000,42.40340380859375,4.0330328941345215,8.834005355834961,0.24899697303771973
1771525773459407600,42.41340771484375,3.8941690921783447,8.819640159606934,0.2537853717803955
1771525773469412000,42.423412109375,3.7648820877075195,8.834005355834961,0.3974374830722809
1771525773479417000,42.4334169921875,3.7026329040527344,8.819640159606934,0.507570743560791
1771525773489422300,42.44342236328125,3.8319199085235596,8.719083786010742,0.49320554733276367
1771525773499427800,42.453427734375,4.066551685333252,8.690353393554688,0.5171475410461426
1771525773509433300,42.463433349609375,4.195838451385498,8.671199798583984,0.6703764796257019
1771525773519438800,42.47343896484375,4.368220806121826,8.604162216186523,0.7230489253997803
1771525773529441500,42.483441650390624,4.6507368087768555,8.604162216186523,0.6129156351089478
1771525773539444000,42.49344384765625,4.775235176086426,8.671199798583984,0.5123591423034668
1771525773549446700,42.50344677734375,4.444835662841797,8.867524147033691,0.3974374830722809
1771525773559449000,42.513448974609375,4.36343240737915,9.102156639099121,0.009576806798577309
1771525773569451500,42.523451416015625,4.262876033782959,9.370306968688965,-0.272938996553421
1771525773579454200,42.5334541015625,4.1192240715026855,9.2841157913208,-0.26336219906806946
1771525773589456600,42.54345654296875,4.071340084075928,9.130887031555176,0.004788403399288654
1771525773599459000,42.553458984375,4.100070476531982,9.059061050415039,0.14844051003456116
1771525773609461500,42.56346142578125,4.224568843841553,8.9680814743042,0.08140286058187485
1771525773619460400,42.57346044921875,4.2963948249816895,9.030330657958984,-0.033518824726343155
1771525773639458000,42.5934580078125,4.669890403747559,9.025542259216309,0.06224924325942993
1771525773649457700,42.60345776367188,4.832695960998535,9.1260986328125,0.08140286058187485
1771525773659458000,42.6134580078125,4.851849555969238,9.193136215209961,0.15322890877723694
1771525773669459200,42.62345922851563,4.856637954711914,9.154829025268555,0.35913026332855225
1771525773679460900,42.6334609375,4.7369279861450195,9.063849449157715,0.5889736413955688
1771525773689463300,42.64346337890625,4.58848762512207,9.044695854187012,0.6224924325942993
1771525773699466800,42.653466796875,4.526238441467285,9.1260986328125,0.4596867263317108
1771525773709470500,42.66347045898438,4.435258865356445,9.154829025268555,0.31603461503982544
1771525773719475000,42.67347485351563,4.401739597320557,9.073426246643066,0.2585737705230713
1771525773729480000,42.68347998046875,4.368220806121826,9.006388664245605,0.2059013396501541
1771525773739485200,42.69348510742188,4.334702014923096,8.963293075561523,0.1388636976480484
1771525773749490400,42.703490478515626,4.282029628753662,8.996811866760254,0.08619125932455063
1771525773759496200,42.71349609375,4.100070476531982,9.030330657958984,-0.023942016065120697
1771525773769501700,42.72350170898437,3.827131509780884,9.044695854187012,0.10534487664699554
1771525773779504000,42.73350415039062,3.5446155071258545,8.963293075561523,0.33518823981285095
1771525773789506800,42.7435068359375,3.362656354904175,8.853158950805664,0.4884171485900879
1771525773799509200,42.75350927734375,3.463212728500366,8.728660583496094,0.5793967843055725
1771525773809511700,42.76351171875,3.6068649291992188,8.743025779724121,0.5363011956214905
1771525773819514000,42.77351416015625,3.774458885192871,8.810063362121582,0.4357447028160095
1771525773829516800,42.783516845703126,3.8558619022369385,8.843582153320312,0.24899697303771973
1771525773839519200,42.793519287109376,3.8798038959503174,8.872312545776367,0.033518824726343155
1771525773849521700,42.803521728515626,3.889380693435669,8.920196533203125,-0.014365210197865963
1771525773859524400,42.8135244140625,3.889380693435669,8.843582153320312,0.12928688526153564
1771525773869523000,42.82352294921875,3.9707834720611572,8.762179374694824,0.31603461503982544
1771525773889521000,42.84352099609375,4.181473255157471,8.877100944519043,0.507570743560791
1771525773899520500,42.8535205078125,4.286818027496338,8.948927879333496,0.5219359993934631
1771525773909521000,42.86352099609375,4.3394904136657715,8.944138526916504,0.569819986820221
1771525773919521800,42.87352172851563,4.368220806121826,8.685564994812012,0.646434485912323
1771525773939526100,42.893526123046875,4.14795446395874,8.944138526916504,0.4165911078453064
1771525773949529300,42.903529296875,4.090493679046631,9.049484252929688,-0.090979665517807
1771525773959533000,42.913532958984376,4.018667697906494,9.130887031555176,-0.181959331035614
1771525773969537500,42.92353759765625,3.932476282119751,9.150040626525879,-0.11013327538967133
1771525773979542500,42.93354248046875,3.846285104751587,9.154829025268555,0.06703764945268631
1771525773989547800,42.9435478515625,3.8750154972076416,9.083003044128418,0.2585737705230713
1771525773999553300,42.95355322265625,3.9612066745758057,9.030330657958984,0.40222588181495667
1771525774009558800,42.96355883789062,4.0761284828186035,8.996811866760254,0.3878606855869293
1771525774019564500,42.973564453125,4.133589267730713,9.030330657958984,0.3878606855869293
1771525774029567000,42.98356689453125,4.195838451385498,9.020753860473633,0.363918662071228
1771525774039569700,42.99356958007812,4.224568843841553,9.039907455444336,0.3256114423274994
1771525774049572000,43.00357202148437,4.243722438812256,9.039907455444336,0.28730419278144836
1771525774059574500,43.013574462890624,4.286818027496338,8.992023468017578,0.2968810200691223
1771525774079579600,43.03357958984375,4.411316394805908,8.987235069274902,0.2968810200691223
1771525774089582000,43.04358203125,4.420893669128418,8.958504676818848,0.44532153010368347
1771525774109587200,43.06358715820313,4.315548419952393,8.786121368408203,0.871489405632019
1771525774119585800,43.07358569335938,4.277241230010986,8.728660583496094,0.9289502501487732
1771525774139584000,43.093583984375,4.14795446395874,8.810063362121582,0.7374141216278076
1771525774149583600,43.10358349609375,4.061763286590576,8.85794734954834,0.4644751250743866
1771525774159584000,43.113583984375,4.0569748878479,8.9249849319458,0.2537853717803955
1771525774169585200,43.12358520507812,4.028244495391846,9.025542259216309,0.17717093229293823
1771525774179586800,43.1335869140625,3.9468414783477783,9.03511905670166,0.1867477297782898
1771525774189589200,43.14358935546875,3.9659950733184814,9.03511905670166,0.29209262132644653
1771525774199592400,43.15359252929687,4.042609691619873,9.039907455444336,0.43095630407333374
1771525774209596400,43.16359643554687,4.109647274017334,9.025542259216309,0.5410895943641663
1771525774219600600,43.1736005859375,4.157531261444092,9.00160026550293,0.5650315880775452
1771525774229605600,43.183605712890625,4.14795446395874,8.972869873046875,0.5123591423034668
1771525774239610600,43.19361059570313,4.066551685333252,8.97765827178955,0.3974374830722809
1771525774249616100,43.2036162109375,3.951629877090454,8.987235069274902,0.28730419278144836
1771525774259622000,43.213621826171874,3.86543869972229,8.996811866760254,0.22026655077934265
1771525774269627400,43.22362744140625,3.884592294692993,8.982446670532227,0.22026655077934265
1771525774279630000,43.23363012695312,3.975571870803833,8.963293075561523,0.28730419278144836
1771525774289632500,43.243632568359374,4.0761284828186035,8.9680814743042,0.43095630407333374
1771525774299635200,43.25363525390625,4.2293572425842285,8.905831336975098,0.5602431893348694
1771525774309637600,43.2636376953125,4.373009204864502,8.843582153320312,0.6272808313369751
1771525774319640000,43.27364013671875,4.468777656555176,8.82442855834961,0.6177040338516235
1771525774329642800,43.28364282226563,4.473566055297852,8.881889343261719,0.4596867263317108
1771525774359650000,43.31365014648438,4.124012470245361,8.963293075561523,0.2537853717803955
1771525774369652700,43.32365283203125,4.02345609664917,8.9680814743042,0.2777273952960968
1771525774379655200,43.3336552734375,4.052186489105225,8.996811866760254,0.35434186458587646
1771525774389657600,43.34365771484375,4.100070476531982,9.020753860473633,0.44532153010368347
1771525774399660000,43.35365991210937,4.109647274017334,9.011177062988281,0.4692635238170624
1771525774409662700,43.363662841796874,4.047398090362549,9.00160026550293,0.4644751250743866
1771525774419665200,43.3736650390625,3.9851486682891846,8.948927879333496,0.45489832758903503
1771525774429667600,43.38366748046875,4.037821292877197,8.881889343261719,0.47405192255973816
1771525774439670000,43.393669921875,4.109647274017334,8.814851760864258,0.49320554733276367
1771525774449672700,43.403672607421875,4.152742862701416,8.82442855834961,0.47884035110473633
1771525774459675100,43.413675048828125,4.210203647613525,8.89146614074707,0.43095630407333374
1771525774469677600,43.423677490234375,4.23893404006958,8.948927879333496,0.45010992884635925
1771525774479680000,43.433679931640626,4.210203647613525,8.934561729431152,0.4644751250743866
1771525774489682700,43.4436826171875,4.214992046356201,8.910619735717773,0.45489832758903503
1771525774499685000,43.45368505859375,4.214992046356201,8.9249849319458,0.40701428055763245
1771525774509687600,43.4636875,4.267664432525635,8.996811866760254,0.3256114423274994
1771525774519690200,43.47369018554687,4.210203647613525,9.06863784790039,0.2968810200691223
1771525774529692700,43.48369262695312,4.214992046356201,9.03511905670166,0.24420857429504395
1771525774539695000,43.49369506835937,4.234145641326904,9.00160026550293,0.24899697303771973
1771525774549697500,43.50369750976562,4.210203647613525,9.044695854187012,0.33039984107017517
1771525774559700200,43.5137001953125,4.167108058929443,8.996811866760254,0.43095630407333374
1771525774569702700,43.52370263671875,4.1862616539001465,8.89146614074707,0.4213795065879822
1771525774579705000,43.533705078125,4.243722438812256,8.896254539489746,0.24899697303771973
1771525774589707500,43.54370751953125,4.258087635040283,8.953716278076172,0.19153612852096558
1771525774599710200,43.553710205078126,4.176684856414795,8.97765827178955,0.2346317619085312
1771525774609712600,43.563712646484376,4.0569748878479,8.881889343261719,0.3208230137825012
1771525774619712000,43.5737119140625,4.138377666473389,8.838793754577637,0.33039984107017517
1771525774639711000,43.5937109375,4.301183223724365,8.963293075561523,0.363918662071228
1771525774649711400,43.60371142578125,4.2963948249816895,8.948927879333496,0.45489832758903503
1771525774659712000,43.6137119140625,4.277241230010986,8.896254539489746,0.4884171485900879
1771525774669713700,43.623713623046875,4.310760021209717,8.905831336975098,0.40222588181495667
1771525774679715600,43.63371557617187,4.32991361618042,8.948927879333496,0.33518823981285095
1771525774689718300,43.64371826171875,4.2963948249816895,8.972869873046875,0.40222588181495667
1771525774699721700,43.6537216796875,4.191050052642822,8.91540813446045,0.4692635238170624
1771525774709725400,43.66372534179688,4.200626850128174,8.910619735717773,0.3687070608139038
1771525774719729700,43.67372973632813,4.191050052642822,8.987235069274902,0.2537853717803955
1771525774729734400,43.683734375,4.157531261444092,9.049484252929688,0.23942017555236816
1771525774739739400,43.693739501953125,4.02345609664917,9.063849449157715,0.2825157940387726
1771525774749744400,43.70374438476563,3.9659950733184814,9.011177062988281,0.3447650372982025
1771525774759749600,43.71374951171875,4.0330328941345215,9.006388664245605,0.3687070608139038
1771525774769754400,43.72375439453125,4.042609691619873,8.992023468017578,0.5123591423034668
1771525774779757000,43.73375708007813,4.028244495391846,8.934561729431152,0.6560112833976746
1771525774789759500,43.74375952148438,4.066551685333252,8.838793754577637,0.727837324142456
1771525774799762200,43.75376220703125,4.095282077789307,8.810063362121582,0.689530074596405
1771525774809764600,43.7637646484375,4.052186489105225,8.762179374694824,0.6368576288223267
1771525774819767300,43.773767333984374,4.0761284828186035,8.771756172180176,0.5985504388809204
1771525774829769700,43.783769775390624,4.109647274017334,8.843582153320312,0.40701428055763245
1771525774839772400,43.7937724609375,4.11443567276001,8.948927879333496,0.14844051003456116
1771525774849774800,43.80377490234375,4.162319660186768,9.049484252929688,-0.023942016065120697
1771525774859777500,43.81377758789063,4.1862616539001465,9.059061050415039,-0.019153613597154617
1771525774869780000,43.82378002929688,4.195838451385498,9.025542259216309,0.12449848651885986
1771525774879782400,43.83378247070313,4.234145641326904,8.987235069274902,0.3016694188117981
1771525774889785000,43.84378515625,4.286818027496338,8.920196533203125,0.4692635238170624
1771525774899787500,43.85378759765625,4.291606426239014,8.838793754577637,0.569819986820221
1771525774909790200,43.86379028320312,4.291606426239014,8.843582153320312,0.5123591423034668
1771525774919792600,43.87379272460937,4.214992046356201,8.862735748291016,0.3926490843296051
1771525774929795300,43.88379541015625,4.176684856414795,8.877100944519043,0.2346317619085312
1771525774939797800,43.8937978515625,4.195838451385498,8.910619735717773,0.09576806426048279
1771525774949800400,43.903800537109376,4.162319660186768,8.934561729431152,0.043095629662275314
1771525774959803000,43.913802978515626,4.095282077789307,8.948927879333496,0.06703764945268631
1771525774969805600,43.9238056640625,4.085705280303955,8.982446670532227,0.1628057211637497
1771525774979808000,43.93380810546875,4.124012470245361,8.97765827178955,0.3064578175544739
1771525774989810700,43.94381079101562,4.243722438812256,8.944138526916504,0.3926490843296051
1771525774999813000,43.95381323242187,4.315548419952393,8.958504676818848,0.42616790533065796
1771525775009815800,43.96381591796875,4.3394904136657715,8.963293075561523,0.4644751250743866
1771525775019818200,43.973818359375,4.291606426239014,8.920196533203125,0.5123591423034668
1771525775029821000,43.983821044921875,4.2293572425842285,8.881889343261719,0.4405331015586853
1771525775039823400,43.9938232421875,4.277241230010986,8.853158950805664,0.35434186458587646
1771525775049825800,44.00382568359375,4.344278812408447,8.867524147033691,0.272938996553421
1771525775069831000,44.023830810546876,3.755305290222168,9.015965461730957,0.014365210197865963
1771525775079833600,44.03383349609375,3.640383720397949,9.030330657958984,-0.11971008777618408
1771525775089836000,44.0438359375,3.6308069229125977,9.09257984161377,-0.15322890877723694
1771525775099838700,44.05383862304687,3.7888240814208984,9.09257984161377,-0.08140286058187485
1771525775119843800,44.07384375,4.349067211151123,8.996811866760254,0.17717093229293823
