time,seconds_elapsed,z,y,x
1771525731178453800,0.132453857421875,0.058589499443769455,-0.08042740821838379,-0.0624510794878006
1771525731188454100,0.1424541015625,0.034088436514139175,-0.015446322970092297,-0.0294279083609581
1771525731228460500,0.18246044921875,-0.030892645940184593,0.04314317926764488,0.061119500547647476
1771525731258470000,0.212469970703125,0.010652636177837849,-0.030360013246536255,0.024900536984205246
1771525731268473900,0.222473876953125,0.03195790946483612,-0.05273054912686348,0.014247900806367397
1771525731278478000,0.23247802734375,0.045806337147951126,-0.06870950758457184,0.00892158318310976
1771525731298487000,0.252487060546875,0.050067391246557236,-0.042077913880348206,-0.0294279083609581
1771525731348504800,0.3025048828125,0.022370535880327225,0.04314317926764488,0.012117373757064342
1771525731358507500,0.312507568359375,0.02024000883102417,0.046338967978954315,0.00892158318310976
1771525731388515600,0.342515625,0.0031957910396158695,0.03142527863383293,0.005725792143493891
1771525731398518300,0.352518310546875,0.005326318088918924,0.01651158556342125,0.01850895583629608
1771525731408521000,0.36252099609375,0.010652636177837849,0.00798947736620903,0.029161592945456505
1771525731418523600,0.372523681640625,0.010652636177837849,0.0037284228019416332,0.030226856470108032
1771525731428526300,0.3825263671875,0.008522109128534794,0.0037284228019416332,0.01850895583629608
1771525731438529000,0.392529052734375,0.004261054564267397,0.004793686326593161,0.0035952648613601923
1771525731448531700,0.40253173828125,-0.004261054564267397,0.0005326318205334246,-0.004926844500005245
1771525731458534400,0.412534423828125,-0.010652636177837849,-0.015446322970092297,-0.010253162123262882
1771525731468537300,0.422537353515625,-0.012783164158463478,-0.042077913880348206,-0.02090579830110073
1771525731478540000,0.4325400390625,-0.006391582079231739,-0.0516652874648571,-0.02197106182575226
1771525731488542700,0.442542724609375,-0.0074568456038832664,-0.038882121443748474,-0.009187898598611355
1771525731498545400,0.45254541015625,-0.019174745306372643,-0.013315795920789242,0.0025300011038780212
1771525731508548000,0.462548095703125,-0.02769685536623001,0.025033695623278618,0.012117373757064342
1771525731518550800,0.47255078125,-0.02769685536623001,0.05592634156346321,0.02277000993490219
1771525731528553500,0.482553466796875,-0.0330231711268425,0.08149266988039017,0.03129211813211441
1771525731538556200,0.49255615234375,-0.04474107176065445,0.1038632020354271,0.03129211813211441
1771525731548558800,0.502558837890625,-0.045806337147951126,0.1368863731622696,0.024900536984205246
1771525731558561300,0.512561279296875,-0.042610544711351395,0.1603221744298935,0.01957421936094761
1771525731568564000,0.52256396484375,-0.05326318368315697,0.17204007506370544,0.020639482885599136
1771525731578566700,0.532566650390625,-0.05965476483106613,0.18695376813411713,0.028096329420804977
1771525731588569300,0.5425693359375,-0.061785291880369186,0.16245271265506744,0.033422645181417465
1771525731598572000,0.552572021484375,-0.061785291880369186,0.10492847114801407,0.029161592945456505
1771525731608574700,0.56257470703125,-0.046871598809957504,0.054861076176166534,0.03768370300531387
1771525731618577400,0.572577392578125,-0.029827382415533066,0.022903168573975563,0.0504668653011322
1771525731628580000,0.582580078125,-0.02769685536623001,0.021837905049324036,0.06325002759695053
1771525731638582500,0.59258251953125,-0.011717899702489376,0.033555805683135986,0.08562056720256805
1771525731648585200,0.602585205078125,-0.010652636177837849,0.04527370631694794,0.07070687413215637
1771525731658588000,0.612587890625,0.005326318088918924,0.03675159439444542,0.04620581120252609
1771525731668590600,0.622590576171875,0.02024000883102417,0.020772641524672508,0.01850895583629608
1771525731678593300,0.63259326171875,0.02769685536623001,0.018642114475369453,-0.010253162123262882
1771525731688596000,0.642595947265625,0.026631591841578484,0.020772641524672508,-0.035819489508867264
1771525731698598700,0.6525986328125,0.014913691207766533,0.015446322970092297,-0.056059498339891434
1771525731708601300,0.662601318359375,0.011717899702489376,0.011185267940163612,-0.056059498339891434
1771525731718603800,0.672603759765625,0.012783164158463478,0.011185267940163612,-0.039015281945466995
1771525731728606500,0.6826064453125,0.006391582079231739,-0.0015978955198079348,-0.028362644836306572
1771525731738609200,0.692609130859375,0.006391582079231739,-0.0005326318205334246,-0.02516685426235199
1771525731748611800,0.70261181640625,0.017044218257069588,0.020772641524672508,-0.01664474420249462
1771525731758614500,0.712614501953125,0.0021305272821336985,0.0655137151479721,-0.02090579830110073
1771525731768617200,0.7226171875,-0.006391582079231739,0.12303794920444489,-0.004926844500005245
1771525731778620000,0.732619873046875,-0.014913691207766533,0.10173267871141434,-0.012383690103888512
1771525731788622600,0.74262255859375,-0.0021305272821336985,0.026098959147930145,-0.051798444241285324
1771525731798625300,0.752625244140625,0.03941475600004196,-0.058056868612766266,-0.07843003422021866
1771525731808628000,0.7626279296875,0.06072002649307251,-0.1038632020354271,-0.09440898895263672
1771525731818630700,0.772630615234375,0.06391581892967224,-0.11132004857063293,-0.0954742506146431
1771525731828633300,0.78263330078125,0.05965476483106613,-0.06444845348596573,-0.06458161026239395
1771525731838636000,0.792635986328125,0.034088436514139175,-0.006924213841557503,-0.047537390142679214
1771525731848638700,0.802638671875,0.02450106292963028,-0.017576850950717926,-0.023036325350403786
1771525731858641700,0.8126416015625,0.02769685536623001,-0.021837905049324036,-0.0006657897611148655
1771525731868644400,0.822644287109375,0.010652636177837849,-0.009054740890860558,0.021704746410250664
1771525731878647000,0.83264697265625,-0.01597895473241806,-0.0015978955198079348,0.0270310640335083
1771525731888649700,0.842649658203125,-0.022370535880327225,-0.01438105944544077,0.033422645181417465
1771525731898652400,0.85265234375,-0.022370535880327225,-0.011185267940163612,0.03981423005461693
1771525731908655000,0.862655029296875,-0.026631591841578484,-0.013315795920789242,0.033422645181417465
1771525731918657800,0.87265771484375,-0.02450106292963028,-0.026098959147930145,0.029161592945456505
1771525731928660500,0.882660400390625,-0.017044218257069588,-0.03142527863383293,0.030226856470108032
1771525731938663200,0.8926630859375,-0.017044218257069588,-0.030360013246536255,0.017443692311644554
1771525731948665900,0.902665771484375,-0.018109481781721115,-0.010120004415512085,0.00892158318310976
1771525731958668500,0.91266845703125,-0.02769685536623001,0.0516652874648571,0.021704746410250664
1771525731968671200,0.922671142578125,-0.04793686419725418,0.11025478690862656,0.02383527345955372
1771525731978674200,0.932674072265625,-0.066046342253685,0.1411474347114563,0.02277000993490219
1771525731988676900,0.9426767578125,-0.07243792712688446,0.13369058072566986,0.0270310640335083
1771525731998679600,0.952679443359375,-0.08096003532409668,0.1038632020354271,0.030226856470108032
1771525732008682200,0.96268212890625,-0.07882951200008392,0.0516652874648571,0.03129211813211441
1771525732018685000,0.972684814453125,-0.05113265663385391,-0.02396843209862709,0.03448791056871414
1771525732028687600,0.9826875,-0.04048001766204834,-0.09214530140161514,0.03555317223072052
1771525732038690300,0.992690185546875,-0.026631591841578484,-0.11877689510583878,0.01957421936094761
1771525732048693000,1.00269287109375,-0.009587372653186321,-0.11238531768321991,0.016378428786993027
1771525732058695700,1.01269580078125,0.0021305272821336985,-0.08149266988039017,0.01850895583629608
1771525732068698400,1.022698486328125,0.005326318088918924,-0.04420844092965126,0.007856319658458233
1771525732078701000,1.032701171875,0.0074568456038832664,-0.013315795920789242,-0.008122635073959827
1771525732088703700,1.042703857421875,0.012783164158463478,-0.010120004415512085,-0.014514217153191566
1771525732098706400,1.05270654296875,0.012783164158463478,-0.01438105944544077,-0.014514217153191566
1771525732108709400,1.06270947265625,0.009587372653186321,-0.021837905049324036,-0.013448953628540039
1771525732118712000,1.072712158203125,0.006391582079231739,-0.0282294861972332,-0.009187898598611355
1771525732128714800,1.08271484375,0,-0.026098959147930145,-0.0006657897611148655
1771525732138717400,1.092717529296875,-0.006391582079231739,-0.018642114475369453,0.0003994738799519837
1771525732148720000,1.10272021484375,-0.009587372653186321,-0.01970737800002098,-0.0006657897611148655
1771525732158722800,1.112722900390625,0,-0.025033695623278618,0.005725792143493891
1771525732168725500,1.1227255859375,0.009587372653186321,-0.027164222672581673,0.007856319658458233
1771525732178728200,1.132728271484375,0.017044218257069588,-0.04846949502825737,-0.005992108024656773
1771525732188731000,1.14273095703125,0.026631591841578484,-0.07297056168317795,-0.019840534776449203
1771525732198733600,1.152733642578125,0.0330231711268425,-0.07403582334518433,-0.027297381311655045
1771525732208736300,1.162736328125,0.02876211889088154,-0.06444845348596573,-0.01664474420249462
1771525732218739000,1.172739013671875,0.021305272355675697,-0.06018739566206932,-0.0017310534603893757
1771525732228742000,1.182741943359375,0.019174745306372643,-0.06870950758457184,0.001464737462811172
1771525732238744600,1.19274462890625,0.023435799404978752,-0.0751010850071907,-0.010253162123262882
1771525732248747300,1.202747314453125,0.014913691207766533,-0.07616634666919708,-0.0294279083609581
1771525732258750000,1.21275,0.009587372653186321,-0.06444845348596573,-0.04221107065677643
1771525732268752600,1.222752685546875,0.004261054564267397,-0.04953476041555405,-0.04114580899477005
1771525732278755300,1.23275537109375,-0.0010652636410668492,-0.026098959147930145,-0.024101590737700462
1771525732288758000,1.242758056640625,-0.008522109128534794,0.005858949851244688,-0.004926844500005245
1771525732298760700,1.2527607421875,-0.018109481781721115,0.038882121443748474,0.005725792143493891
1771525732308763400,1.262763427734375,-0.022370535880327225,0.05273054912686348,0.014247900806367397
1771525732318766000,1.27276611328125,-0.025566328316926956,0.054861076176166534,0.01318263728171587
1771525732328768800,1.282768798828125,-0.03195790946483612,0.05699160322546959,0.0153131652623415
1771525732338771500,1.292771484375,-0.03941475600004196,0.0655137151479721,0.02277000993490219
1771525732348774100,1.302774169921875,-0.045806337147951126,0.05592634156346321,0.020639482885599136
1771525732358777000,1.312777099609375,-0.042610544711351395,0.029294749721884727,0.00892158318310976
1771525732368779800,1.32277978515625,-0.03195790946483612,-0.004793686326593161,-0.012383690103888512
1771525732378782500,1.332782470703125,-0.02450106292963028,-0.022903168573975563,-0.02516685426235199
1771525732388785200,1.34278515625,-0.017044218257069588,-0.04314317926764488,-0.026232117787003517
1771525732398787800,1.352787841796875,-0.011717899702489376,-0.04953476041555405,-0.02516685426235199
1771525732408790500,1.36279052734375,-0.010652636177837849,-0.046338967978954315,-0.039015281945466995
1771525732418793200,1.372793212890625,-0.0031957910396158695,-0.04740423336625099,-0.06458161026239395
1771525732428796000,1.3827958984375,0.0031957910396158695,-0.0516652874648571,-0.06671213358640671
1771525732438798600,1.392798583984375,0.005326318088918924,-0.061252661049366,-0.06564687192440033
1771525732448801300,1.40280126953125,0.0021305272821336985,-0.04314317926764488,-0.04540686309337616
1771525732458804000,1.412803955078125,-0.005326318088918924,-0.025033695623278618,-0.008122635073959827
1771525732468806700,1.422806640625,-0.01597895473241806,-0.009054740890860558,0.009986846707761288
1771525732478809300,1.432809326171875,-0.026631591841578484,0.0015978955198079348,0.005725792143493891
1771525732488812300,1.442812255859375,-0.03195790946483612,-0.0005326318205334246,-0.008122635073959827
1771525732498815000,1.45281494140625,-0.0330231711268425,-0.0037284228019416332,-0.026232117787003517
1771525732508817700,1.462817626953125,-0.03515370190143585,0.002663159044459462,-0.031558435410261154
1771525732518820400,1.4728203125,-0.03515370190143585,0.01438105944544077,-0.03795001655817032
1771525732528823000,1.482822998046875,-0.03515370190143585,0.04527370631694794,-0.01771000772714615
1771525732538825700,1.49282568359375,-0.02876211889088154,0.04953476041555405,0.006791055668145418
1771525732548828400,1.502828369140625,-0.012783164158463478,0.0516652874648571,0.02277000993490219
1771525732558831000,1.5128310546875,0.0031957910396158695,0.04314317926764488,0.04194475710391998
1771525732568833800,1.522833740234375,0.011717899702489376,0.03249054029583931,0.05153212696313858
1771525732578836500,1.53283642578125,0.017044218257069588,0.021837905049324036,0.04727107286453247
1771525732588839200,1.542839111328125,0.018109481781721115,0.005858949851244688,0.029161592945456505
1771525732598841900,1.552841796875,0.019174745306372643,-0.01225053146481514,0.012117373757064342
1771525732608844800,1.5628447265625,0.021305272355675697,-0.034621067345142365,0.011052110232412815
1771525732618847500,1.572847412109375,0.02450106292963028,-0.053795814514160156,0.014247900806367397
1771525732628850200,1.58285009765625,0.026631591841578484,-0.06338318437337875,0.005725792143493891
1771525732638852900,1.592852783203125,0.026631591841578484,-0.05273054912686348,-0.0006657897611148655
1771525732648855600,1.60285546875,0.02450106292963028,-0.033555805683135986,0.0035952648613601923
1771525732658858200,1.612858154296875,0.017044218257069588,-0.01225053146481514,0.020639482885599136
1771525732668861000,1.62286083984375,0.004261054564267397,0.009054740890860558,0.03555317223072052
1771525732678863600,1.632863525390625,-0.012783164158463478,0.027164222672581673,0.04301001876592636
1771525732698869000,1.652868896484375,-0.03728422895073891,0.026098959147930145,0.01850895583629608
1771525732708871700,1.66287158203125,-0.041545283049345016,0.029294749721884727,0.005725792143493891
1771525732718874400,1.672874267578125,-0.042610544711351395,0.018642114475369453,0.007856319658458233
1771525732728877000,1.682876953125,-0.034088436514139175,0.010120004415512085,0.005725792143493891
1771525732738880000,1.6928798828125,-0.022370535880327225,0.002663159044459462,0.006791055668145418
1771525732748882700,1.702882568359375,-0.0074568456038832664,-0.02396843209862709,0.012117373757064342
1771525732758885400,1.712885498046875,0.0074568456038832664,-0.04846949502825737,0.0003994738799519837
1771525732768888000,1.72288818359375,0.01597895473241806,-0.0516652874648571,-0.014514217153191566
1771525732778890800,1.732890869140625,0.014913691207766533,-0.04101264849305153,-0.019840534776449203
1771525732788893400,1.7428935546875,0.006391582079231739,-0.033555805683135986,-0.018775271251797676
1771525732798896000,1.752896240234375,0.0021305272821336985,-0.025033695623278618,-0.019840534776449203
1771525732808898800,1.76289892578125,-0.0021305272821336985,-0.01225053146481514,-0.012383690103888512
1771525732818901500,1.772901611328125,-0.0021305272821336985,-0.013315795920789242,0.001464737462811172
1771525732828904200,1.782904296875,0.004261054564267397,-0.026098959147930145,0.011052110232412815
1771525732838907000,1.792906982421875,0.013848427683115005,-0.030360013246536255,0.0153131652623415
1771525732848909600,1.80290966796875,0.014913691207766533,-0.026098959147930145,0.01318263728171587
1771525732858912500,1.81291259765625,0.010652636177837849,-0.017576850950717926,0.01318263728171587
1771525732868915200,1.822915283203125,0.008522109128534794,-0.004793686326593161,0.012117373757064342
1771525732878918000,1.83291796875,0.010652636177837849,-0.004793686326593161,0.01318263728171587
1771525732888920600,1.842920654296875,0.013848427683115005,-0.00798947736620903,0.014247900806367397
1771525732898923300,1.85292333984375,0.013848427683115005,-0.005858949851244688,0.0153131652623415
1771525732908926000,1.862926025390625,0.014913691207766533,-0.009054740890860558,0.024900536984205246
1771525732918928600,1.8729287109375,0.01597895473241806,-0.017576850950717926,0.03129211813211441
1771525732928931300,1.882931396484375,0.013848427683115005,-0.0282294861972332,0.0270310640335083
1771525732938934000,1.89293408203125,0.010652636177837849,-0.03568633273243904,0.02277000993490219
1771525732948936700,1.902936767578125,0.0021305272821336985,-0.03568633273243904,0.02277000993490219
1771525732958939400,1.912939453125,-0.009587372653186321,-0.025033695623278618,0.020639482885599136
1771525732968942000,1.922942138671875,-0.02024000883102417,-0.011185267940163612,0.01850895583629608
1771525732978944800,1.93294482421875,-0.025566328316926956,0.006924213841557503,0.01318263728171587
1771525732988947700,1.94294775390625,-0.026631591841578484,0.020772641524672508,0.01318263728171587
1771525732998950400,1.952950439453125,-0.021305272355675697,0.013315795920789242,0.028096329420804977
1771525733008953000,1.962953125,-0.010652636177837849,-0.018642114475369453,0.03235738351941109
1771525733018955800,1.972955810546875,-0.006391582079231739,-0.042077913880348206,0.016378428786993027
1771525733028958500,1.98295849609375,-0.005326318088918924,-0.04420844092965126,-0.0070573715493083
1771525733038961200,1.992961181640625,-0.006391582079231739,-0.03249054029583931,-0.0070573715493083
1771525733048963800,2.0029638671875,-0.0074568456038832664,-0.0282294861972332,0.001464737462811172
1771525733058966500,2.012966552734375,-0.008522109128534794,-0.01438105944544077,-0.0070573715493083
1771525733068969200,2.02296923828125,-0.008522109128534794,0.004793686326593161,-0.01664474420249462
1771525733078972000,2.032971923828125,-0.009587372653186321,0.022903168573975563,-0.004926844500005245
1771525733088974600,2.042974609375,-0.010652636177837849,0.01438105944544077,0.0153131652623415
1771525733098977300,2.052977294921875,-0.014913691207766533,0.002663159044459462,0.0153131652623415
1771525733108980000,2.06297998046875,-0.019174745306372643,-0.0037284228019416332,-0.009187898598611355
1771525733118983000,2.07298291015625,-0.017044218257069588,-0.006924213841557503,-0.018775271251797676
1771525733128985600,2.082985595703125,-0.009587372653186321,-0.018642114475369453,-0.009187898598611355
1771525733138988300,2.09298828125,-0.004261054564267397,-0.027164222672581673,-0.0006657897611148655
1771525733148991000,2.102990966796875,-0.004261054564267397,-0.038882121443748474,-0.0006657897611148655
1771525733158993700,2.11299365234375,-0.006391582079231739,-0.026098959147930145,-0.009187898598611355
1771525733168996400,2.122996337890625,-0.010652636177837849,-0.010120004415512085,-0.009187898598611355
1771525733178999000,2.1329990234375,-0.0074568456038832664,-0.004793686326593161,-0.003861580742523074
1771525733189001700,2.143001708984375,-0.005326318088918924,-0.002663159044459462,-0.0017310534603893757
1771525733199004400,2.15300439453125,-0.006391582079231739,-0.005858949851244688,0.0003994738799519837
1771525733209007000,2.163007080078125,-0.005326318088918924,-0.006924213841557503,-0.002796316985040903
1771525733219009800,2.173009765625,-0.005326318088918924,-0.002663159044459462,-0.009187898598611355
1771525733229012500,2.183012451171875,-0.0031957910396158695,0.006924213841557503,-0.010253162123262882
1771525733239015400,2.193015380859375,0,0.011185267940163612,0.0003994738799519837
1771525733249018000,2.20301806640625,0.0021305272821336985,0.01225053146481514,0.009986846707761288
1771525733259020800,2.213020751953125,0.004261054564267397,0.00798947736620903,0.0025300011038780212
1771525733269023500,2.2230234375,0.0031957910396158695,0.005858949851244688,-0.004926844500005245
1771525733279026200,2.233026123046875,-0.0021305272821336985,0.01438105944544077,-0.011318426579236984
1771525733289028900,2.24302880859375,-0.009587372653186321,0.026098959147930145,-0.01664474420249462
1771525733299031600,2.253031494140625,-0.008522109128534794,0.020772641524672508,-0.012383690103888512
1771525733309034200,2.2630341796875,-0.0010652636410668492,0.011185267940163612,-0.003861580742523074
1771525733319037000,2.273036865234375,0.0021305272821336985,0.005858949851244688,0.001464737462811172
1771525733329039600,2.28303955078125,0.0031957910396158695,-0.009054740890860558,0.011052110232412815
1771525733339042300,2.293042236328125,-0.0021305272821336985,-0.013315795920789242,0.007856319658458233
1771525733349045000,2.303044921875,-0.011717899702489376,-0.005858949851244688,-0.0070573715493083
1771525733359047700,2.313047607421875,-0.018109481781721115,0.01438105944544077,-0.010253162123262882
1771525733369050600,2.323050537109375,-0.02024000883102417,0.01651158556342125,0.014247900806367397
1771525733379053300,2.33305322265625,-0.023435799404978752,0.0282294861972332,0.03874896466732025
1771525733389056000,2.343055908203125,-0.03195790946483612,0.04420844092965126,0.04833633825182915
1771525733399058700,2.35305859375,-0.04048001766204834,0.0708400309085846,0.049401599913835526
1771525733409061400,2.363061279296875,-0.038349490612745285,0.058056868612766266,0.04833633825182915
1771525733419064000,2.37306396484375,-0.02769685536623001,0.03568633273243904,0.028096329420804977
1771525733429066800,2.383066650390625,-0.018109481781721115,0.020772641524672508,-0.0070573715493083
1771525733439069400,2.3930693359375,-0.009587372653186321,0.010120004415512085,-0.028362644836306572
1771525733449072000,2.403072021484375,-0.004261054564267397,-0.00798947736620903,-0.014514217153191566
1771525733459074800,2.41307470703125,0.0010652636410668492,-0.04420844092965126,0.005725792143493891
1771525733469077500,2.423077392578125,-0.0010652636410668492,-0.053795814514160156,0.009986846707761288
1771525733479080200,2.433080078125,-0.005326318088918924,-0.03568633273243904,0.0035952648613601923
1771525733489083100,2.443083251953125,-0.0074568456038832664,-0.0015978955198079348,0.014247900806367397
1771525733499085800,2.4530859375,-0.009587372653186321,0.029294749721884727,0.03555317223072052
1771525733509088500,2.463088623046875,-0.006391582079231739,0.03994738683104515,0.040879491716623306
1771525733519091200,2.47309130859375,-0.0010652636410668492,0.042077913880348206,0.029161592945456505
1771525733529094000,2.483093994140625,0.005326318088918924,0.037816859781742096,0.007856319658458233
1771525733539096600,2.4930966796875,0.012783164158463478,0.021837905049324036,-0.008122635073959827
1771525733549099300,2.503099365234375,0.018109481781721115,0.0005326318205334246,-0.015579480677843094
1771525733559098600,2.5130986328125,0.018109481781721115,-0.025033695623278618,-0.024101590737700462
1771525733579097600,2.53309765625,0.01597895473241806,-0.037816859781742096,-0.05712476372718811
1771525733589098000,2.543097900390625,0.021305272355675697,-0.038882121443748474,-0.04966791719198227
1771525733599098600,2.5530986328125,0.025566328316926956,-0.029294749721884727,-0.034754227846860886
1771525733609100300,2.563100341796875,0.018109481781721115,-0.006924213841557503,-0.02516685426235199
1771525733619102200,2.573102294921875,0.008522109128534794,0.01438105944544077,-0.030493171885609627
1771525733629105200,2.583105224609375,0.005326318088918924,0.022903168573975563,-0.04114580899477005
1771525733639108600,2.593108642578125,0.008522109128534794,0.018642114475369453,-0.050733182579278946
1771525733649112600,2.603112548828125,0.011717899702489376,0.017576850950717926,-0.052863709628582
1771525733659117000,2.613116943359375,0.019174745306372643,0.018642114475369453,-0.054994236677885056
1771525733669122000,2.6231220703125,0.02769685536623001,0.011185267940163612,-0.052863709628582
1771525733679127300,2.633127197265625,0.03621896356344223,0.002663159044459462,-0.056059498339891434
1771525733689132800,2.6431328125,0.038349490612745285,-0.002663159044459462,-0.06138581782579422
1771525733699138300,2.65313818359375,0.03621896356344223,0.0005326318205334246,-0.06671213358640671
1771525733709143300,2.663143310546875,0.034088436514139175,0.0005326318205334246,-0.06564687192440033
1771525733719146000,2.67314599609375,0.03515370190143585,-0.005858949851244688,-0.06032055243849754
1771525733729148700,2.683148681640625,0.03728422895073891,-0.002663159044459462,-0.05712476372718811
1771525733739151400,2.6931513671875,0.03728422895073891,0.005858949851244688,-0.054994236677885056
1771525733749154000,2.703154052734375,0.038349490612745285,0.004793686326593161,-0.04966791719198227
1771525733759156700,2.71315673828125,0.04367581009864807,-0.0005326318205334246,-0.04434159770607948
1771525733769159400,2.723159423828125,0.046871598809957504,0.0037284228019416332,-0.03795001655817032
1771525733779162000,2.733162109375,0.046871598809957504,-0.0005326318205334246,-0.04434159770607948
1771525733789164800,2.743164794921875,0.046871598809957504,-0.0015978955198079348,-0.06671213358640671
1771525733799167500,2.75316748046875,0.050067391246557236,0.0015978955198079348,-0.08695214241743088
1771525733809170200,2.763170166015625,0.0564589723944664,-0.0015978955198079348,-0.09653951972723007
1771525733819172900,2.7731728515625,0.06391581892967224,0.0015978955198079348,-0.09334372729063034
1771525733829175300,2.78317529296875,0.066046342253685,0.0037284228019416332,-0.07843003422021866
1771525733839178000,2.793177978515625,0.06391581892967224,0.0005326318205334246,-0.05392897129058838
1771525733849180700,2.8031806640625,0.05965476483106613,0.00798947736620903,-0.028362644836306572
1771525733859183400,2.813183349609375,0.05219791829586029,0.002663159044459462,-0.014514217153191566
1771525733869186000,2.82318603515625,0.04474107176065445,0.0037284228019416332,-0.018775271251797676
1771525733879188700,2.833188720703125,0.03515370190143585,0.006924213841557503,-0.031558435410261154
1771525733889191400,2.84319140625,0.029827382415533066,0.0037284228019416332,-0.04008054360747337
1771525733899194000,2.853194091796875,0.0330231711268425,-0.004793686326593161,-0.050733182579278946
1771525733909196500,2.863196533203125,0.03621896356344223,-0.005858949851244688,-0.06671213358640671
1771525733929202000,2.883201904296875,0.046871598809957504,-0.002663159044459462,-0.08056056499481201
1771525733939204600,2.89320458984375,0.050067391246557236,0.010120004415512085,-0.08801741153001785
1771525733949207300,2.903207275390625,0.05113265663385391,0.01225053146481514,-0.09867004305124283
1771525733959210000,2.9132099609375,0.05219791829586029,-0.0037284228019416332,-0.11251847445964813
1771525733969212700,2.923212646484375,0.05326318368315697,-0.006924213841557503,-0.12423637509346008
1771525733979215400,2.93321533203125,0.04793686419725418,-0.009054740890860558,-0.12104058265686035
1771525733989217800,2.9432177734375,0.041545283049345016,-0.021837905049324036,-0.11145320534706116
1771525733999220500,2.953220458984375,0.029827382415533066,-0.03568633273243904,-0.11358373612165451
1771525734009223200,2.96322314453125,0.010652636177837849,-0.046338967978954315,-0.12636689841747284
1771525734019225900,2.973225830078125,-0.0074568456038832664,-0.053795814514160156,-0.14447638392448425
1771525734029228500,2.983228515625,-0.022370535880327225,-0.053795814514160156,-0.14980269968509674
1771525734039231200,2.993231201171875,-0.03728422895073891,-0.042077913880348206,-0.14341111481189728
1771525734049234000,3.00323388671875,-0.046871598809957504,-0.02396843209862709,-0.13062795996665955
1771525734059236600,3.013236572265625,-0.050067391246557236,-0.01225053146481514,-0.10612688958644867
1771525734069239300,3.0232392578125,-0.04900212585926056,-0.004793686326593161,-0.08375635743141174
1771525734079242000,3.033241943359375,-0.050067391246557236,-0.0015978955198079348,-0.08482161909341812
1771525734089244700,3.04324462890625,-0.05539371073246002,0.005858949851244688,-0.10293109714984894
1771525734099247600,3.05324755859375,-0.061785291880369186,0.01438105944544077,-0.12210584431886673
1771525734109250300,3.063250244140625,-0.0703074038028717,0.033555805683135986,-0.12317110598087311
1771525734119253000,3.0732529296875,-0.0798947736620903,0.050600022077560425,-0.11038794368505478
1771525734129255700,3.083255615234375,-0.08735162019729614,0.0516652874648571,-0.0954742506146431
1771525734139258400,3.09325830078125,-0.09587372839450836,0.050600022077560425,-0.08162582665681839
1771525734149261000,3.103260986328125,-0.10546109825372696,0.03675159439444542,-0.06351634114980698
1771525734159263700,3.113263671875,-0.1129179447889328,-0.004793686326593161,-0.04860265180468559
1771525734169266400,3.123266357421875,-0.1129179447889328,-0.04527370631694794,-0.04540686309337616
1771525734179269000,3.13326904296875,-0.11078742146492004,-0.07936213910579681,-0.054994236677885056
1771525734189271800,3.143271728515625,-0.1033305749297142,-0.10279794037342072,-0.06884266436100006
1771525734199274500,3.1532744140625,-0.09374319761991501,-0.10599373281002045,-0.06777740269899368
1771525734209277200,3.163277099609375,-0.08202529698610306,-0.07616634666919708,-0.04221107065677643
1771525734219280000,3.17327978515625,-0.05965476483106613,-0.054861076176166534,0.001464737462811172
1771525734229282800,3.18328271484375,-0.04793686419725418,-0.053795814514160156,0.04194475710391998
1771525734239285500,3.193285400390625,-0.03941475600004196,-0.046338967978954315,0.0504668653011322
1771525734249288200,3.2032880859375,-0.041545283049345016,-0.03994738683104515,0.03555317223072052
1771525734259291000,3.213290771484375,-0.05539371073246002,-0.01438105944544077,-0.010253162123262882
1771525734269293600,3.22329345703125,-0.07137266546487808,0.01225053146481514,-0.0762995108962059
1771525734279296300,3.233296142578125,-0.07456845790147781,0.03142527863383293,-0.14128059148788452
1771525734289299000,3.243298828125,-0.0703074038028717,0.0516652874648571,-0.1988048255443573
1771525734299301600,3.253301513671875,-0.05113265663385391,0.0655137151479721,-0.23928484320640564
1771525734309304300,3.26330419921875,-0.019174745306372643,0.06018739566206932,-0.2552638053894043
1771525734319307000,3.27330712890625,0.012783164158463478,0.046338967978954315,-0.2637858986854553
1771525734329309700,3.283309814453125,0.03728422895073891,0.021837905049324036,-0.2840259075164795
1771525734339312400,3.2933125,0.05965476483106613,-0.009054740890860558,-0.28189539909362793
1771525734349315000,3.303315185546875,0.07563371956348419,-0.03249054029583931,-0.2456764280796051
1771525734359318000,3.313318115234375,0.08202529698610306,-0.04101264849305153,-0.19241324067115784
1771525734369320700,3.32332080078125,0.07563371956348419,-0.04420844092965126,-0.1327584832906723
1771525734379323400,3.333323486328125,0.05752423778176308,-0.03994738683104515,-0.09014793485403061
1771525734389326000,3.343326171875,0.03195790946483612,-0.02396843209862709,-0.07310371845960617
1771525734399328800,3.353328857421875,0.011717899702489376,-0.020772641524672508,-0.08482161909341812
1771525734409331500,3.36333154296875,-0.0031957910396158695,-0.01225053146481514,-0.10612688958644867
1771525734419334100,3.373334228515625,-0.006391582079231739,-0.009054740890860558,-0.12423637509346008
1771525734429336800,3.3833369140625,-0.004261054564267397,-0.011185267940163612,-0.1380847990512848
1771525734439339500,3.393339599609375,0.009587372653186321,-0.015446322970092297,-0.146606907248497
1771525734449342200,3.40334228515625,0.0330231711268425,-0.04101264849305153,-0.14341111481189728
1771525734459345000,3.413344970703125,0.05219791829586029,-0.061252661049366,-0.14128059148788452
1771525734469347600,3.42334765625,0.061785291880369186,-0.06657897680997849,-0.14447638392448425
1771525734479350500,3.4333505859375,0.066046342253685,-0.04953476041555405,-0.14341111481189728
1771525734489353200,3.443353271484375,0.06817687302827835,-0.018642114475369453,-0.13595427572727203
1771525734499356000,3.45335595703125,0.06924213469028473,0.004793686326593161,-0.11784479022026062
1771525734509358600,3.463358642578125,0.07137266546487808,0.01438105944544077,-0.10186583548784256
1771525734519361300,3.473361328125,0.07882951200008392,0.022903168573975563,-0.08801741153001785
1771525734529364000,3.483364013671875,0.08309056609869003,0.030360013246536255,-0.06777740269899368
1771525734539366700,3.49336669921875,0.08628635853528976,0.03142527863383293,-0.043276336044073105
1771525734549369300,3.503369384765625,0.08841688185930252,0.030360013246536255,-0.027297381311655045
1771525734559372000,3.5133720703125,0.09480846673250198,0.002663159044459462,-0.014514217153191566
1771525734569374700,3.523374755859375,0.10652636736631393,-0.042077913880348206,-0.004926844500005245
1771525734579377400,3.53337744140625,0.11504847556352615,-0.08149266988039017,0.0003994738799519837
1771525734589380000,3.543380126953125,0.11504847556352615,-0.11025478690862656,-0.009187898598611355
1771525734599382800,3.5533828125,0.11185268312692642,-0.11984215676784515,-0.02197106182575226
1771525734609385700,3.5633857421875,0.1033305749297142,-0.12303794920444489,-0.02516685426235199
1771525734619388400,3.573388427734375,0.08415582776069641,-0.11664637178182602,-0.02090579830110073
1771525734629391000,3.58339111328125,0.05965476483106613,-0.09534109383821487,-0.013448953628540039
1771525734639393800,3.593393798828125,0.030892645940184593,-0.07190529257059097,0.006791055668145418
1771525734649396500,3.603396484375,0.0074568456038832664,-0.05699160322546959,0.01957421936094761
1771525734659399200,3.613399169921875,-0.012783164158463478,-0.053795814514160156,0.006791055668145418
1771525734669401900,3.62340185546875,-0.029827382415533066,-0.06444845348596573,-0.019840534776449203
1771525734679404500,3.633404541015625,-0.03728422895073891,-0.08575372397899628,-0.04008054360747337
1771525734689407200,3.6434072265625,-0.034088436514139175,-0.11984215676784515,-0.047537390142679214
1771525734699410000,3.653409912109375,-0.021305272355675697,-0.15712638199329376,-0.054994236677885056
1771525734709412600,3.66341259765625,-0.0010652636410668492,-0.16564849019050598,-0.06138581782579422
1771525734719415300,3.673415283203125,0.019174745306372643,-0.13475584983825684,-0.07416898012161255
1771525734729418200,3.683418212890625,0.04048001766204834,-0.06018739566206932,-0.09334372729063034
1771525734739421000,3.6934208984375,0.06072002649307251,0.06018739566206932,-0.11571425944566727
1771525734749423600,3.703423583984375,0.07776424288749695,0.18588849902153015,-0.1423458606004715
1771525734759426300,3.71342626953125,0.09800425171852112,0.28389275074005127,-0.17749954760074615
1771525734769429000,3.723428955078125,0.13315795361995697,0.3446127772331238,-0.22543641924858093
1771525734779431700,3.733431640625,0.16192007064819336,0.36059173941612244,-0.2648511826992035
1771525734789434400,3.743434326171875,0.16724638640880585,0.2998717129230499,-0.3032006621360779
1771525734799437000,3.75343701171875,0.15765902400016785,0.19441060721874237,-0.3692470192909241
1771525734809439700,3.763439697265625,0.11930952966213226,0.07190529257059097,-0.4395544230937958
1771525734819442400,3.7734423828125,0.061785291880369186,-0.050600022077560425,-0.49281758069992065
1771525734829445000,3.783445068359375,-0.0010652636410668492,-0.13262532651424408,-0.4725775718688965
1771525734839447800,3.79344775390625,-0.061785291880369186,-0.19121482968330383,-0.36498594284057617
1771525734849450500,3.803450439453125,-0.10226531326770782,-0.23915168642997742,-0.21052272617816925
1771525734859453400,3.813453369140625,-0.11611373722553253,-0.2444780021905899,-0.018775271251797676
1771525734869456100,3.8234560546875,-0.10013478249311447,-0.2636527419090271,0.18895113468170166
1771525734879458800,3.833458740234375,-0.06391581892967224,-0.26578328013420105,0.350871205329895
1771525734889461500,3.84346142578125,-0.02450106292963028,-0.23595589399337769,0.4360923171043396
1771525734899464200,3.853464111328125,-0.005326318088918924,-0.1837579756975174,0.42543965578079224
1771525734909467000,3.863466796875,-0.010652636177837849,-0.08681898564100266,0.33595752716064453
1771525734919469600,3.873469482421875,-0.022370535880327225,0.03994738683104515,0.20493009686470032
1771525734929472300,3.88347216796875,-0.03941475600004196,0.15712638199329376,0.07070687413215637
1771525734939475000,3.893474853515625,-0.04900212585926056,0.24660852551460266,-0.06458161026239395
1771525734949477600,3.9034775390625,-0.03941475600004196,0.3062632977962494,-0.1753690242767334
1771525734959480300,3.913480224609375,-0.013848427683115005,0.33715593814849854,-0.2510027587413788
1771525734969483000,3.92348291015625,0.02450106292963028,0.32330751419067383,-0.2882869839668274
1771525734979485700,3.933485595703125,0.06924213469028473,0.26471802592277527,-0.2978743314743042
1771525734989488600,3.943488525390625,0.10865689069032669,0.1784316599369049,-0.2893522381782532
1771525734999491300,3.9534912109375,0.12996216118335724,0.08681898564100266,-0.2659164369106293
1771525735019496700,3.97349658203125,0.06498108059167862,0.005858949851244688,-0.15406376123428345
1771525735029499400,3.98349951171875,-0.014913691207766533,0.026098959147930145,-0.07416898012161255
1771525735039502000,3.993502197265625,-0.10439583659172058,0.04953476041555405,-0.004926844500005245
1771525735049504800,4.0035048828125,-0.17683376371860504,0.06977476924657822,0.04407528415322304
1771525735059507500,4.013507568359375,-0.2077264040708542,0.07936213910579681,0.09094688296318054
1771525735069510100,4.02351025390625,-0.2066611498594284,0.07190529257059097,0.13675321638584137
1771525735079512800,4.033512939453125,-0.17576849460601807,0.058056868612766266,0.17616797983646393
1771525735089515500,4.043515625,-0.1267663687467575,0.037816859781742096,0.2006690353155136
1771525735099518200,4.053518310546875,-0.08628635853528976,0.03675159439444542,0.18895113468170166
1771525735109521200,4.063521240234375,-0.058589499443769455,0.061252661049366,0.15273217856884003
1771525735119523800,4.07352392578125,-0.04048001766204834,0.0751010850071907,0.11225215345621109
1771525735129526500,4.083526611328125,-0.02876211889088154,0.08788424730300903,0.0834900364279747
1771525735139529200,4.093529296875,-0.02024000883102417,0.10173267871141434,0.08135951310396194
1771525735149532000,4.103531982421875,-0.017044218257069588,0.10066741704940796,0.10479531437158585
1771525735159534600,4.11353466796875,-0.018109481781721115,0.10279794037342072,0.1303616315126419
1771525735169537300,4.123537353515625,-0.012783164158463478,0.10599373281002045,0.1495363861322403
1771525735179540000,4.1335400390625,-0.0010652636410668492,0.09108003973960876,0.18042902648448944
1771525735189542700,4.143542724609375,0.0074568456038832664,0.0708400309085846,0.20173430442810059
1771525735199545300,4.15354541015625,0.011717899702489376,0.038882121443748474,0.19001640379428864
1771525735209548000,4.163548095703125,0.013848427683115005,-0.0005326318205334246,0.16445007920265198
1771525735219550700,4.17355078125,0.011717899702489376,-0.03568633273243904,0.1356879621744156
1771525735229553400,4.183553466796875,0.005326318088918924,-0.05273054912686348,0.12503531575202942
1771525735239556400,4.193556396484375,0.004261054564267397,-0.07190529257059097,0.1442100703716278
1771525735249559000,4.20355908203125,0.0031957910396158695,-0.09001477807760239,0.18042902648448944
1771525735259561700,4.213561767578125,0.005326318088918924,-0.09747162461280823,0.219843789935112
1771525735269564400,4.223564453125,0.013848427683115005,-0.09960214793682098,0.2539322078227997
1771525735279567000,4.233567138671875,0.026631591841578484,-0.12410321086645126,0.26884591579437256
1771525735289569800,4.24356982421875,0.023435799404978752,-0.16138744354248047,0.2528669536113739
1771525735299572500,4.253572509765625,0.012783164158463478,-0.2071937769651413,0.21771325170993805
1771525735309575200,4.2635751953125,0.0021305272821336985,-0.26152223348617554,0.18788588047027588
1771525735319577900,4.273577880859375,-0.0031957910396158695,-0.31158962845802307,0.17403744161128998
1771525735329580500,4.28358056640625,-0.006391582079231739,-0.3669833242893219,0.18042902648448944
1771525735339583200,4.293583251953125,-0.0074568456038832664,-0.41705071926116943,0.19747324287891388
1771525735349586000,4.3035859375,-0.013848427683115005,-0.4415517747402191,0.20706062018871307
1771525735359588600,4.313588623046875,-0.022370535880327225,-0.456465482711792,0.20812588930130005
1771525735369591300,4.32359130859375,-0.05219791829586029,-0.44368231296539307,0.17936377227306366
1771525735379594000,4.333593994140625,-0.10652636736631393,-0.408528596162796,0.10799109935760498
1771525735389596700,4.3435966796875,-0.16831165552139282,-0.36485278606414795,0.011052110232412815
1771525735399599400,4.353599365234375,-0.2258358895778656,-0.31158962845802307,-0.09867004305124283
1771525735409602000,4.36360205078125,-0.25246748328208923,-0.2721748650074005,-0.18389113247394562
1771525735419604700,4.373604736328125,-0.2300969511270523,-0.27110961079597473,-0.19773955643177032
1771525735429607200,4.383607177734375,-0.17470324039459229,-0.29880645871162415,-0.12317110598087311
1771525735439609900,4.39360986328125,-0.09480846673250198,-0.34035173058509827,0.030226856470108032
1771525735449612500,4.403612548828125,-0.010652636177837849,-0.3808317482471466,0.20279955863952637
1771525735459615200,4.413615234375,0.038349490612745285,-0.3755054473876953,0.3008038103580475
1771525735469618000,4.423617919921875,0.04048001766204834,-0.3211769759654999,0.2986733019351959
1771525735479620600,4.43362060546875,0.008522109128534794,-0.2551306486129761,0.23156169056892395
1771525735489623300,4.443623291015625,-0.04474107176065445,-0.19014956057071686,0.11331742256879807
1771525735499626000,4.4536259765625,-0.10865689069032669,-0.13049480319023132,-0.04860265180468559
1771525735509628400,4.46362841796875,-0.14700637757778168,-0.09214530140161514,-0.2222406268119812
1771525735519631000,4.473631103515625,-0.14487585425376892,-0.08149266988039017,-0.3735080659389496
1771525735529633800,4.4836337890625,-0.10120004415512085,-0.08894951641559601,-0.4810996949672699
1771525735539636500,4.493636474609375,-0.02450106292963028,-0.09960214793682098,-0.5311670899391174
1771525735549639200,4.50363916015625,0.066046342253685,-0.09534109383821487,-0.5162534117698669
1771525735559641900,4.513641845703125,0.13954953849315643,-0.08681898564100266,-0.4523375630378723
1771525735569644500,4.52364453125,0.18535587191581726,-0.07403582334518433,-0.37563860416412354
1771525735579647200,4.533647216796875,0.1970737725496292,-0.058056868612766266,-0.29893961548805237
1771525735589649700,4.543649658203125,0.18535587191581726,-0.037816859781742096,-0.21052272617816925
1771525735599652400,4.55365234375,0.15446323156356812,-0.018642114475369453,-0.10825742036104202
1771525735609655000,4.563655029296875,0.11185268312692642,-0.011185267940163612,-0.027297381311655045
1771525735619657700,4.57365771484375,0.0798947736620903,-0.01438105944544077,0.01850895583629608
1771525735629660400,4.583660400390625,0.05752423778176308,-0.053795814514160156,0.045140545815229416
1771525735639663000,4.5936630859375,0.04793686419725418,-0.10599373281002045,0.07070687413215637
1771525735649665800,4.603665771484375,0.050067391246557236,-0.13475584983825684,0.0834900364279747
1771525735659668500,4.61366845703125,0.04793686419725418,-0.12942953407764435,0.11225215345621109
1771525735669671000,4.6236708984375,0.05539371073246002,-0.10705899447202682,0.14207953214645386
1771525735679673600,4.633673583984375,0.0703074038028717,-0.07936213910579681,0.1537974327802658
1771525735689676300,4.64367626953125,0.0798947736620903,-0.042077913880348206,0.1591237634420395
1771525735699679000,4.653678955078125,0.07882951200008392,0.011185267940163612,0.16551533341407776
1771525735709681700,4.663681640625,0.06817687302827835,0.07829687744379044,0.16658060252666473
1771525735719684400,4.673684326171875,0.05219791829586029,0.1368863731622696,0.16551533341407776
1771525735729687300,4.683687255859375,0.038349490612745285,0.19867166876792908,0.1921469271183014
1771525735739690000,4.69368994140625,0.026631591841578484,0.22423799335956573,0.23795326054096222
1771525735749692700,4.703692626953125,0.022370535880327225,0.21784640848636627,0.2720417082309723
1771525735759695400,4.7136953125,0.026631591841578484,0.1688442826271057,0.3039996027946472
1771525735769698000,4.723697998046875,0.029827382415533066,0.1038632020354271,0.32104381918907166
1771525735779700700,4.73370068359375,0.022370535880327225,0.046338967978954315,0.3039996027946472
1771525735789703400,4.743703369140625,0.009587372653186321,0.022903168573975563,0.27949854731559753
1771525735799706000,4.7537060546875,0.0031957910396158695,0.011185267940163612,0.2656501233577728
1771525735809708800,4.763708740234375,0.012783164158463478,-0.0015978955198079348,0.25499749183654785
1771525735819711500,4.77371142578125,0.034088436514139175,-0.0005326318205334246,0.2390185296535492
1771525735829714200,4.783714111328125,0.054328445345163345,0.0037284228019416332,0.22303956747055054
1771525735839716900,4.793716796875,0.07563371956348419,0.009054740890860558,0.1868206113576889
1771525735849719600,4.803719482421875,0.09480846673250198,-0.021837905049324036,0.1356879621744156
1771525735859722500,4.813722412109375,0.11398320645093918,-0.058056868612766266,0.08562056720256805
1771525735869725200,4.82372509765625,0.122505322098732,-0.09108003973960876,0.061119500547647476
1771525735879727900,4.833727783203125,0.12357058376073837,-0.12410321086645126,0.07922898232936859
1771525735889730600,4.84373046875,0.1129179447889328,-0.14860427379608154,0.13249216973781586
1771525735899733200,4.853733154296875,0.07776424288749695,-0.17097482085227966,0.19853851199150085
1771525735909736000,4.86373583984375,0.02024000883102417,-0.12516847252845764,0.2528669536113739
1771525735919738600,4.873738525390625,-0.042610544711351395,-0.04953476041555405,0.28269433975219727
1771525735929741300,4.8837412109375,-0.122505322098732,0.03994738683104515,0.25073641538619995
1771525735939744000,4.893743896484375,-0.18748639523983002,0.17949692904949188,0.14101427793502808
1771525735949746700,4.90374658203125,-0.20879167318344116,0.3020022511482239,0.011052110232412815
1771525735959749400,4.913749267578125,-0.15659375488758087,0.332894891500473,-0.08801741153001785
1771525735969752000,4.923751953125,-0.05219791829586029,0.27110961079597473,-0.1519332230091095
1771525735979755000,4.933755126953125,0.07243792712688446,0.15286533534526825,-0.1849564015865326
1771525735989757700,4.9437578125,0.17470324039459229,0.013315795920789242,-0.21158799529075623
1771525735999760400,4.953760498046875,0.22477063536643982,-0.10492847114801407,-0.2456764280796051
1771525736009763000,4.96376318359375,0.2077264040708542,-0.18162745237350464,-0.2914827764034271
1771525736019765800,4.973765869140625,0.12463584542274475,-0.20506325364112854,-0.34581121802330017
1771525736029768400,4.9837685546875,0.013848427683115005,-0.1826927214860916,-0.3916175365447998
1771525736039771100,4.993771240234375,-0.09374319761991501,-0.10173267871141434,-0.40866175293922424
1771525736049773800,5.00377392578125,-0.1693769246339798,-0.006924213841557503,-0.39481332898139954
1771525736059776500,5.013776611328125,-0.2024000883102417,0.09747162461280823,-0.37457332015037537
1771525736069779200,5.023779296875,-0.2077264040708542,0.2071937769651413,-0.3500722646713257
1771525736079782000,5.033781982421875,-0.1928127259016037,0.3009369671344757,-0.31811434030532837
1771525736089784600,5.04378466796875,-0.16405059397220612,0.3723096549510956,-0.2744385600090027
1771525736099787300,5.053787353515625,-0.12357058376073837,0.39681071043014526,-0.22011010348796844
1771525736109790200,5.063790283203125,-0.0798947736620903,0.3563306927680969,-0.1615206003189087
1771525736119793000,5.07379296875,-0.03728422895073891,0.2593916952610016,-0.12317110598087311
1771525736129795600,5.083795654296875,-0.0010652636410668492,0.1603221744298935,-0.10080057382583618
1771525736139798300,5.09379833984375,0.013848427683115005,0.062317922711372375,-0.07310371845960617
1771525736149801000,5.103801025390625,0.004261054564267397,0.005858949851244688,-0.031558435410261154
1771525736159803600,5.1138037109375,-0.014913691207766533,-0.046338967978954315,0.011052110232412815
1771525736169806300,5.123806396484375,-0.021305272355675697,-0.10705899447202682,0.040879491716623306
1771525736179809000,5.13380908203125,-0.014913691207766533,-0.1837579756975174,0.05792371183633804
1771525736189811700,5.143811767578125,0.0031957910396158695,-0.24554327130317688,0.06325002759695053
1771525736199814400,5.153814453125,0.022370535880327225,-0.26578328013420105,0.07177213579416275
1771525736209817000,5.163817138671875,0.0330231711268425,-0.2402169555425644,0.09520793706178665
1771525736219819800,5.17381982421875,0.03941475600004196,-0.1741705983877182,0.12183953076601028
1771525736229822700,5.18382275390625,0.03515370190143585,-0.08149266988039017,0.14207953214645386
1771525736239825400,5.193825439453125,0.026631591841578484,0.005858949851244688,0.15486270189285278
1771525736249828000,5.203828125,0.012783164158463478,0.08681898564100266,0.15592797100543976
1771525736259830800,5.213830810546875,0.006391582079231739,0.13262532651424408,0.13781848549842834
1771525736269833500,5.22383349609375,-0.0010652636410668492,0.14008216559886932,0.09414267539978027
1771525736279836200,5.233836181640625,-0.004261054564267397,0.1358211189508438,0.0600542388856411
1771525736289838800,5.2438388671875,0.005326318088918924,0.12836426496505737,0.0504668653011322
1771525736299841500,5.253841552734375,0.025566328316926956,0.1081242561340332,0.0930774137377739
1771525736309844200,5.26384423828125,0.04367581009864807,0.08362319320440292,0.1687111258506775
1771525736319847000,5.273846923828125,0.05219791829586029,0.07403582334518433,0.23688800632953644
1771525736329849600,5.283849609375,0.04900212585926056,0.061252661049366,0.27417221665382385
1771525736349855000,5.30385498046875,-0.008522109128534794,0.11025478690862656,0.2613890767097473
1771525736359858000,5.31385791015625,-0.02876211889088154,0.0516652874648571,0.2486059069633484
1771525736369860600,5.323860595703125,-0.054328445345163345,-0.03568633273243904,0.22197431325912476
1771525736379863300,5.33386328125,-0.06391581892967224,-0.11558110266923904,0.1868206113576889
1771525736389866000,5.343865966796875,-0.05539371073246002,-0.1741705983877182,0.18042902648448944
1771525736399868400,5.353868408203125,-0.03195790946483612,-0.211454838514328,0.1910816729068756
1771525736409871000,5.36387109375,0.012783164158463478,-0.2263685166835785,0.20279955863952637
1771525736419873800,5.373873779296875,0.0798947736620903,-0.221042200922966,0.23582273721694946
1771525736429876500,5.38387646484375,0.1502021700143814,-0.211454838514328,0.26458486914634705
1771525736439879200,5.393879150390625,0.2024000883102417,-0.19973693788051605,0.24541011452674866
1771525736449881900,5.4038818359375,0.2119874656200409,-0.19867166876792908,0.1729721873998642
1771525736459884500,5.413884521484375,0.1597895473241806,-0.21465063095092773,0.04194475710391998
1771525736469887200,5.42388720703125,0.07137266546487808,-0.20080219209194183,-0.12530162930488586
1771525736479889700,5.4338896484375,-0.021305272355675697,-0.16138744354248047,-0.24674169719219208
1771525736509897700,5.463897705078125,-0.08841688185930252,-0.19867166876792908,-0.11251847445964813
1771525736519900400,5.473900390625,-0.011717899702489376,-0.27537065744400024,0.025965800508856773
1771525736529903000,5.483903076171875,0.06072002649307251,-0.34567806124687195,0.11544794589281082
1771525736539905800,5.49390576171875,0.07137266546487808,-0.343547523021698,0.12397005409002304
1771525736549908500,5.503908447265625,0.018109481781721115,-0.29348012804985046,0.06751108169555664
1771525736559911000,5.513910888671875,-0.06391581892967224,-0.23382537066936493,-0.039015281945466995
1771525736569913600,5.52391357421875,-0.14700637757778168,-0.1645832359790802,-0.1700427085161209
1771525736579916300,5.533916259765625,-0.20879167318344116,-0.11558110266923904,-0.3074617087841034
1771525736589919000,5.5439189453125,-0.2300969511270523,-0.09001477807760239,-0.4352933466434479
1771525736599921700,5.553921630859375,-0.20133483409881592,-0.08894951641559601,-0.5205144286155701
1771525736609924400,5.56392431640625,-0.14381058514118195,-0.09321057051420212,-0.5439502596855164
1771525736619927000,5.573927001953125,-0.06924213469028473,-0.09321057051420212,-0.5301018357276917
1771525736639932200,5.59393212890625,0.08522108942270279,-0.11238531768321991,-0.44168493151664734
1771525736649934800,5.603934814453125,0.12037479132413864,-0.11451584100723267,-0.3735080659389496
1771525736659937500,5.6139375,0.12463584542274475,-0.11558110266923904,-0.30852699279785156
1771525736669940200,5.623940185546875,0.10652636736631393,-0.10492847114801407,-0.24461115896701813
1771525736679943000,5.63394287109375,0.07350318878889084,-0.08894951641559601,-0.1561942845582962
1771525736689945600,5.643945556640625,0.029827382415533066,-0.08042740821838379,-0.07310371845960617
1771525736699948300,5.6539482421875,-0.008522109128534794,-0.08042740821838379,-0.005992108024656773
1771525736709951000,5.663950927734375,-0.025566328316926956,-0.10173267871141434,0.03235738351941109
1771525736719953400,5.673953369140625,-0.018109481781721115,-0.13475584983825684,0.029161592945456505
1771525736729956000,5.6839560546875,0.004261054564267397,-0.1688442826271057,0.01850895583629608
1771525736739958800,5.693958740234375,0.025566328316926956,-0.17310534417629242,0.016378428786993027
1771525736749961500,5.70396142578125,0.046871598809957504,-0.13475584983825684,0.01850895583629608
1771525736759964200,5.713964111328125,0.05752423778176308,-0.0655137151479721,0.030226856470108032
1771525736769966800,5.723966796875,0.06285055726766586,0.015446322970092297,0.053662657737731934
1771525736779969500,5.733969482421875,0.06817687302827835,0.09321057051420212,0.07816372066736221
1771525736789972200,5.74397216796875,0.08096003532409668,0.15712638199329376,0.09840372949838638
1771525736799974700,5.753974609375,0.10013478249311447,0.19867166876792908,0.1165132075548172
1771525736809977300,5.763977294921875,0.11185268312692642,0.22317273914813995,0.13781848549842834
1771525736819980000,5.77397998046875,0.10972215235233307,0.2444780021905899,0.1399490088224411
1771525736829983000,5.78398291015625,0.10013478249311447,0.2444780021905899,0.12503531575202942
1771525736839985700,5.793985595703125,0.10013478249311447,0.2018674612045288,0.11331742256879807
1771525736849988400,5.80398828125,0.11185268312692642,0.12090742588043213,0.11438268423080444
1771525736859991000,5.813990966796875,0.11824426054954529,0.029294749721884727,0.12823110818862915
1771525736869993700,5.82399365234375,0.12144005298614502,-0.053795814514160156,0.15699322521686554
1771525736879996400,5.833996337890625,0.11717899888753891,-0.10492847114801407,0.2059953510761261
1771525736889999000,5.8439990234375,0.0990695208311081,-0.0942758321762085,0.2667153775691986
1771525736900001800,5.854001708984375,0.06817687302827835,-0.06764423847198486,0.32956594228744507
1771525736910004500,5.86400439453125,0.03941475600004196,-0.06977476924657822,0.3519364893436432
1771525736920007200,5.874007080078125,0.01597895473241806,-0.10918952524662018,0.30719539523124695
1771525736930009900,5.884009765625,-0.0010652636410668492,-0.10918952524662018,0.22303956747055054
1771525736940012500,5.894012451171875,-0.0010652636410668492,-0.0846884623169899,0.17190691828727722
1771525736950015200,5.90401513671875,0.008522109128534794,0.0005326318205334246,0.1687111258506775
1771525736960018200,5.91401806640625,0.025566328316926956,0.06764423847198486,0.18575534224510193
1771525736970020900,5.924020751953125,0.034088436514139175,0.20293273031711578,0.14101427793502808
1771525736980023600,5.9340234375,-0.010652636177837849,0.3094590902328491,0.03555317223072052
1771525736990026200,5.944026123046875,-0.06498108059167862,0.36485278606414795,-0.10293109714984894
1771525737000029000,5.95402880859375,-0.08415582776069641,0.3520696461200714,-0.2456764280796051
1771525737010031600,5.964031494140625,-0.05752423778176308,0.28815382719039917,-0.31811434030532837
1771525737020034300,5.974034423828125,-0.006391582079231739,0.20293273031711578,-0.2840259075164795
1771525737030037000,5.984037109375,0.041545283049345016,0.1315600574016571,-0.1700427085161209
1771525737040039700,5.994039794921875,0.06391581892967224,0.08788424730300903,-0.031558435410261154
1771525737050042400,6.00404248046875,0.03728422895073891,0.09001477807760239,0.03555317223072052
1771525737060045000,6.014045166015625,-0.02769685536623001,0.09640636295080185,0.0003994738799519837
1771525737070047700,6.0240478515625,-0.10546109825372696,0.09321057051420212,-0.10293109714984894
1771525737080050700,6.03405078125,-0.18961693346500397,0.08681898564100266,-0.2360890507698059
1771525737090053400,6.044053466796875,-0.2588590681552887,0.06444845348596573,-0.4107922911643982
1771525737100056000,6.05405615234375,-0.2865559160709381,0.0655137151479721,-0.600409209728241
1771525737110058800,6.064058837890625,-0.2780338227748871,0.10492847114801407,-0.7069355845451355
1771525737120061400,6.0740615234375,-0.23755379021167755,0.19441060721874237,-0.7037398219108582
1771525737130064100,6.084064208984375,-0.18961693346500397,0.2966759204864502,-0.6259755492210388
1771525737140066800,6.09406689453125,-0.1406148076057434,0.3616569936275482,-0.5450155138969421
1771525737150069500,6.104069580078125,-0.10013478249311447,0.3573959469795227,-0.48429548740386963
1771525737160072200,6.114072265625,-0.07669898122549057,0.31265488266944885,-0.4395544230937958
1771525737170075000,6.124074951171875,-0.06711161136627197,0.22849905490875244,-0.39907440543174744
1771525737180077600,6.13407763671875,-0.06072002649307251,0.11238531768321991,-0.3532680571079254
1771525737190080300,6.144080322265625,-0.05752423778176308,-0.006924213841557503,-0.2914827764034271
1771525737200083000,6.1540830078125,-0.050067391246557236,-0.10173267871141434,-0.21052272617816925
1771525737210086000,6.1640859375,-0.04367581009864807,-0.16138744354248047,-0.11464899778366089
1771525737220088600,6.174088623046875,-0.03621896356344223,-0.18695376813411713,-0.030493171885609627
1771525737230091300,6.18409130859375,-0.02024000883102417,-0.19121482968330383,0.04407528415322304
1771525737240094000,6.194093994140625,-0.019174745306372643,-0.16138744354248047,0.10266478359699249
1771525737250096600,6.2040966796875,-0.030892645940184593,-0.14008216559886932,0.15592797100543976
1771525737260099300,6.214099365234375,-0.03941475600004196,-0.09001477807760239,0.1772332340478897
1771525737270102000,6.22410205078125,-0.058589499443769455,-0.011185267940163612,0.16658060252666473
1771525737280104700,6.234104736328125,-0.061785291880369186,0.0846884623169899,0.16658060252666473
1771525737290107400,6.244107421875,-0.05539371073246002,0.1933453530073166,0.17510271072387695
1771525737300110000,6.254110107421875,-0.04900212585926056,0.3051980435848236,0.20173430442810059
1771525737330118100,6.2841181640625,0.038349490612745285,0.4617917835712433,0.2347574681043625
1771525737340120800,6.294120849609375,0.0564589723944664,0.4596612751483917,0.2518016993999481
1771525737350123500,6.30412353515625,0.066046342253685,0.4149201810359955,0.2709764242172241
1771525737360126200,6.314126220703125,0.06391581892967224,0.34674331545829773,0.3093259334564209
1771525737370129000,6.32412890625,0.05326318368315697,0.24767379462718964,0.36258912086486816
1771525737380131600,6.334131591796875,0.03728422895073891,0.1177116334438324,0.40946072340011597
1771525737390134300,6.34413427734375,0.018109481781721115,-0.01225053146481514,0.43502703309059143
1771525737400136700,6.35413671875,-0.005326318088918924,-0.08788424730300903,0.4265049397945404
1771525737410139400,6.364139404296875,-0.011717899702489376,-0.2444780021905899,0.37750279903411865
1771525737420142000,6.37414208984375,-0.03728422895073891,-0.33182963728904724,0.3604585826396942
1771525737430144800,6.384144775390625,-0.06072002649307251,-0.3478085696697235,0.3647196292877197
1771525737440147500,6.3941474609375,-0.07882951200008392,-0.335025429725647,0.34447962045669556
1771525737450150100,6.404150146484375,-0.08628635853528976,-0.29454538226127625,0.3327617347240448
1771525737460152800,6.41415283203125,-0.06924213469028473,-0.23382537066936493,0.35939332842826843
1771525737470155500,6.424155517578125,-0.03728422895073891,-0.1645832359790802,0.3892207145690918
1771525737480158000,6.434157958984375,-0.0330231711268425,-0.11238531768321991,0.3998733460903168
1771525737490160600,6.44416064453125,-0.09480846673250198,-0.0655137151479721,0.36791542172431946
1771525737500163300,6.454163330078125,-0.21518325805664062,-0.002663159044459462,0.2720417082309723
1771525737510166000,6.464166015625,-0.33129698038101196,0.06338318437337875,0.1825595498085022
1771525737520168700,6.474168701171875,-0.40693071484565735,0.10492847114801407,0.1261005848646164
1771525737530171400,6.48417138671875,-0.4101265072822571,0.11984215676784515,0.11331742256879807
1771525737540174000,6.494174072265625,-0.34621068835258484,0.07723161578178406,0.1729721873998642
1771525737550176800,6.5041767578125,-0.2545980215072632,0.011185267940163612,0.26458486914634705
1771525737560179200,6.51417919921875,-0.19494324922561646,0.10918952524662018,0.37324175238609314
1771525737570182000,6.524181884765625,-0.14274533092975616,0.0942758321762085,0.45207124948501587
1771525737580184600,6.5341845703125,-0.19068218767642975,0.013315795920789242,0.35939332842826843
1771525737590187300,6.544187255859375,-0.2620548605918884,0.053795814514160156,0.19853851199150085
1771525737600190000,6.55418994140625,-0.32170963287353516,0.061252661049366,0.007856319658458233
1771525737610192600,6.564192626953125,-0.3536675274372101,0.061252661049366,-0.15512901544570923
1771525737620195300,6.5741953125,-0.3419496417045593,0.0655137151479721,-0.25313326716423035
1771525737630198000,6.584197998046875,-0.30253487825393677,0.07190529257059097,-0.29574382305145264
1771525737650203100,6.604203125,-0.16831165552139282,0.08362319320440292,-0.3063964545726776
1771525737660205800,6.614205810546875,-0.07776424288749695,0.06338318437337875,-0.27763432264328003
1771525737670208500,6.62420849609375,0.022370535880327225,-0.01438105944544077,-0.23502379655838013
1771525737680211200,6.634211181640625,0.12996216118335724,-0.12623374164104462,-0.18602167069911957
1771525737690214000,6.6442138671875,0.18961693346500397,-0.18908429145812988,-0.1423458606004715
1771525737700216600,6.654216552734375,0.20133483409881592,-0.1976063996553421,-0.0762995108962059
1771525737710219300,6.66421923828125,0.1651158630847931,-0.1454084813594818,0.001464737462811172
1771525737720221700,6.6742216796875,0.11398320645093918,-0.0985368862748146,0.0600542388856411
1771525737730224400,6.684224365234375,0.06817687302827835,-0.046338967978954315,0.09201214462518692
1771525737740227000,6.69422705078125,0.03941475600004196,0.015446322970092297,0.11438268423080444
1771525737750229800,6.704229736328125,0.03621896356344223,0.053795814514160156,0.11970899999141693
1771525737760232400,6.714232421875,0.066046342253685,0.054861076176166534,0.08881635963916779
1771525737770235100,6.724235107421875,0.11398320645093918,0.038882121443748474,0.024900536984205246
1771525737780237800,6.73423779296875,0.16298533976078033,0.004793686326593161,-0.03262370079755783
1771525737790240500,6.744240478515625,0.20879167318344116,-0.030360013246536255,-0.07416898012161255
1771525737800243000,6.754242919921875,0.24607589840888977,-0.06444845348596573,-0.10612688958644867
1771525737810245600,6.76424560546875,0.2780338227748871,-0.10918952524662018,-0.11677952855825424
1771525737820248300,6.774248291015625,0.30786117911338806,-0.15606112778186798,-0.10825742036104202
1771525737830251000,6.7842509765625,0.32277488708496094,-0.17949692904949188,-0.10186583548784256
1771525737840253700,6.794253662109375,0.3153180480003357,-0.18482324481010437,-0.0762995108962059
1771525737850256400,6.80425634765625,0.2833601236343384,-0.18482324481010437,-0.03262370079755783
1771525737860259000,6.814259033203125,0.23222747445106506,-0.17310534417629242,0.004660528618842363
1771525737870261800,6.82426171875,0.17257271707057953,-0.14434322714805603,0.025965800508856773
1771525737880264400,6.834264404296875,0.13209268450737,-0.12303794920444489,0.0270310640335083
1771525737890267100,6.84426708984375,0.11078742146492004,-0.053795814514160156,0.0003994738799519837
1771525737900269800,6.854269775390625,0.10013478249311447,-0.002663159044459462,-0.0070573715493083
1771525737910272500,6.8642724609375,0.11504847556352615,0.03675159439444542,0.0035952648613601923
1771525737920275200,6.874275146484375,0.12783163785934448,0.09747162461280823,-0.010253162123262882
1771525737930278000,6.88427783203125,0.13848426938056946,0.1464737504720688,-0.039015281945466995
1771525737940280600,6.894280517578125,0.15446323156356812,0.17736639082431793,-0.07736477255821228
1771525737950283300,6.904283203125,0.16618113219738007,0.16245271265506744,-0.1380847990512848
1771525737960286000,6.914285888671875,0.18535587191581726,0.1411474347114563,-0.1796300858259201
1771525737970288600,6.92428857421875,0.1789642870426178,0.12516847252845764,-0.19134798645973206
1771525737980291300,6.934291259765625,0.14913691580295563,0.15180006623268127,-0.1849564015865326
1771525737990294300,6.944294189453125,0.12463584542274475,0.2071937769651413,-0.17749954760074615
1771525738000297000,6.954296875,0.09800425171852112,0.29880645871162415,-0.2275669425725937
1771525738010299600,6.964299560546875,0.05326318368315697,0.3904191255569458,-0.3575291037559509
1771525738030305000,6.984304931640625,0.009587372653186321,0.32330751419067383,-0.8028092980384827
1771525738040307700,6.9943076171875,0.05326318368315697,0.17310534417629242,-0.9689904451370239
1771525738050310400,7.004310302734375,0.11717899888753891,0.022903168573975563,-0.993491530418396
1771525738060313000,7.01431298828125,0.1832253485918045,-0.0942758321762085,-0.8443545699119568
1771525738070315800,7.024315673828125,0.2077264040708542,-0.18482324481010437,-0.5961481928825378
1771525738090321200,7.044321044921875,0.06711161136627197,-0.20080219209194183,-0.18815219402313232
1771525738100323800,7.05432373046875,-0.02876211889088154,-0.12516847252845764,-0.04434159770607948
1771525738110326800,7.064326904296875,-0.16831165552139282,-0.03568633273243904,0.024900536984205246
1771525738130332200,7.084332275390625,-0.2545980215072632,0.04846949502825737,-0.20945745706558228
1771525738140334800,7.0943349609375,-0.2205095738172531,0.04953476041555405,-0.3127880394458771
1771525738150337500,7.104337646484375,-0.16085481643676758,0.07936213910579681,-0.35646384954452515
1771525738160340200,7.11434033203125,-0.08628635853528976,0.11451584100723267,-0.33835434913635254
1771525738170343000,7.124343017578125,-0.026631591841578484,0.15180006623268127,-0.2914827764034271
1771525738180345600,7.134345703125,0.026631591841578484,0.14327795803546906,-0.2275669425725937
1771525738190348300,7.144348388671875,0.06285055726766586,0.0942758321762085,-0.1796300858259201
1771525738200351000,7.15435107421875,0.07669898122549057,0.01970737800002098,-0.15406376123428345
1771525738210353700,7.164353759765625,0.07243792712688446,-0.04740423336625099,-0.118910051882267
1771525738230359000,7.184359130859375,0.018109481781721115,-0.08255793154239655,-0.02197106182575226
1771525738240362000,7.194362060546875,-0.011717899702489376,-0.07190529257059097,0.033422645181417465
1771525738250364700,7.20436474609375,-0.029827382415533066,-0.054861076176166534,0.08455529808998108
1771525738260367400,7.214367431640625,-0.03941475600004196,-0.037816859781742096,0.13675321638584137
1771525738270370000,7.2243701171875,-0.03621896356344223,-0.018642114475369453,0.16658060252666473
1771525738280372700,7.234372802734375,-0.01597895473241806,-0.01225053146481514,0.16018901765346527
1771525738290375400,7.24437548828125,0.026631591841578484,-0.011185267940163612,0.15805849432945251
1771525738300378000,7.254378173828125,0.07456845790147781,0.010120004415512085,0.17829850316047668
1771525738310380500,7.264380615234375,0.1129179447889328,0.042077913880348206,0.20173430442810059
1771525738320383200,7.27438330078125,0.1406148076057434,0.06870950758457184,0.2241048365831375
1771525738330386000,7.284385986328125,0.13528847694396973,0.10066741704940796,0.23049642145633698
1771525738340388600,7.294388671875,0.10120004415512085,0.13795164227485657,0.21664799749851227
1771525738350391300,7.304391357421875,0.04793686419725418,0.1592569202184677,0.1964079886674881
1771525738360394000,7.31439404296875,-0.008522109128534794,0.17204007506370544,0.19001640379428864
1771525738370396700,7.324396728515625,-0.05219791829586029,0.1688442826271057,0.20493009686470032
1771525738380399400,7.3343994140625,-0.08096003532409668,0.15606112778186798,0.2486059069633484
1771525738390401800,7.34440185546875,-0.09267793595790863,0.1368863731622696,0.30719539523124695
1771525738400404500,7.354404541015625,-0.0798947736620903,0.10705899447202682,0.38709017634391785
1771525738410407200,7.3644072265625,-0.05539371073246002,0.027164222672581673,0.47550705075263977
1771525738420409900,7.374409912109375,-0.029827382415533066,-0.08894951641559601,0.5287702679634094
1771525738430412500,7.38441259765625,-0.022370535880327225,-0.20080219209194183,0.5266396999359131
1771525738440415200,7.394415283203125,-0.041545283049345016,-0.28495803475379944,0.4659196734428406
1771525738450418000,7.40441796875,-0.07456845790147781,-0.31691592931747437,0.38815543055534363
1771525738460420600,7.414420654296875,-0.11078742146492004,-0.31372013688087463,0.3135869801044464
1771525738470423000,7.424423095703125,-0.13422322273254395,-0.2817622423171997,0.2518016993999481
1771525738480425700,7.43442578125,-0.12783163785934448,-0.2348906397819519,0.24434484541416168
1771525738490428400,7.444428466796875,-0.0894821435213089,-0.19654114544391632,0.29334697127342224
1771525738500431000,7.45443115234375,-0.04793686419725418,-0.18588849902153015,0.33489224314689636
1771525738510433800,7.464433837890625,-0.045806337147951126,-0.21891167759895325,0.2816290855407715
1771525738520436500,7.4744365234375,-0.11078742146492004,-0.23595589399337769,0.10159952193498611
1771525738530439200,7.484439208984375,-0.2215748429298401,-0.2167811542749405,-0.14767217636108398
1771525738540441900,7.49444189453125,-0.32170963287353516,-0.16777902841567993,-0.390552282333374
1771525738550444500,7.504444580078125,-0.3611243665218353,-0.14008216559886932,-0.5524723529815674
1771525738560447000,7.514447021484375,-0.31318750977516174,-0.13475584983825684,-0.5801692008972168
1771525738570449700,7.52444970703125,-0.20346535742282867,-0.1645832359790802,-0.5024049878120422
1771525738580452400,7.534452392578125,-0.06391581892967224,-0.24128220975399017,-0.3628554344177246
1771525738590455000,7.544455078125,0.02876211889088154,-0.3094590902328491,-0.23715431988239288
1771525738600457700,7.554457763671875,0.038349490612745285,-0.26578328013420105,-0.1615206003189087
1771525738610460400,7.56446044921875,-0.02876211889088154,-0.2018674612045288,-0.14021532237529755
1771525738620463000,7.574463134765625,-0.11717899888753891,-0.13475584983825684,-0.19560903310775757
1771525738630465800,7.5844658203125,-0.20453062653541565,-0.054861076176166534,-0.28509119153022766
1771525738640468200,7.59446826171875,-0.2780338227748871,0.011185267940163612,-0.40440070629119873
1771525738650471000,7.604470947265625,-0.2908169627189636,0.042077913880348206,-0.5290365815162659
1771525738660473600,7.6144736328125,-0.23435799777507782,0.054861076176166534,-0.5982787013053894
1771525738670476300,7.624476318359375,-0.13741901516914368,0.08681898564100266,-0.5812344551086426
1771525738680479000,7.63447900390625,-0.023435799404978752,0.11451584100723267,-0.5087965726852417
1771525738690481700,7.644481689453125,0.08628635853528976,0.09960214793682098,-0.44061967730522156
1771525738700484400,7.654484375,0.17150744795799255,0.06338318437337875,-0.38096490502357483
1771525738710487000,7.664487060546875,0.21731378138065338,0.018642114475369453,-0.3117227852344513
1771525738720489500,7.674489501953125,0.22264009714126587,-0.034621067345142365,-0.2318280041217804
1771525738730492200,7.6844921875,0.20559588074684143,-0.09640636295080185,-0.15832480788230896
1771525738740494800,7.694494873046875,0.17576849460601807,-0.15712638199329376,-0.09227846562862396
1771525738750497500,7.70449755859375,0.14381058514118195,-0.18056218326091766,-0.011318426579236984
1771525738760500200,7.714500244140625,0.10759162902832031,-0.1699095517396927,0.07922898232936859
1771525738770503000,7.7245029296875,0.08096003532409668,-0.1411474347114563,0.15699322521686554
1771525738780505600,7.734505615234375,0.07137266546487808,-0.1081242561340332,0.22836589813232422
1771525738790508300,7.74450830078125,0.06817687302827835,-0.07297056168317795,0.29334697127342224
1771525738810513400,7.764513427734375,0.06817687302827835,0.005858949851244688,0.33489224314689636
1771525738820516000,7.77451611328125,0.07776424288749695,0.027164222672581673,0.30186909437179565
1771525738830518800,7.784518798828125,0.08735162019729614,0.0282294861972332,0.2475406378507614
1771525738840521500,7.794521484375,0.08522108942270279,0.030360013246536255,0.17829850316047668
1771525738850524200,7.804524169921875,0.07350318878889084,0.04527370631694794,0.13142690062522888
1771525738860526800,7.81452685546875,0.06072002649307251,0.061252661049366,0.10799109935760498
1771525738870529500,7.824529541015625,0.04793686419725418,0.06444845348596573,0.10373004525899887
1771525738880532000,7.834531982421875,0.03621896356344223,0.0751010850071907,0.11864373832941055
1771525738890534700,7.84453466796875,0.026631591841578484,0.08681898564100266,0.1591237634420395
1771525738900537300,7.854537353515625,0.02024000883102417,0.08149266988039017,0.2102564126253128
1771525738910540000,7.8645400390625,0.022370535880327225,0.09214530140161514,0.2709764242172241
1771525738920542700,7.874542724609375,0.014913691207766533,0.11877689510583878,0.31678277254104614
1771525738930545400,7.88454541015625,0.012783164158463478,0.14221268892288208,0.31571751832962036
1771525738940548000,7.894548095703125,0.021305272355675697,0.14860427379608154,0.2613890767097473
1771525738950550800,7.90455078125,0.02876211889088154,0.1411474347114563,0.16125428676605225
1771525738960553200,7.91455322265625,0.04793686419725418,0.11984215676784515,0.06218476593494415
1771525738970556000,7.924555908203125,0.07563371956348419,0.04953476041555405,-0.014514217153191566
1771525738980558600,7.93455859375,0.10759162902832031,-0.02396843209862709,-0.054994236677885056
1771525738990561300,7.944561279296875,0.12357058376073837,-0.08042740821838379,-0.05819002538919449
1771525739000564000,7.95456396484375,0.13315795361995697,-0.07723161578178406,-0.039015281945466995
1771525739010566700,7.964566650390625,0.1267663687467575,-0.03142527863383293,-0.047537390142679214
1771525739020569300,7.9745693359375,0.046871598809957504,0.0516652874648571,-0.1657816469669342
1771525739030572000,7.984572021484375,-0.01597895473241806,0.11984215676784515,-0.336223840713501
1771525739040574700,7.99457470703125,-0.07137266546487808,0.14753901958465576,-0.49814391136169434
1771525739050577400,8.004577392578126,-0.0798947736620903,0.11345057934522629,-0.5908218622207642
1771525739060580000,8.014580078125,-0.026631591841578484,0.02396843209862709,-0.5460807681083679
1771525739080585500,8.03458544921875,0.15339796245098114,-0.22423799335956573,-0.18176060914993286
1771525739090588200,8.044588134765625,0.17470324039459229,-0.25619590282440186,-0.003861580742523074
1771525739100590800,8.0545908203125,0.12570111453533173,-0.22210747003555298,0.08668582886457443
1771525739110593500,8.064593505859374,0.014913691207766533,-0.15393058955669403,0.07070687413215637
1771525739120596200,8.07459619140625,-0.13209268450737,-0.0516652874648571,-0.07203845679759979
1771525739130599000,8.084598876953125,-0.2577938139438629,0.0516652874648571,-0.27656906843185425
1771525739140601600,8.0946015625,-0.3142527639865875,0.14434322714805603,-0.4331628382205963
1771525739150604500,8.1046044921875,-0.29401275515556335,0.19121482968330383,-0.5013396739959717
1771525739160607200,8.114607177734374,-0.22690115869045258,0.17949692904949188,-0.5045354962348938
1771525739170610000,8.12460986328125,-0.11398320645093918,0.12410321086645126,-0.4438154697418213
1771525739180612600,8.134612548828125,-0.011717899702489376,0.08788424730300903,-0.33196279406547546
1771525739190615300,8.144615234375,0.06285055726766586,0.04740423336625099,-0.22437115013599396
1771525739200618000,8.154617919921876,0.10439583659172058,0.006924213841557503,-0.17217323184013367
1771525739210620700,8.16462060546875,0.10652636736631393,-0.03568633273243904,-0.14873743057250977
1771525739220623400,8.174623291015624,0.06817687302827835,-0.061252661049366,-0.14767217636108398
1771525739230626000,8.1846259765625,0.014913691207766533,-0.059122130274772644,-0.13488900661468506
1771525739240628700,8.194628662109375,-0.03195790946483612,-0.062317922711372375,-0.1093226820230484
1771525739250631400,8.20463134765625,-0.054328445345163345,-0.06018739566206932,-0.07416898012161255
1771525739260634000,8.214634033203126,-0.042610544711351395,-0.058056868612766266,-0.012383690103888512
1771525739270636800,8.22463671875,-0.005326318088918924,-0.04846949502825737,0.05792371183633804
1771525739280639700,8.2346396484375,0.054328445345163345,-0.046338967978954315,0.1069258376955986
1771525739290642400,8.244642333984375,0.1129179447889328,-0.04420844092965126,0.13142690062522888
1771525739300645000,8.25464501953125,0.15659375488758087,-0.030360013246536255,0.15060164034366608
1771525739310647800,8.264647705078126,0.1736379712820053,-0.01438105944544077,0.16445007920265198
1771525739320650500,8.274650390625,0.17044217884540558,0.006924213841557503,0.16551533341407776
1771525739330653200,8.284653076171875,0.15872427821159363,0.0282294861972332,0.16977639496326447
1771525739340655900,8.29465576171875,0.13741901516914368,0.04420844092965126,0.1772332340478897
1771525739350658600,8.304658447265625,0.11398320645093918,0.06018739566206932,0.17190691828727722
1771525739360661200,8.3146611328125,0.09693899005651474,0.08681898564100266,0.18149429559707642
1771525739370664000,8.324663818359374,0.08096003532409668,0.10918952524662018,0.21771325170993805
1771525739380666600,8.33466650390625,0.054328445345163345,0.12516847252845764,0.2613890767097473
1771525739390669300,8.34466943359375,0.021305272355675697,0.12090742588043213,0.294412225484848
1771525739400672000,8.354672119140625,-0.0021305272821336985,0.1081242561340332,0.3380880355834961
1771525739420677400,8.374677490234374,-0.0021305272821336985,-0.06657897680997849,0.40200385451316833
1771525739430680000,8.38468017578125,0.006391582079231739,-0.18695376813411713,0.3849596381187439
1771525739440682500,8.3946826171875,0.008522109128534794,-0.28495803475379944,0.3370227813720703
1771525739450685200,8.404685302734375,-0.0010652636410668492,-0.3392864763736725,0.28375959396362305
1771525739460688000,8.41468798828125,-0.017044218257069588,-0.3488738536834717,0.24008379876613617
1771525739470690600,8.424690673828126,-0.03621896356344223,-0.29454538226127625,0.23795326054096222
1771525739480693200,8.434693359375,-0.05326318368315697,-0.20080219209194183,0.3146522343158722
1771525739490696000,8.444696044921875,-0.046871598809957504,-0.10279794037342072,0.4414186179637909
1771525739500698600,8.45469873046875,-0.010652636177837849,-0.04953476041555405,0.5298355221748352
1771525739510701300,8.464701416015625,-0.011717899702489376,-0.04953476041555405,0.4968123435974121
1771525739520703700,8.474703857421876,-0.045806337147951126,-0.08042740821838379,0.32637014985084534
1771525739530706400,8.48470654296875,-0.1363537460565567,-0.06870950758457184,0.0366184376180172
1771525739550711800,8.5047119140625,-0.24288010597229004,-0.027164222672581673,-0.46831652522087097
1771525739560714500,8.514714599609375,-0.2066611498594284,-0.06870950758457184,-0.5652555227279663
1771525739570717200,8.52471728515625,-0.10226531326770782,-0.17097482085227966,-0.5173186659812927
1771525739580719900,8.534719970703126,0.04048001766204834,-0.29880645871162415,-0.3628554344177246
1771525739590722600,8.54472265625,0.15126743912696838,-0.3808317482471466,-0.1657816469669342
1771525739600725000,8.55472509765625,0.18002955615520477,-0.38402754068374634,0.005725792143493891
1771525739610727700,8.564727783203125,0.10759162902832031,-0.28389275074005127,0.11118689179420471
1771525739620730400,8.57473046875,-0.011717899702489376,-0.16671375930309296,0.12397005409002304
1771525739630733000,8.584733154296876,-0.15446323156356812,-0.03568633273243904,0.04407528415322304
1771525739640735700,8.59473583984375,-0.29401275515556335,0.09640636295080185,-0.07843003422021866
1771525739650738400,8.604738525390625,-0.3866907060146332,0.20932430028915405,-0.21158799529075623
1771525739660741000,8.6147412109375,-0.3856254518032074,0.25086960196495056,-0.3159838318824768
1771525739670743800,8.624743896484375,-0.2950780391693115,0.22956430912017822,-0.37137752771377563
1771525739680746200,8.634746337890626,-0.1502021700143814,0.18162745237350464,-0.38522595167160034
1771525739690749000,8.6447490234375,0.014913691207766533,0.10173267871141434,-0.3575291037559509
1771525739700751600,8.654751708984374,0.16298533976078033,-0.027164222672581673,-0.32344067096710205
1771525739710754300,8.66475439453125,0.2588590681552887,-0.15819165110588074,-0.30533120036125183
1771525739720757000,8.674757080078125,0.3163833022117615,-0.2636527419090271,-0.27124276757240295
1771525739730759700,8.684759765625,0.3142527639865875,-0.2998717129230499,-0.2265016883611679
1771525739740762400,8.694762451171876,0.26951169967651367,-0.29348012804985046,-0.19134798645973206
1771525739750765000,8.70476513671875,0.20453062653541565,-0.23276010155677795,-0.1423458606004715
1771525739760767500,8.714767578125,0.13422322273254395,-0.15606112778186798,-0.0954742506146431
1771525739770770200,8.724770263671875,0.08309056609869003,-0.0846884623169899,-0.008122635073959827
1771525739780772900,8.73477294921875,0.05539371073246002,-0.025033695623278618,0.09733846783638
1771525739790775600,8.744775634765626,0.04793686419725418,0.0516652874648571,0.21238693594932556
1771525739800778200,8.7547783203125,0.05219791829586029,0.11345057934522629,0.31678277254104614
1771525739810781000,8.764781005859374,0.06285055726766586,0.15606112778186798,0.3700459599494934
1771525739820783600,8.77478369140625,0.08628635853528976,0.1592569202184677,0.38282912969589233
1771525739830786300,8.784786376953125,0.0990695208311081,0.15180006623268127,0.36365437507629395
1771525739840788700,8.794788818359375,0.09480846673250198,0.16564849019050598,0.331696480512619
1771525739850791400,8.80479150390625,0.06924213469028473,0.21358536183834076,0.275237500667572
1771525739860794000,8.814794189453124,0.04048001766204834,0.26684853434562683,0.1910816729068756
1771525739870796800,8.824796875,0.025566328316926956,0.297741174697876,0.1069258376955986
1771525739880799500,8.834799560546875,0.03728422895073891,0.28495803475379944,0.049401599913835526
1771525739890802200,8.84480224609375,0.08415582776069641,0.21997694671154022,0.012117373757064342
1771525739900804900,8.854804931640626,0.14807164669036865,0.11558110266923904,0.012117373757064342
1771525739910807600,8.8648076171875,0.22264009714126587,-0.0015978955198079348,0.05259739235043526
1771525739920810000,8.87481005859375,0.2780338227748871,-0.10279794037342072,0.11118689179420471
1771525739930812700,8.884812744140625,0.2812296152114868,-0.1411474347114563,0.14740586280822754
1771525739940815400,8.8948154296875,0.23648852109909058,-0.11132004857063293,0.16231954097747803
1771525739950818000,8.904818115234375,0.17789903283119202,-0.058056868612766266,0.17829850316047668
1771525739960820700,8.91482080078125,0.09054741263389587,-0.00798947736620903,0.1591237634420395
1771525739970823400,8.924823486328124,0.03195790946483612,-0.004793686326593161,0.11970899999141693
1771525739980826000,8.934826171875,0.011717899702489376,-0.038882121443748474,0.10053425282239914
1771525739990828800,8.944828857421875,0.0074568456038832664,-0.07297056168317795,0.09840372949838638
1771525740000831200,8.954831298828125,0.004261054564267397,-0.07297056168317795,0.15273217856884003
1771525740020836600,8.974836669921874,-0.038349490612745285,0.05273054912686348,0.17403744161128998
1771525740030839300,8.98483935546875,-0.1129179447889328,0.17630113661289215,0.0270310640335083
1771525740040842000,8.994842041015625,-0.188551664352417,0.3020022511482239,-0.17430377006530762
1771525740050844700,9.0048447265625,-0.2162485122680664,0.34567806124687195,-0.3958786129951477
1771525740060847400,9.014847412109376,-0.16192007064819336,0.2924148738384247,-0.5535376071929932
1771525740070850000,9.02485009765625,-0.04474107176065445,0.1880190372467041,-0.5737776160240173
1771525740080852500,9.0348525390625,0.08522108942270279,0.054861076176166534,-0.48429548740386963
1771525740090855200,9.044855224609375,0.18002955615520477,-0.05592634156346321,-0.37137752771377563
1771525740100857900,9.05485791015625,0.21092219650745392,-0.11877689510583878,-0.2701774835586548
1771525740110860500,9.064860595703125,0.15233269333839417,-0.09747162461280823,-0.1892174482345581
1771525740120863200,9.07486328125,0.03728422895073891,-0.03142527863383293,-0.14873743057250977
1771525740130866000,9.084865966796874,-0.09374319761991501,0.0516652874648571,-0.1700427085161209
1771525740140868600,9.09486865234375,-0.20133483409881592,0.14327795803546906,-0.23289325833320618
1771525740150871300,9.104871337890625,-0.2577938139438629,0.24234747886657715,-0.30426591634750366
1771525740160873700,9.114873779296875,-0.26098960638046265,0.32330751419067383,-0.3532680571079254
1771525740170876400,9.12487646484375,-0.2119874656200409,0.354200154542923,-0.3585943877696991
1771525740180879000,9.134879150390624,-0.11717899888753891,0.32756856083869934,-0.32344067096710205
1771525740190881800,9.1448818359375,0.005326318088918924,0.23382537066936493,-0.25206801295280457
1771525740200884500,9.154884521484375,0.1310274302959442,0.07829687744379044,-0.17323850095272064
1771525740210887200,9.16488720703125,0.2258358895778656,-0.11345057934522629,-0.11677952855825424
1771525740220889900,9.174889892578125,0.2727074921131134,-0.28069695830345154,-0.08801741153001785
1771525740230892500,9.184892578125,0.27590328454971313,-0.39787596464157104,-0.06777740269899368
1771525740240895000,9.19489501953125,0.2492716908454895,-0.4479433596134186,-0.0294279083609581
1771525740250897700,9.204897705078125,0.2119874656200409,-0.4383559823036194,0.040879491716623306
1771525740260900400,9.214900390625,0.18109482526779175,-0.41598546504974365,0.10373004525899887
1771525740270903000,9.224903076171875,0.1597895473241806,-0.34567806124687195,0.1729721873998642
1771525740280905700,9.23490576171875,0.10865689069032669,-0.24341274797916412,0.2241048365831375
1771525740290908400,9.244908447265624,0.08841688185930252,-0.1837579756975174,0.2635195851325989
1771525740300911000,9.2549111328125,0.07350318878889084,-0.14008216559886932,0.2763027548789978
1771525740310913800,9.264913818359375,0.061785291880369186,-0.07936213910579681,0.2816290855407715
1771525740320916200,9.274916259765625,0.046871598809957504,0.005858949851244688,0.29760801792144775
1771525740330919000,9.2849189453125,0.025566328316926956,0.10066741704940796,0.3039996027946472
1771525740340921600,9.294921630859376,0.011717899702489376,0.1784316599369049,0.29334697127342224
1771525740350924300,9.30492431640625,0.0074568456038832664,0.23595589399337769,0.2848248779773712
1771525740360927000,9.314927001953125,0.006391582079231739,0.26684853434562683,0.2624543309211731
1771525740370929700,9.3249296875,0.004261054564267397,0.276435911655426,0.2347574681043625
1771525740380932400,9.334932373046875,0.01597895473241806,0.26684853434562683,0.22943115234375
1771525740390935000,9.34493505859375,0.038349490612745285,0.2498043179512024,0.23795326054096222
1771525740400937500,9.3549375,0.061785291880369186,0.22423799335956573,0.24008379876613617
1771525740410940200,9.364940185546875,0.09054741263389587,0.16351796686649323,0.22197431325912476
1771525740420942800,9.37494287109375,0.11504847556352615,0.0846884623169899,0.1825595498085022
1771525740430945500,9.384945556640625,0.12463584542274475,-0.020772641524672508,0.12823110818862915
1771525740440948200,9.3949482421875,0.11717899888753891,-0.12090742588043213,0.09414267539978027
1771525740450951000,9.404950927734374,0.09374319761991501,-0.21784640848636627,0.08775109052658081
1771525740460953600,9.41495361328125,0.06285055726766586,-0.297741174697876,0.08029424399137497
1771525740470956300,9.424956298828125,0.038349490612745285,-0.33715593814849854,0.09840372949838638
1771525740480958700,9.434958740234375,0.026631591841578484,-0.31691592931747437,0.13781848549842834
1771525740490961400,9.44496142578125,0.018109481781721115,-0.25193485617637634,0.19321219623088837
1771525740500964000,9.454964111328126,0.004261054564267397,-0.14753901958465576,0.2336922138929367
1771525740510966800,9.464966796875,-0.03941475600004196,-0.018642114475369453,0.22090904414653778
1771525740520969500,9.474969482421875,-0.12357058376073837,0.12836426496505737,0.14847111701965332
1771525740530972200,9.48497216796875,-0.2066611498594284,0.24341274797916412,0.030226856470108032
1771525740540974800,9.494974853515625,-0.2918822467327118,0.30306750535964966,-0.12956269085407257
1771525740550977500,9.5049775390625,-0.31212225556373596,0.28815382719039917,-0.24354590475559235
1771525740560980000,9.51497998046875,-0.2737727463245392,0.21038956940174103,-0.21158799529075623
1771525740570982700,9.524982666015624,-0.18109482526779175,0.0708400309085846,-0.0624510794878006
1771525740580985300,9.5349853515625,-0.066046342253685,-0.12197268754243851,0.11864373832941055
1771525740590988000,9.544988037109375,-0.0010652636410668492,-0.2860232889652252,0.23582273721694946
1771525740600990700,9.55499072265625,-0.029827382415533066,-0.332894891500473,0.26458486914634705
1771525740610993400,9.564993408203126,-0.1267663687467575,-0.3051980435848236,0.22303956747055054
1771525740620996000,9.57499609375,-0.25140222907066345,-0.20506325364112854,0.08881635963916779
1771525740630998800,9.584998779296875,-0.3653854429721832,-0.04527370631694794,-0.10399636626243591
1771525740641001500,9.59500146484375,-0.43569281697273254,0.12516847252845764,-0.314918577671051
1771525740651004000,9.60500390625,-0.43569281697273254,0.2348906397819519,-0.5162534117698669
1771525740661006600,9.615006591796876,-0.3472759425640106,0.23595589399337769,-0.6717818975448608
1771525740671009300,9.62500927734375,-0.20026956498622894,0.1699095517396927,-0.7612640261650085
1771525740681012000,9.635011962890625,-0.0330231711268425,0.06338318437337875,-0.7633945345878601
1771525740691014700,9.6450146484375,0.10546109825372696,-0.0655137151479721,-0.7016092538833618
1771525740701017300,9.655017333984375,0.18748639523983002,-0.17204007506370544,-0.6025397181510925
1771525740711020000,9.66502001953125,0.19920429587364197,-0.24341274797916412,-0.47470811009407043
1771525740721022700,9.675022705078124,0.1502021700143814,-0.26684853434562683,-0.3585943877696991
1771525740731025400,9.685025390625,0.06817687302827835,-0.2402169555425644,-0.2414153665304184
1771525740741028000,9.695028076171875,-0.02876211889088154,-0.1880190372467041,-0.14873743057250977
1771525740751030800,9.70503076171875,-0.1033305749297142,-0.13262532651424408,-0.1093226820230484
1771525740761033500,9.715033447265625,-0.14807164669036865,-0.10279794037342072,-0.10825742036104202
1771525740771036400,9.725036376953126,-0.1406148076057434,-0.09214530140161514,-0.11784479022026062
1771525740781039000,9.7350390625,-0.10120004415512085,-0.10173267871141434,-0.09227846562862396
1771525740791041800,9.745041748046875,-0.038349490612745285,-0.12090742588043213,-0.03262370079755783
1771525740801044500,9.75504443359375,0.041545283049345016,-0.14860427379608154,0.06644582003355026
1771525740811047200,9.765047119140625,0.10546109825372696,-0.16245271265506744,0.1825595498085022
1771525740821049900,9.7750498046875,0.1416800618171692,-0.17097482085227966,0.27949854731559753
1771525740831052500,9.785052490234374,0.1502021700143814,-0.1933453530073166,0.342349112033844
1771525740841055200,9.79505517578125,0.1406148076057434,-0.1880190372467041,0.38815543055534363
1771525740851058000,9.805057861328125,0.11930952966213226,-0.16138744354248047,0.42863544821739197
1771525740861060600,9.815060546875,0.09374319761991501,-0.13369058072566986,0.45633232593536377
1771525740871063300,9.825063232421876,0.08735162019729614,-0.1272990107536316,0.4914860129356384
1771525740881066000,9.83506591796875,0.0894821435213089,-0.1315600574016571,0.5010733604431152
1771525740891068700,9.845068603515625,0.0703074038028717,-0.08255793154239655,0.49894285202026367
1771525740901071600,9.855071533203125,0.046871598809957504,0.009054740890860558,0.5202481150627136
1771525740911074300,9.86507421875,0.008522109128534794,0.14221268892288208,0.5415533781051636
1771525740921077000,9.875076904296876,-0.0330231711268425,0.2956106662750244,0.5554018020629883
1771525740931079700,9.88507958984375,-0.07669898122549057,0.4149201810359955,0.530900776386261
1771525740941082400,9.895082275390624,-0.1129179447889328,0.502271831035614,0.45846283435821533
1771525740951085000,9.9050849609375,-0.13209268450737,0.5480781197547913,0.36258912086486816
1771525740971090400,9.92509033203125,-0.08415582776069641,0.456465482711792,0.11757847666740417
1771525740981093000,9.935093017578126,-0.030892645940184593,0.3531349003314972,0.03448791056871414
1771525740991095800,9.945095703125,0.02769685536623001,0.2444780021905899,-0.028362644836306572
1771525741001098500,9.955098388671875,0.07350318878889084,0.1507348120212555,-0.11251847445964813
1771525741011101200,9.96510107421875,0.07563371956348419,0.14008216559886932,-0.2510027587413788
1771525741021103600,9.975103515625,0.030892645940184593,0.19867166876792908,-0.43103229999542236
1771525741031106300,9.985106201171876,-0.017044218257069588,0.2625874876976013,-0.6195839643478394
1771525741041109000,9.99510888671875,-0.022370535880327225,0.3158506751060486,-0.7175882458686829
1771525741051111700,10.005111572265625,0.023435799404978752,0.32224225997924805,-0.6430197358131409
1771525741061114400,10.0151142578125,0.09480846673250198,0.297741174697876,-0.4235754609107971
1771525741071117000,10.025116943359375,0.1502021700143814,0.2721748650074005,-0.1327584832906723
1771525741081119700,10.03511962890625,0.14913691580295563,0.24767379462718964,0.1356879621744156
1771525741091122400,10.045122314453126,0.1033305749297142,0.18695376813411713,0.2912164330482483
1771525741101124900,10.055124755859374,0.012783164158463478,0.09321057051420212,0.29334697127342224
1771525741111127600,10.06512744140625,-0.10972215235233307,0.027164222672581673,0.1676458716392517
1771525741121130200,10.075130126953125,-0.21305273473262787,0.02396843209862709,0.001464737462811172
1771525741131133000,10.0851328125,-0.26951169967651367,0.0516652874648571,-0.14341111481189728
1771525741141135600,10.095135498046876,-0.24714116752147675,0.0985368862748146,-0.23076273500919342
1771525741151138300,10.10513818359375,-0.18002955615520477,0.16351796686649323,-0.24887222051620483
1771525741161141000,10.11514111328125,-0.11078742146492004,0.22743378579616547,-0.22437115013599396
1771525741171143700,10.125143798828125,-0.042610544711351395,0.28389275074005127,-0.203065887093544
1771525741181146000,10.13514599609375,0.022370535880327225,0.3009369671344757,-0.17430377006530762
1771525741191148800,10.145148681640626,0.07563371956348419,0.287088543176651,-0.13488900661468506
1771525741201151500,10.1551513671875,0.10652636736631393,0.24554327130317688,-0.10825742036104202
1771525741211154200,10.165154296875,0.122505322098732,0.16564849019050598,-0.11251847445964813
1771525741221156900,10.175156982421875,0.12783163785934448,0.06870950758457184,-0.14021532237529755
1771525741231159600,10.18515966796875,0.12357058376073837,-0.03675159439444542,-0.15512901544570923
1771525741241162200,10.195162353515625,0.11504847556352615,-0.12942953407764435,-0.13169321417808533
1771525741251165000,10.2051650390625,0.09800425171852112,-0.21252009272575378,-0.08269108831882477
1771525741261167600,10.215167724609374,0.08309056609869003,-0.27537065744400024,-0.030493171885609627
1771525741271170000,10.225170166015625,0.07669898122549057,-0.30306750535964966,0.029161592945456505
1771525741281172700,10.2351728515625,0.0703074038028717,-0.28921908140182495,0.09946899116039276
1771525741291175400,10.245175537109375,0.061785291880369186,-0.24234747886657715,0.15273217856884003
1771525741301178000,10.25517822265625,0.05539371073246002,-0.15819165110588074,0.16018901765346527
1771525741311180800,10.265180908203124,0.05326318368315697,-0.04846949502825737,0.14847111701965332
1771525741321183500,10.27518359375,0.058589499443769455,0.04314317926764488,0.1346226930618286
1771525741331186200,10.285186279296875,0.06817687302827835,0.0942758321762085,0.11118689179420471
1771525741341188900,10.29518896484375,0.07776424288749695,0.1081242561340332,0.06751108169555664
1771525741351191300,10.30519140625,0.09054741263389587,0.09001477807760239,0.017443692311644554
1771525741361194000,10.315194091796876,0.0990695208311081,0.06338318437337875,-0.011318426579236984
1771525741371196700,10.32519677734375,0.1129179447889328,0.021837905049324036,0.011052110232412815
1771525741381199400,10.335199462890625,0.10972215235233307,-0.013315795920789242,0.10159952193498611
1771525741391202000,10.3452021484375,0.08522108942270279,-0.026098959147930145,0.20919114351272583
1771525741401204700,10.355204833984375,0.05219791829586029,-0.030360013246536255,0.29760801792144775
1771525741411207400,10.36520751953125,0.012783164158463478,-0.058056868612766266,0.3242396116256714
1771525741421210000,10.375210205078124,-0.025566328316926956,-0.07616634666919708,0.296542763710022
1771525741431212500,10.385212646484375,-0.05539371073246002,-0.09747162461280823,0.2518016993999481
1771525741441215200,10.39521533203125,-0.066046342253685,-0.11558110266923904,0.1825595498085022
1771525741451218000,10.405218017578125,-0.05539371073246002,-0.1358211189508438,0.12929637730121613
1771525741461220600,10.415220703125,-0.03195790946483612,-0.13049480319023132,0.10479531437158585
1771525741471223300,10.425223388671874,0,-0.08042740821838379,0.13781848549842834
1771525741481226000,10.43522607421875,0.042610544711351395,-0.02396843209862709,0.2241048365831375
1771525741491228700,10.445228759765625,0.07563371956348419,0.01651158556342125,0.28802067041397095
1771525741501231400,10.4552314453125,0.0798947736620903,0.04953476041555405,0.24647536873817444
1771525741511233800,10.46523388671875,0.01597895473241806,0.10066741704940796,0.10053425282239914
1771525741521236500,10.475236572265626,-0.10120004415512085,0.18908429145812988,-0.15832480788230896
1771525741531239200,10.4852392578125,-0.20985694229602814,0.25086960196495056,-0.4534028470516205
1771525741541241900,10.495241943359375,-0.22903168201446533,0.22423799335956573,-0.6419544816017151
1771525741551244500,10.50524462890625,-0.14807164669036865,0.11238531768321991,-0.6387587189674377
1771525741561247200,10.515247314453125,0.0021305272821336985,-0.058056868612766266,-0.48323023319244385
1771525741571250000,10.52525,0.16405059397220612,-0.24234747886657715,-0.2914827764034271
1771525741581252600,10.535252685546874,0.22690115869045258,-0.3424822688102722,-0.1615206003189087
1771525741591255000,10.545255126953125,0.1459411233663559,-0.3105243444442749,-0.11038794368505478
1771525741601257700,10.5552578125,-0.03728422895073891,-0.2018674612045288,-0.12956269085407257
1771525741611260400,10.565260498046875,-0.2545980215072632,-0.037816859781742096,-0.21904483437538147
1771525741621263000,10.57526318359375,-0.4388886094093323,0.14966954290866852,-0.34261542558670044
1771525741641268500,10.5952685546875,-0.4942823350429535,0.335025429725647,-0.5045354962348938
1771525741651271200,10.605271240234375,-0.4005391299724579,0.3861580789089203,-0.5002744197845459
1771525741661273900,10.61527392578125,-0.2822948694229126,0.3989412188529968,-0.4427502155303955
1771525741671276300,10.6252763671875,-0.16298533976078033,0.3478085696697235,-0.3724428117275238
1771525741681279000,10.635279052734376,-0.06817687302827835,0.25726115703582764,-0.30959224700927734
1771525741691281700,10.64528173828125,0.008522109128534794,0.14221268892288208,-0.2414153665304184
1771525741701284400,10.655284423828125,0.02769685536623001,0.01225053146481514,-0.1945437788963318
1771525741711287000,10.665287109375,0.023435799404978752,-0.12516847252845764,-0.1753690242767334
1771525741731292400,10.68529248046875,-0.03621896356344223,-0.26578328013420105,-0.11358373612165451
1771525741741295000,10.695295166015624,-0.058589499443769455,-0.29028433561325073,-0.043276336044073105
1771525741751297500,10.705297607421874,-0.066046342253685,-0.2860232889652252,0.04407528415322304
1771525741761300200,10.71530029296875,-0.066046342253685,-0.26471802592277527,0.09520793706178665
1771525741771303000,10.725302978515625,-0.042610544711351395,-0.2625874876976013,0.09094688296318054
1771525741781305600,10.7353056640625,0.004261054564267397,-0.287088543176651,0.06431528925895691
1771525741791308300,10.745308349609376,0.03941475600004196,-0.29028433561325073,0.05685844644904137
1771525741801311000,10.75531103515625,0.06391581892967224,-0.28815382719039917,0.07070687413215637
1771525741811313700,10.765313720703125,0.066046342253685,-0.2593916952610016,0.09201214462518692
1771525741821316400,10.77531640625,0.06072002649307251,-0.24554327130317688,0.10053425282239914
1771525741831318800,10.78531884765625,0.05752423778176308,-0.22423799335956573,0.10053425282239914
1771525741841321500,10.795321533203126,0.06498108059167862,-0.19547587633132935,0.11544794589281082
1771525741851324200,10.80532421875,0.08841688185930252,-0.19228008389472961,0.17829850316047668
1771525741861326800,10.815326904296874,0.1129179447889328,-0.21784640848636627,0.25499749183654785
1771525741871329500,10.82532958984375,0.12996216118335724,-0.2540653645992279,0.3178480267524719
1771525741881332200,10.835332275390625,0.13209268450737,-0.27537065744400024,0.3561975359916687
1771525741891335000,10.8453349609375,0.12463584542274475,-0.276435911655426,0.3849596381187439
1771525741901337600,10.855337646484376,0.09800425171852112,-0.2551306486129761,0.3849596381187439
1771525741911340000,10.865340087890624,0.061785291880369186,-0.21358536183834076,0.3572627902030945
1771525741921342700,10.8753427734375,0.03941475600004196,-0.1454084813594818,0.33489224314689636
1771525741931345400,10.885345458984375,0.022370535880327225,-0.09960214793682098,0.3199785649776459
1771525741941348000,10.89534814453125,0.04793686419725418,-0.10066741704940796,0.28802067041397095
1771525741951350800,10.905350830078126,0.08522108942270279,-0.10279794037342072,0.23049642145633698
1771525741961353500,10.915353515625,0.12570111453533173,-0.1507348120212555,0.18469008803367615
1771525741971356200,10.925356201171875,0.1502021700143814,-0.18588849902153015,0.19427745044231415
1771525741981358800,10.93535888671875,0.15446323156356812,-0.2018674612045288,0.24647536873817444
1771525741991361300,10.945361328125,0.1416800618171692,-0.18908429145812988,0.3082606792449951
1771525742001364000,10.955364013671876,0.11185268312692642,-0.1507348120212555,0.3135869801044464
1771525742021369300,10.975369384765624,-0.06711161136627197,-0.046338967978954315,-0.07310371845960617
1771525742031372000,10.9853720703125,-0.122505322098732,0.020772641524672508,-0.3490070104598999
1771525742041374700,10.995374755859375,-0.0798947736620903,0.04314317926764488,-0.5396891832351685
1771525742051377400,11.00537744140625,0.030892645940184593,0.07190529257059097,-0.5535376071929932
1771525742061380000,11.015380126953126,0.16831165552139282,0.08681898564100266,-0.4299670457839966
1771525742071382500,11.025382568359374,0.2599243223667145,0.05592634156346321,-0.23395852744579315
1771525742081385200,11.03538525390625,0.24074958264827728,0.01438105944544077,-0.0762995108962059
1771525742091388000,11.045387939453125,0.1310274302959442,-0.0282294861972332,-0.019840534776449203
1771525742101390600,11.055390625,-0.025566328316926956,-0.09108003973960876,-0.04647212475538254
1771525742111393300,11.065393310546876,-0.17683376371860504,-0.1272990107536316,-0.1380847990512848
1771525742121396000,11.07539599609375,-0.27590328454971313,-0.12623374164104462,-0.26698169112205505
1771525742131398700,11.085398681640624,-0.28442537784576416,-0.10173267871141434,-0.344745934009552
1771525742141401300,11.0954013671875,-0.21731378138065338,-0.0708400309085846,-0.3671164810657501
1771525742151403800,11.10540380859375,-0.12889690697193146,-0.03568633273243904,-0.35539859533309937
1771525742161406500,11.115406494140625,-0.045806337147951126,-0.01438105944544077,-0.3170490860939026
1771525742171409200,11.1254091796875,0.017044218257069588,-0.029294749721884727,-0.25206801295280457
1771525742181411800,11.135411865234374,0.05219791829586029,-0.07936213910579681,-0.19134798645973206
1771525742191414500,11.14541455078125,0.06817687302827835,-0.1454084813594818,-0.15512901544570923
1771525742201417200,11.155417236328125,0.0564589723944664,-0.21252009272575378,-0.13169321417808533
1771525742211420000,11.165419921875,0.030892645940184593,-0.28495803475379944,-0.11038794368505478
1771525742231425000,11.185425048828124,-0.030892645940184593,-0.3680485785007477,-0.10506162792444229
1771525742241427700,11.195427734375,-0.038349490612745285,-0.34141698479652405,-0.04540686309337616
1771525742251430400,11.205430419921875,-0.030892645940184593,-0.2924148738384247,0.020639482885599136
1771525742261433000,11.21543310546875,-0.011717899702489376,-0.2444780021905899,0.061119500547647476
1771525742271435800,11.225435791015625,0,-0.19547587633132935,0.09840372949838638
1771525742281438500,11.2354384765625,-0.006391582079231739,-0.1411474347114563,0.13355742394924164
1771525742291441200,11.245441162109374,0,-0.12516847252845764,0.17936377227306366
1771525742301443800,11.25544384765625,0.02024000883102417,-0.1464737504720688,0.2251701056957245
1771525742311446300,11.2654462890625,0.02450106292963028,-0.16351796686649323,0.23688800632953644
1771525742321449000,11.275448974609375,0.017044218257069588,-0.16777902841567993,0.21451745927333832
1771525742331451600,11.28545166015625,0.011717899702489376,-0.14327795803546906,0.20706062018871307
1771525742341454300,11.295454345703124,-0.0021305272821336985,-0.07616634666919708,0.23049642145633698
1771525742351457000,11.30545703125,-0.022370535880327225,-0.017576850950717926,0.23688800632953644
1771525742361459700,11.315459716796875,-0.022370535880327225,0.026098959147930145,0.2539322078227997
1771525742371462400,11.32546240234375,-0.026631591841578484,0.04740423336625099,0.28375959396362305
1771525742391467500,11.345467529296876,-0.061785291880369186,0.013315795920789242,0.33489224314689636
1771525742401470200,11.35547021484375,-0.07563371956348419,-0.04953476041555405,0.3178480267524719
1771525742411473000,11.365472900390625,-0.07882951200008392,-0.1081242561340332,0.2816290855407715
1771525742421475600,11.3754755859375,-0.07243792712688446,-0.14434322714805603,0.2486059069633484
1771525742431478300,11.385478271484375,-0.06285055726766586,-0.15712638199329376,0.24221432209014893
1771525742441481000,11.39548095703125,-0.05113265663385391,-0.15393058955669403,0.27310696244239807
1771525742451483600,11.405483642578124,-0.054328445345163345,-0.11984215676784515,0.3039996027946472
1771525742461486300,11.415486328125,-0.05539371073246002,-0.0846884623169899,0.3050648868083954
1771525742471489000,11.425489013671875,-0.02769685536623001,-0.06018739566206932,0.2901511788368225
1771525742481491500,11.435491455078125,0.018109481781721115,-0.05273054912686348,0.24541011452674866
1771525742491494100,11.445494140625,0.06285055726766586,-0.0516652874648571,0.1303616315126419
1771525742501496800,11.455496826171874,0.07243792712688446,-0.04101264849305153,-0.04221107065677643
1771525742511499500,11.46549951171875,0.04793686419725418,0.00798947736620903,-0.24461115896701813
1771525742521502200,11.475502197265625,0.004261054564267397,0.1038632020354271,-0.40333545207977295
1771525742531505000,11.4855048828125,-0.030892645940184593,0.18695376813411713,-0.457663893699646
1771525742541507600,11.495507568359375,-0.026631591841578484,0.23382537066936493,-0.39374807476997375
1771525742551510300,11.50551025390625,0.02024000883102417,0.22317273914813995,-0.23395852744579315
1771525742561512700,11.5155126953125,0.09800425171852112,0.1368863731622696,-0.06138581782579422
1771525742571515400,11.525515380859375,0.14487585425376892,0.029294749721884727,0.06431528925895691
1771525742581518000,11.53551806640625,0.11398320645093918,-0.020772641524672508,0.09414267539978027
1771525742591520800,11.545520751953125,0.02876211889088154,-0.010120004415512085,0.012117373757064342
1771525742601523500,11.5555234375,-0.08415582776069641,0.062317922711372375,-0.13169321417808533
1771525742611526100,11.565526123046874,-0.1693769246339798,0.18482324481010437,-0.2978743314743042
1771525742621528800,11.57552880859375,-0.19920429587364197,0.3051980435848236,-0.4427502155303955
1771525742631531500,11.585531494140625,-0.16298533976078033,0.3957454562187195,-0.5301018357276917
1771525742641534000,11.595533935546875,-0.09267793595790863,0.43516018986701965,-0.5567334294319153
1771525742651536600,11.60553662109375,-0.004261054564267397,0.4245075583457947,-0.5450155138969421
1771525742661539300,11.615539306640626,0.07243792712688446,0.3712443709373474,-0.4810996949672699
1771525742671542000,11.6255419921875,0.10652636736631393,0.30839383602142334,-0.3916175365447998
1771525742681544700,11.635544677734375,0.09693899005651474,0.2263685166835785,-0.30426591634750366
1771525742691547400,11.64554736328125,0.06285055726766586,0.1315600574016571,-0.24248063564300537
1771525742701549800,11.6555498046875,0.022370535880327225,0.0282294861972332,-0.20519641041755676
1771525742711552500,11.665552490234376,-0.006391582079231739,-0.07616634666919708,-0.17110797762870789
1771525742721555200,11.67555517578125,-0.01597895473241806,-0.13901691138744354,-0.11464899778366089
1771525742731557600,11.6855576171875,-0.01597895473241806,-0.16564849019050598,-0.043276336044073105
1771525742741560300,11.695560302734375,-0.0031957910396158695,-0.1603221744298935,0.028096329420804977
1771525742751563000,11.70556298828125,0.006391582079231739,-0.1315600574016571,0.09094688296318054
1771525742761565400,11.7155654296875,0.022370535880327225,-0.11025478690862656,0.15166690945625305
1771525742771568000,11.725568115234376,0.034088436514139175,-0.08575372397899628,0.18149429559707642
1771525742781570800,11.73557080078125,0.045806337147951126,-0.06018739566206932,0.19747324287891388
1771525742791573200,11.7455732421875,0.058589499443769455,-0.04314317926764488,0.21664799749851227
1771525742801576000,11.755575927734375,0.08202529698610306,-0.06338318437337875,0.2251701056957245
1771525742811578600,11.76557861328125,0.10652636736631393,-0.09747162461280823,0.2155827283859253
1771525742821581000,11.7755810546875,0.122505322098732,-0.12516847252845764,0.18895113468170166
1771525742831583700,11.785583740234374,0.12996216118335724,-0.1272990107536316,0.16977639496326447
1771525742841586400,11.79558642578125,0.12570111453533173,-0.08042740821838379,0.18575534224510193
1771525742851588900,11.8055888671875,0.11504847556352615,-0.01225053146481514,0.2102564126253128
1771525742861591600,11.815591552734375,0.10652636736631393,0.042077913880348206,0.24434484541416168
1771525742871594200,11.82559423828125,0.10226531326770782,0.08681898564100266,0.2677806615829468
1771525742881596700,11.8355966796875,0.10013478249311447,0.10599373281002045,0.27949854731559753
1771525742891599400,11.845599365234374,0.08841688185930252,0.11238531768321991,0.2709764242172241
1771525742901602000,11.85560205078125,0.06817687302827835,0.10599373281002045,0.25606274604797363
1771525742911604500,11.8656044921875,0.05539371073246002,0.09214530140161514,0.2486059069633484
1771525742921607200,11.875607177734375,0.04367581009864807,0.09534109383821487,0.2677806615829468
1771525742931609900,11.88560986328125,0.025566328316926956,0.09534109383821487,0.27417221665382385
1771525742941612300,11.8956123046875,0.022370535880327225,0.06870950758457184,0.25606274604797363
1771525742951615000,11.905614990234374,0.026631591841578484,0.01970737800002098,0.25925853848457336
1771525742961617700,11.91561767578125,0.026631591841578484,-0.018642114475369453,0.275237500667572
1771525742971620400,11.925620361328125,0.010652636177837849,-0.02396843209862709,0.2763027548789978
1771525742981623000,11.935623046875,-0.017044218257069588,-0.006924213841557503,0.24114905297756195
1771525742991625700,11.945625732421876,-0.06285055726766586,0.04527370631694794,0.14634059369564056
1771525743001628200,11.955628173828124,-0.1310274302959442,0.12410321086645126,-0.0006657897611148655
1771525743011630800,11.965630859375,-0.18642114102840424,0.1933453530073166,-0.1796300858259201
1771525743021633500,11.975633544921875,-0.17044217884540558,0.20293273031711578,-0.30852699279785156
1771525743031636200,11.98563623046875,-0.09161267429590225,0.17204007506370544,-0.3351585865020752
1771525743041639000,11.995638916015626,0.022370535880327225,0.09960214793682098,-0.23821958899497986
1771525743051641600,12.0056416015625,0.122505322098732,-0.004793686326593161,-0.07203845679759979
1771525743061644300,12.015644287109374,0.13848426938056946,-0.06977476924657822,0.061119500547647476
1771525743071647000,12.02564697265625,0.050067391246557236,-0.0942758321762085,0.1069258376955986
1771525743081649400,12.0356494140625,-0.07776424288749695,-0.11025478690862656,0.09840372949838638
1771525743091652000,12.045652099609375,-0.2162485122680664,-0.09108003973960876,0.05153212696313858
1771525743101654800,12.05565478515625,-0.32703593373298645,-0.0037284228019416332,-0.052863709628582
1771525743111657500,12.065657470703124,-0.3632549047470093,0.0985368862748146,-0.14554163813591003
1771525743121660200,12.07566015625,-0.3153180480003357,0.15180006623268127,-0.19028271734714508
1771525743131662800,12.085662841796875,-0.21944430470466614,0.17523586750030518,-0.203065887093544
1771525743141665500,12.09566552734375,-0.11824426054954529,0.16564849019050598,-0.19028271734714508
1771525743151668200,12.105668212890626,-0.030892645940184593,0.10066741704940796,-0.17749954760074615
1771525743161670700,12.115670654296874,0.03728422895073891,-0.01970737800002098,-0.16897743940353394
1771525743171673300,12.12567333984375,0.07563371956348419,-0.12942953407764435,-0.16791218519210815
1771525743181676000,12.135676025390625,0.0703074038028717,-0.22423799335956573,-0.19028271734714508
1771525743191678700,12.1456787109375,0.06285055726766586,-0.2785664498806,-0.19560903310775757
1771525743201681400,12.155681396484376,0.03728422895073891,-0.2743053734302521,-0.16897743940353394
1771525743211684000,12.16568408203125,0.0074568456038832664,-0.21891167759895325,-0.11038794368505478
1771525743221686800,12.175686767578124,-0.013848427683115005,-0.13901691138744354,-0.028362644836306572
1771525743231689500,12.185689453125,-0.022370535880327225,-0.058056868612766266,0.0366184376180172
1771525743241692000,12.19569189453125,-0.0074568456038832664,-0.021837905049324036,0.08029424399137497
1771525743251694600,12.205694580078125,0.017044218257069588,-0.01970737800002098,0.09840372949838638
1771525743261697300,12.215697265625,0.038349490612745285,-0.025033695623278618,0.12077426165342331
1771525743271700000,12.225699951171874,0.04793686419725418,-0.038882121443748474,0.1261005848646164
1771525743281702700,12.23570263671875,0.050067391246557236,-0.04740423336625099,0.11331742256879807
1771525743291705300,12.245705322265625,0.04793686419725418,-0.04420844092965126,0.10266478359699249
1771525743301708000,12.2557080078125,0.045806337147951126,-0.04527370631694794,0.09201214462518692
1771525743311710700,12.265710693359376,0.04474107176065445,-0.03994738683104515,0.08775109052658081
1771525743321713200,12.275713134765626,0.0330231711268425,-0.027164222672581673,0.08135951310396194
1771525743331715800,12.2857158203125,0.018109481781721115,-0.006924213841557503,0.06644582003355026
1771525743341718500,12.295718505859375,0.008522109128534794,0.00798947736620903,0.07709845900535583
1771525743351721200,12.30572119140625,0.0021305272821336985,0.027164222672581673,0.11864373832941055
1771525743361724000,12.315723876953125,-0.0021305272821336985,0.004793686326593161,0.16018901765346527
1771525743371726600,12.3257265625,0,-0.0516652874648571,0.18042902648448944
1771525743381729300,12.335729248046874,0.0010652636410668492,-0.10705899447202682,0.20706062018871307
1771525743391732000,12.34573193359375,0.005326318088918924,-0.14434322714805603,0.2347574681043625
1771525743401734400,12.355734375,0.011717899702489376,-0.19121482968330383,0.2475406378507614
1771525743411737000,12.365737060546875,0.022370535880327225,-0.21997694671154022,0.24008379876613617
1771525743421739800,12.37573974609375,0.017044218257069588,-0.21252009272575378,0.2241048365831375
1771525743431742500,12.385742431640624,-0.004261054564267397,-0.20293273031711578,0.21877852082252502
1771525743441745200,12.3957451171875,-0.0330231711268425,-0.17736639082431793,0.2390185296535492
1771525743451747800,12.405747802734375,-0.0564589723944664,-0.1411474347114563,0.2720417082309723
1771525743461750500,12.41575048828125,-0.05539371073246002,-0.11558110266923904,0.285890132188797
1771525743471753200,12.425753173828125,-0.042610544711351395,-0.10279794037342072,0.2241048365831375
1771525743481755600,12.435755615234376,-0.05113265663385391,-0.07936213910579681,0.0834900364279747
1771525743491758300,12.44575830078125,-0.08841688185930252,-0.034621067345142365,-0.12423637509346008
1771525743501761000,12.455760986328125,-0.1267663687467575,0.015446322970092297,-0.30426591634750366
1771525743511763700,12.465763671875,-0.11930952966213226,0.04101264849305153,-0.37989965081214905
1771525743521766400,12.475766357421875,-0.05965476483106613,0.021837905049324036,-0.37031227350234985
1771525743531769000,12.48576904296875,0.030892645940184593,-0.0708400309085846,-0.279764860868454
1771525743541771800,12.495771728515624,0.12570111453533173,-0.1976063996553421,-0.14767217636108398
1771525743551774500,12.5057744140625,0.17257271707057953,-0.3105243444442749,-0.0294279083609581
1771525743561777000,12.51577685546875,0.1310274302959442,-0.3339601457118988,0.029161592945456505
1771525743571779600,12.525779541015625,0.019174745306372643,-0.28815382719039917,-0.003861580742523074
1771525743581782300,12.5357822265625,-0.1267663687467575,-0.18908429145812988,-0.11784479022026062
1771525743591785000,12.545784912109376,-0.25566327571868896,-0.03249054029583931,-0.26698169112205505
1771525743601787600,12.55578759765625,-0.3110569715499878,0.12410321086645126,-0.3916175365447998
1771525743621793000,12.57579296875,-0.18216007947921753,0.33182963728904724,-0.46831652522087097
1771525743631795700,12.585795654296875,-0.08415582776069641,0.3850927948951721,-0.45127230882644653
1771525743641798100,12.595798095703126,0.009587372653186321,0.36378753185272217,-0.43209755420684814
1771525743651800800,12.60580078125,0.0894821435213089,0.2732401192188263,-0.4139880836009979
1771525743661803500,12.615803466796875,0.13315795361995697,0.13262532651424408,-0.3958786129951477
1771525743671806200,12.62580615234375,0.13528847694396973,-0.0005326318205334246,-0.38522595167160034
1771525743681809000,12.635808837890625,0.09800425171852112,-0.1038632020354271,-0.3404848873615265
1771525743691811600,12.6458115234375,0.038349490612745285,-0.1603221744298935,-0.25206801295280457
1771525743701814300,12.655814208984374,-0.013848427683115005,-0.18056218326091766,-0.12743216753005981
1771525743711817000,12.66581689453125,-0.05113265663385391,-0.14221268892288208,0.011052110232412815
1771525743721819600,12.675819580078125,-0.08628635853528976,-0.07723161578178406,0.1356879621744156
1771525743731822000,12.685822021484375,-0.0990695208311081,-0.03568633273243904,0.21132168173789978
1771525743741824800,12.69582470703125,-0.09800425171852112,-0.009054740890860558,0.27843329310417175
1771525743751827500,12.705827392578126,-0.1033305749297142,0.021837905049324036,0.31678277254104614
1771525743761830100,12.715830078125,-0.09800425171852112,0.038882121443748474,0.3338269889354706
1771525743771832800,12.725832763671875,-0.08415582776069641,0.02396843209862709,0.34447962045669556
1771525743781835500,12.73583544921875,-0.054328445345163345,-0.010120004415512085,0.34021857380867004
1771525743791838200,12.745838134765625,-0.02450106292963028,-0.04101264849305153,0.3103911876678467
1771525743801841000,12.7558408203125,0.010652636177837849,-0.042077913880348206,0.2635195851325989
1771525743811843300,12.76584326171875,0.04048001766204834,0.013315795920789242,0.2390185296535492
1771525743821846000,12.775845947265625,0.06391581892967224,0.0751010850071907,0.20706062018871307
1771525743831848700,12.7858486328125,0.09587372839450836,0.0985368862748146,0.15273217856884003
1771525743841851400,12.795851318359375,0.13954953849315643,0.0708400309085846,0.1261005848646164
1771525743851854000,12.80585400390625,0.1832253485918045,0.020772641524672508,0.12183953076601028
1771525743871859500,12.825859375,0.2119874656200409,-0.04314317926764488,0.19001640379428864
1771525743881862100,12.835862060546875,0.18961693346500397,-0.059122130274772644,0.2251701056957245
1771525743891864600,12.845864501953125,0.15872427821159363,-0.042077913880348206,0.26884591579437256
1771525743901867300,12.8558671875,0.1129179447889328,0.026098959147930145,0.3412838280200958
1771525743911870000,12.865869873046876,0.058589499443769455,0.11984215676784515,0.3700459599494934
1771525743931875300,12.885875244140625,0.02450106292963028,0.23595589399337769,0.3146522343158722
1771525743941878000,12.8958779296875,0.034088436514139175,0.25193485617637634,0.294412225484848
1771525743951880700,12.905880615234375,0.05326318368315697,0.25619590282440186,0.3274354040622711
1771525743961883400,12.91588330078125,0.06391581892967224,0.24128220975399017,0.4233091473579407
1771525743971885800,12.9258857421875,0.04793686419725418,0.24341274797916412,0.5319660305976868
1771525743981888500,12.935888427734374,0.0010652636410668492,0.2860232889652252,0.6171871423721313
1771525743991891200,12.94589111328125,-0.05752423778176308,0.3392864763736725,0.631035566329956
1771525744001894000,12.955893798828125,-0.10865689069032669,0.3723096549510956,0.5372923612594604
1771525744011896600,12.965896484375,-0.12357058376073837,0.37870121002197266,0.3849596381187439
1771525744021899300,12.975899169921876,-0.09161267429590225,0.3573959469795227,0.23262694478034973
1771525744031902000,12.98590185546875,-0.017044218257069588,0.3190464675426483,0.12929637730121613
1771525744041904600,12.995904541015625,0.08522108942270279,0.2721748650074005,0.08562056720256805
1771525744051907000,13.005906982421875,0.18961693346500397,0.22317273914813995,0.07922898232936859
1771525744061909800,13.01590966796875,0.24714116752147675,0.19228008389472961,0.07922898232936859
1771525744071912400,13.025912353515626,0.22796641290187836,0.211454838514328,0.06431528925895691
1771525744081915100,13.0359150390625,0.15872427821159363,0.22743378579616547,0.01957421936094761
1771525744091917800,13.045917724609374,0.06285055726766586,0.23595589399337769,-0.06777740269899368
1771525744101920500,13.05592041015625,-0.0330231711268425,0.2689790725708008,-0.1796300858259201
1771525744111923200,13.065923095703125,-0.11078742146492004,0.3158506751060486,-0.30533120036125183
1771525744121926000,13.07592578125,-0.13422322273254395,0.354200154542923,-0.38522595167160034
1771525744131928300,13.08592822265625,-0.10759162902832031,0.38296228647232056,-0.4352933466434479
1771525744141931000,13.095930908203124,-0.05752423778176308,0.3818970024585724,-0.47896915674209595
1771525744151933700,13.10593359375,0.0010652636410668492,0.35952648520469666,-0.4853607416152954
1771525744161936400,13.115936279296875,0.058589499443769455,0.2924148738384247,-0.4608596861362457
1771525744171939000,13.12593896484375,0.10120004415512085,0.17523586750030518,-0.4331628382205963
1771525744181941800,13.135941650390626,0.11930952966213226,0.04527370631694794,-0.4054659605026245
1771525744191944400,13.1459443359375,0.11824426054954529,-0.08681898564100266,-0.390552282333374
1771525744211949600,13.165949462890625,0.07456845790147781,-0.22423799335956573,-0.27230802178382874
1771525744221952300,13.1759521484375,0.029827382415533066,-0.21252009272575378,-0.20945745706558228
1771525744231955000,13.185954833984376,-0.02876211889088154,-0.1688442826271057,-0.15086796879768372
1771525744241957600,13.19595751953125,-0.06391581892967224,-0.12942953407764435,-0.1093226820230484
1771525744251960300,13.205960205078124,-0.08415582776069641,-0.10173267871141434,-0.08162582665681839
1771525744261963000,13.215962890625,-0.07137266546487808,-0.10599373281002045,-0.04008054360747337
1771525744271965700,13.225965576171875,-0.03728422895073891,-0.12942953407764435,0.00892158318310976
1771525744281968400,13.235968505859375,0,-0.18162745237350464,0.06751108169555664
1771525744291970800,13.245970703125,0.029827382415533066,-0.24128220975399017,0.12183953076601028
1771525744301973500,13.255973388671874,0.038349490612745285,-0.28389275074005127,0.19001640379428864
1771525744311976200,13.26597607421875,0.02876211889088154,-0.3094590902328491,0.27417221665382385
1771525744321979000,13.275978759765625,0.017044218257069588,-0.343547523021698,0.35513225197792053
1771525744331981600,13.285981689453125,0.01597895473241806,-0.3861580789089203,0.4233091473579407
1771525744341984000,13.29598388671875,0.026631591841578484,-0.41598546504974365,0.4424838721752167
1771525744351986700,13.305986572265626,0.034088436514139175,-0.4127896726131439,0.38709017634391785
1771525744361989400,13.3159892578125,0.03621896356344223,-0.3520696461200714,0.3008038103580475
1771525744371991800,13.32599169921875,0.03515370190143585,-0.2540653645992279,0.21664799749851227
1771525744381994500,13.335994384765625,0.025566328316926956,-0.15819165110588074,0.1591237634420395
1771525744391997200,13.3459970703125,0.026631591841578484,-0.07936213910579681,0.10373004525899887
1771525744401999600,13.35599951171875,0.03195790946483612,-0.021837905049324036,0.053662657737731934
1771525744412002300,13.366002197265624,0.042610544711351395,-0.00798947736620903,-0.009187898598611355
1771525744422005000,13.3760048828125,0.06285055726766586,-0.01651158556342125,-0.06777740269899368
1771525744432007400,13.38600732421875,0.08415582776069641,-0.025033695623278618,-0.10825742036104202
1771525744442010000,13.396010009765625,0.09693899005651474,-0.06444845348596573,-0.12956269085407257
1771525744452012800,13.4060126953125,0.11185268312692642,-0.12516847252845764,-0.14341111481189728
1771525744462015200,13.41601513671875,0.12996216118335724,-0.2071937769651413,-0.12423637509346008
1771525744472018000,13.426017822265624,0.12463584542274475,-0.25086960196495056,-0.10186583548784256
1771525744482020600,13.4360205078125,0.06391581892967224,-0.2540653645992279,-0.13701952993869781
1771525744492023000,13.44602294921875,-0.04367581009864807,-0.23169484734535217,-0.2414153665304184
1771525744502025700,13.456025634765625,-0.16405059397220612,-0.20080219209194183,-0.39800912141799927
1771525744512028400,13.4660283203125,-0.23222747445106506,-0.18162745237350464,-0.554602861404419
1771525744522031000,13.476031005859374,-0.22477063536643982,-0.19014956057071686,-0.6334323883056641
1771525744532033500,13.486033447265624,-0.14913691580295563,-0.18056218326091766,-0.5865607857704163
1771525744542036200,13.4960361328125,-0.030892645940184593,-0.20399798452854156,-0.4193144142627716
1771525744552039000,13.506038818359375,0.07882951200008392,-0.22849905490875244,-0.24035011231899261
1771525744562041300,13.516041259765625,0.11504847556352615,-0.23382537066936493,-0.1093226820230484
1771525744572044000,13.5260439453125,0.058589499443769455,-0.20399798452854156,-0.06032055243849754
1771525744582046700,13.536046630859374,-0.058589499443769455,-0.154995858669281,-0.08908267319202423
1771525744592049200,13.546049072265625,-0.18429060280323029,-0.05699160322546959,-0.13062795996665955
1771525744602051800,13.5560517578125,-0.2822948694229126,0.0655137151479721,-0.17430377006530762
1771525744612054500,13.566054443359375,-0.3142527639865875,0.1837579756975174,-0.24354590475559235
1771525744622057000,13.576056884765626,-0.28975170850753784,0.28069695830345154,-0.3117227852344513
1771525744642062300,13.596062255859374,-0.10546109825372696,0.3009369671344757,-0.3969438672065735
1771525744652064800,13.606064697265625,-0.0010652636410668492,0.2071937769651413,-0.45979443192481995
1771525744662067500,13.6160673828125,0.09480846673250198,0.09108003973960876,-0.5098618268966675
1771525744672070100,13.626070068359375,0.16831165552139282,-0.027164222672581673,-0.5109270811080933
1771525744682072800,13.63607275390625,0.18429060280323029,-0.13795164227485657,-0.4715123176574707
1771525744692075500,13.646075439453124,0.19920429587364197,-0.22423799335956573,-0.3394196331501007
1771525744702078000,13.656077880859375,0.1267663687467575,-0.2263685166835785,-0.19987009465694427
1771525744712080600,13.66608056640625,0.030892645940184593,-0.19121482968330383,-0.0762995108962059
1771525744722083300,13.676083251953125,-0.06285055726766586,-0.1411474347114563,-0.004926844500005245
1771525744732086000,13.6860859375,-0.11078742146492004,-0.10279794037342072,0.02277000993490219
1771525744742088700,13.696088623046874,-0.11717899888753891,-0.06444845348596573,0.053662657737731934
1771525744752091400,13.70609130859375,-0.09161267429590225,-0.022903168573975563,0.061119500547647476
1771525744762094000,13.716093994140625,-0.03941475600004196,-0.0015978955198079348,0.04407528415322304
1771525744772096800,13.7260966796875,0.014913691207766533,0.002663159044459462,0.001464737462811172
1771525744782099200,13.73609912109375,0.061785291880369186,-0.01225053146481514,-0.03688475489616394
1771525744792102000,13.746101806640626,0.09480846673250198,-0.030360013246536255,-0.018775271251797676
1771525744802104600,13.7561044921875,0.10652636736631393,-0.037816859781742096,0.030226856470108032
1771525744812107300,13.766107177734375,0.08841688185930252,-0.04314317926764488,0.06751108169555664
1771525744822110000,13.77610986328125,0.05752423778176308,-0.059122130274772644,0.10905636847019196
1771525744832112600,13.786112548828125,0.02450106292963028,-0.054861076176166534,0.1825595498085022
1771525744842115300,13.796115234375,-0.0010652636410668492,-0.03142527863383293,0.2869553864002228
1771525744852118000,13.806117919921874,-0.012783164158463478,-0.011185267940163612,0.3977428078651428
1771525744862120400,13.816120361328124,-0.013848427683115005,0.00798947736620903,0.49468180537223816
1771525744872123100,13.826123046875,-0.012783164158463478,0.013315795920789242,0.5426186919212341
1771525744882125800,13.836125732421875,-0.02876211889088154,0.026098959147930145,0.5458144545555115
1771525744892128500,13.84612841796875,-0.0564589723944664,0.061252661049366,0.5213133692741394
1771525744902131200,13.856131103515626,-0.07350318878889084,0.11025478690862656,0.4872249662876129
1771525744912134000,13.8661337890625,-0.06498108059167862,0.1507348120212555,0.4691154658794403
1771525744922136600,13.876136474609375,-0.03621896356344223,0.16564849019050598,0.46698495745658875
1771525744932139300,13.88613916015625,0.006391582079231739,0.14966954290866852,0.4456796646118164
1771525744942141700,13.8961416015625,0.054328445345163345,0.10918952524662018,0.42543965578079224
1771525744952144400,13.906144287109376,0.10759162902832031,0.0516652874648571,0.4126565158367157
1771525744962147000,13.91614697265625,0.13848426938056946,0.005858949851244688,0.3977428078651428
1771525744972149800,13.926149658203125,0.11611373722553253,-0.002663159044459462,0.3466101586818695
1771525744982152400,13.93615234375,0.04048001766204834,0.050600022077560425,0.22943115234375
1771525744992155100,13.946155029296875,-0.04367581009864807,0.15712638199329376,0.04727107286453247
1771525745002157800,13.95615771484375,-0.09054741263389587,0.24660852551460266,-0.10719215124845505
1771525745012160500,13.966160400390624,-0.06711161136627197,0.26684853434562683,-0.1988048255443573
1771525745022163000,13.976162841796874,0.006391582079231739,0.26684853434562683,-0.1988048255443573
1771525745032165600,13.98616552734375,0.10546109825372696,0.24554327130317688,-0.10612688958644867
1771525745042168300,13.996168212890625,0.18429060280323029,0.21252009272575378,0.028096329420804977
1771525745052171000,14.0061708984375,0.188551664352417,0.19121482968330383,0.1165132075548172
1771525745062173700,14.016173583984376,0.122505322098732,0.18482324481010437,0.10479531437158585
1771525745072176400,14.02617626953125,0.023435799404978752,0.1603221744298935,0.02277000993490219
1771525745082179000,14.036178955078125,-0.0894821435213089,0.14008216559886932,-0.118910051882267
1771525745092181800,14.046181640625,-0.17257271707057953,0.13475584983825684,-0.2936132848262787
1771525745102184200,14.05618408203125,-0.19174745678901672,0.1411474347114563,-0.4257059693336487
1771525745112187000,14.066186767578126,-0.15765902400016785,0.15393058955669403,-0.511992335319519
1771525745122189600,14.076189453125,-0.09800425171852112,0.19228008389472961,-0.5599291920661926
1771525745132192300,14.086192138671874,-0.041545283049345016,0.25086960196495056,-0.5375586748123169
1771525745142195000,14.09619482421875,0.0010652636410668492,0.2817622423171997,-0.4704470634460449
1771525745162200300,14.116200439453126,0.06924213469028473,0.16564849019050598,-0.28189539909362793
1771525745172203000,14.126203125,0.07137266546487808,0.03675159439444542,-0.22863221168518066
1771525745182205400,14.136205322265624,0.058589499443769455,-0.08788424730300903,-0.203065887093544
1771525745192208100,14.1462080078125,0.06711161136627197,-0.20399798452854156,-0.146606907248497
1771525745202210800,14.1562109375,0.08415582776069641,-0.2732401192188263,-0.07097318768501282
1771525745212213500,14.166213623046875,0.08415582776069641,-0.2924148738384247,-0.01771000772714615
1771525745222216200,14.17621630859375,0.08735162019729614,-0.287088543176651,-0.0017310534603893757
1771525745232219000,14.186218994140624,0.08309056609869003,-0.22849905490875244,-0.028362644836306572
1771525745242221600,14.1962216796875,0.06391581892967224,-0.10918952524662018,-0.06351634114980698
1771525745252224300,14.206224365234375,0.05539371073246002,0.033555805683135986,-0.0997353047132492
1771525745262226700,14.216226806640625,0.06072002649307251,0.15286533534526825,-0.11677952855825424
1771525745272229400,14.2262294921875,0.07456845790147781,0.23276010155677795,-0.12956269085407257
1771525745282232000,14.236232177734376,0.08628635853528976,0.2775011658668518,-0.14128059148788452
1771525745292234800,14.24623486328125,0.09693899005651474,0.2913496196269989,-0.13382373750209808
1771525745302237400,14.256237548828125,0.09693899005651474,0.25726115703582764,-0.11251847445964813
1771525745312240000,14.266240234375,0.08735162019729614,0.1837579756975174,-0.09334372729063034
1771525745322242800,14.276242919921875,0.0703074038028717,0.09747162461280823,-0.06351634114980698
1771525745332245500,14.28624560546875,0.04474107176065445,0.027164222672581673,-0.002796316985040903
1771525745342248000,14.296248046875,0.01597895473241806,-0.03675159439444542,0.08988162130117416
1771525745352250600,14.306250732421875,-0.0074568456038832664,-0.09747162461280823,0.18042902648448944
1771525745362253300,14.31625341796875,-0.03195790946483612,-0.15393058955669403,0.2432795912027359
1771525745372256000,14.326256103515625,-0.05219791829586029,-0.20399798452854156,0.24647536873817444
1771525745382258700,14.3362587890625,-0.06072002649307251,-0.2625874876976013,0.20706062018871307
1771525745392261400,14.346261474609374,-0.06285055726766586,-0.30839383602142334,0.16018901765346527
1771525745402264000,14.35626416015625,-0.066046342253685,-0.32756856083869934,0.11438268423080444
1771525745412266800,14.366266845703125,-0.06817687302827835,-0.33715593814849854,0.08455529808998108
1771525745422269400,14.37626953125,-0.06391581892967224,-0.3424822688102722,0.09094688296318054
1771525745432272000,14.38627197265625,-0.05752423778176308,-0.3254380524158478,0.1537974327802658
1771525745442274600,14.396274658203126,-0.0564589723944664,-0.267913818359375,0.2848248779773712
1771525745452277200,14.40627734375,-0.050067391246557236,-0.18908429145812988,0.47976812720298767
1771525745462279700,14.41627978515625,-0.05539371073246002,-0.1411474347114563,0.6289049983024597
1771525745472282400,14.426282470703125,-0.07137266546487808,-0.13901691138744354,0.6448839902877808
1771525745482285000,14.43628515625,-0.122505322098732,-0.1699095517396927,0.5362271070480347
1771525745492287500,14.44628759765625,-0.1970737725496292,-0.19867166876792908,0.32104381918907166
1771525745502290200,14.456290283203124,-0.253532737493515,-0.16671375930309296,0.07816372066736221
1771525745512292900,14.46629296875,-0.2727074921131134,-0.11132004857063293,-0.09440898895263672
1771525745522295300,14.47629541015625,-0.23222747445106506,-0.09214530140161514,-0.16897743940353394
1771525745532298000,14.486298095703125,-0.13741901516914368,-0.10599373281002045,-0.16258586943149567
1771525745542300700,14.49630078125,-0.02024000883102417,-0.16564849019050598,-0.12423637509346008
1771525745552303000,14.50630322265625,0.05965476483106613,-0.2306295782327652,-0.09014793485403061
1771525745562305800,14.516305908203124,0.06817687302827835,-0.2263685166835785,-0.08375635743141174
1771525745572308500,14.52630859375,0.0021305272821336985,-0.16564849019050598,-0.11038794368505478
1771525745582311000,14.536310791015625,-0.0894821435213089,-0.1081242561340332,-0.1806953400373459
1771525745592313600,14.546313720703125,-0.16298533976078033,-0.06018739566206932,-0.2829606533050537
1771525745602316300,14.55631640625,-0.20453062653541565,-0.006924213841557503,-0.37563860416412354
1771525745612318700,14.566318603515626,-0.20559588074684143,0.03675159439444542,-0.4395544230937958
1771525745622321400,14.5763212890625,-0.1651158630847931,0.04846949502825737,-0.4672512710094452
1771525745632324000,14.586323974609375,-0.10120004415512085,0.025033695623278618,-0.4619249403476715
1771525745642326800,14.596326904296875,-0.029827382415533066,-0.027164222672581673,-0.45446810126304626
1771525745652329200,14.6063291015625,0.02876211889088154,-0.09321057051420212,-0.47470811009407043
1771525745662332000,14.616331787109376,0.045806337147951126,-0.17949692904949188,-0.5322323441505432
1771525745672334600,14.62633447265625,0.11078742146492004,-0.28069695830345154,-0.5194491744041443
1771525745682337000,14.6363369140625,0.13741901516914368,-0.30839383602142334,-0.45020705461502075
1771525745712344800,14.6663447265625,0.03941475600004196,-0.29454538226127625,-0.28509119153022766
1771525745722347500,14.676347412109376,0.02450106292963028,-0.24128220975399017,-0.18176060914993286
1771525745732350200,14.68635009765625,0.014913691207766533,-0.18056218326091766,-0.06351634114980698
1771525745742352600,14.6963525390625,0.013848427683115005,-0.11877689510583878,0.028096329420804977
1771525745752355300,14.706355224609375,0.03941475600004196,-0.08894951641559601,0.09627319872379303
1771525745762358000,14.71635791015625,0.07350318878889084,-0.09108003973960876,0.12929637730121613
1771525745772360400,14.7263603515625,0.11611373722553253,-0.10492847114801407,0.14101427793502808
1771525745782363100,14.736363037109374,0.14381058514118195,-0.1038632020354271,0.1442100703716278
1771525745792365800,14.74636572265625,0.15659375488758087,-0.08894951641559601,0.15592797100543976
1771525745802368300,14.7563681640625,0.1597895473241806,-0.062317922711372375,0.1772332340478897
1771525745812371000,14.766370849609375,0.1459411233663559,-0.042077913880348206,0.19321219623088837
1771525745822373600,14.77637353515625,0.12144005298614502,-0.03675159439444542,0.20812588930130005
1771525745832376000,14.7863759765625,0.09587372839450836,-0.020772641524672508,0.22730062901973724
1771525745842378800,14.796378662109374,0.07669898122549057,0.00798947736620903,0.25499749183654785
1771525745852381400,14.80638134765625,0.0703074038028717,0.042077913880348206,0.29228171706199646
1771525745872386800,14.82638671875,0.07669898122549057,0.09960214793682098,0.3806985914707184
1771525745882389500,14.836389404296876,0.0703074038028717,0.10279794037342072,0.38176384568214417
1771525745892392200,14.84639208984375,0.06285055726766586,0.08894951641559601,0.36365437507629395
1771525745902394600,14.85639453125,0.05326318368315697,0.0846884623169899,0.3380880355834961
1771525745912397300,14.866397216796875,0.034088436514139175,0.09108003973960876,0.3178480267524719
1771525745922400000,14.87639990234375,0.019174745306372643,0.11132004857063293,0.3178480267524719
1771525745932402700,14.886402587890625,-0.0021305272821336985,0.13475584983825684,0.3572627902030945
1771525745942405400,14.8964052734375,-0.009587372653186321,0.13901691138744354,0.43822282552719116
1771525745952408000,14.906407958984374,-0.02876211889088154,0.1368863731622696,0.5255744457244873
1771525745962410800,14.91641064453125,-0.05965476483106613,0.1315600574016571,0.5713807940483093
1771525745972413400,14.926413330078125,-0.09267793595790863,0.15819165110588074,0.5532712936401367
1771525745982416000,14.936415771484375,-0.14700637757778168,0.221042200922966,0.4605933725833893
1771525745992418600,14.94641845703125,-0.18535587191581726,0.2956106662750244,0.2997385561466217
1771525746002421200,14.956421142578124,-0.17150744795799255,0.3584612011909485,0.12397005409002304
1771525746012424000,14.966423828125,-0.08841688185930252,0.3755054473876953,-0.015579480677843094
1771525746022426600,14.976426513671875,0.041545283049345016,0.34035173058509827,-0.11464899778366089
1771525746032429300,14.98642919921875,0.1597895473241806,0.2530001103878021,-0.19773955643177032
1771525746042432000,14.996431884765625,0.22370536625385284,0.1411474347114563,-0.28509119153022766
1771525746052434700,15.0064345703125,0.19920429587364197,0.06444845348596573,-0.3575291037559509
1771525746062437000,15.01643701171875,0.10120004415512085,0.026098959147930145,-0.4054659605026245
1771525746072439800,15.026439697265625,-0.021305272355675697,0.01225053146481514,-0.42677125334739685
1771525746082442500,15.0364423828125,-0.13954953849315643,0.017576850950717926,-0.4299670457839966
1771525746092445200,15.046445068359375,-0.2311622053384781,0.058056868612766266,-0.39481332898139954
1771525746102447900,15.05644775390625,-0.2833601236343384,0.12942953407764435,-0.2978743314743042
1771525746112450600,15.066450439453124,-0.301469624042511,0.2167811542749405,-0.1657816469669342
1771525746122453200,15.076453369140625,-0.2950780391693115,0.25619590282440186,-0.054994236677885056
1771525746132456000,15.0864560546875,-0.26631590723991394,0.2348906397819519,0.014247900806367397
1771525746142458400,15.096458251953125,-0.2545980215072632,0.15606112778186798,0.03874896466732025
1771525746152461000,15.1064609375,-0.20879167318344116,0.022903168573975563,0.04407528415322304
1771525746162463700,15.116463623046876,-0.16724638640880585,-0.07297056168317795,0.04301001876592636
1771525746172466400,15.126466552734374,-0.13741901516914368,-0.14327795803546906,0.033422645181417465
1771525746182469000,15.13646923828125,-0.09587372839450836,-0.19654114544391632,0.0153131652623415
1771525746192471800,15.146471923828125,-0.058589499443769455,-0.23595589399337769,-0.003861580742523074
1771525746202474500,15.156474609375,-0.02450106292963028,-0.24234747886657715,0.0035952648613601923
1771525746222479600,15.176479736328124,-0.02769685536623001,-0.0708400309085846,0.0834900364279747
1771525746232482300,15.186482421875,-0.02876211889088154,0.027164222672581673,0.15592797100543976
1771525746242485000,15.196485107421875,-0.029827382415533066,0.10492847114801407,0.21132168173789978
1771525746252487700,15.20648779296875,-0.0330231711268425,0.1464737504720688,0.21345220506191254
1771525746262490400,15.216490478515626,-0.03515370190143585,0.16351796686649323,0.1868206113576889
1771525746272493000,15.2264931640625,-0.03515370190143585,0.14434322714805603,0.1442100703716278
1771525746282495700,15.236495849609375,-0.023435799404978752,0.0942758321762085,0.10373004525899887
1771525746292498400,15.24649853515625,0.004261054564267397,0.013315795920789242,0.07603318989276886
1771525746302500900,15.2565009765625,0.04048001766204834,-0.09108003973960876,0.06538055837154388
1771525746312503600,15.266503662109375,0.06711161136627197,-0.18056218326091766,0.05472791939973831
1771525746322506200,15.27650634765625,0.07456845790147781,-0.2487390637397766,0.03129211813211441
1771525746332509000,15.286509033203124,0.07350318878889084,-0.32650330662727356,-0.008122635073959827
1771525746342511600,15.29651171875,0.06498108059167862,-0.3808317482471466,-0.08908267319202423
1771525746352514300,15.306514404296875,0.03728422895073891,-0.36911386251449585,-0.17217323184013367
1771525746362517000,15.31651708984375,0.005326318088918924,-0.3051980435848236,-0.20945745706558228
1771525746372519700,15.326519775390626,-0.026631591841578484,-0.24128220975399017,-0.22969746589660645
1771525746382522000,15.336522216796874,-0.058589499443769455,-0.18908429145812988,-0.3213101327419281
1771525746392524800,15.34652490234375,-0.12570111453533173,-0.11558110266923904,-0.5056007504463196
1771525746402527500,15.356527587890625,-0.19600850343704224,-0.05592634156346321,-0.6813692450523376
1771525746412530000,15.366530029296875,-0.20559588074684143,-0.062317922711372375,-0.7729819416999817
1771525746422532600,15.37653271484375,-0.1363537460565567,-0.08362319320440292,-0.7399587631225586
1771525746432535300,15.386535400390626,-0.0010652636410668492,-0.14434322714805603,-0.5652555227279663
1771525746442537700,15.396537841796874,0.1693769246339798,-0.3105243444442749,-0.29574382305145264
1771525746452540400,15.40654052734375,0.26951169967651367,-0.44048652052879333,-0.07736477255821228
1771525746462543000,15.416543212890625,0.24820642173290253,-0.49268442392349243,0.05685844644904137
1771525746472545800,15.4265458984375,0.14274533092975616,-0.5214465260505676,0.10373004525899887
1771525746482548200,15.43654833984375,0.017044218257069588,-0.5544697046279907,0.07709845900535583
1771525746492551000,15.446551025390624,-0.12783163785934448,-0.5459476113319397,-0.04860265180468559
1771525746502553600,15.4565537109375,-0.24181485176086426,-0.48309704661369324,-0.22863221168518066
1771525746512556000,15.46655615234375,-0.2737727463245392,-0.41598546504974365,-0.3575291037559509
1771525746522558700,15.476558837890625,-0.20346535742282867,-0.3957454562187195,-0.35539859533309937
1771525746532561400,15.4865615234375,-0.09480846673250198,-0.36378753185272217,-0.22863221168518066
1771525746542563800,15.496563720703126,0.0074568456038832664,-0.3286338448524475,-0.0624510794878006
1771525746552566500,15.50656640625,0.06285055726766586,-0.3147853910923004,0.10053425282239914
1771525746562569200,15.5165693359375,0.0703074038028717,-0.32756856083869934,0.23262694478034973
1771525746572571600,15.526571533203125,0.03728422895073891,-0.37444016337394714,0.3370227813720703
1771525746582574300,15.53657421875,-0.008522109128534794,-0.4522044062614441,0.39135122299194336
1771525746592577000,15.546576904296876,-0.038349490612745285,-0.5438171029090881,0.3988080620765686
1771525746602579500,15.556579345703126,-0.03195790946483612,-0.6375603079795837,0.39561229944229126
1771525746612582100,15.56658203125,0.0021305272821336985,-0.7238466143608093,0.38176384568214417
1771525746622584800,15.576584716796875,0.050067391246557236,-0.7643266916275024,0.36791542172431946
1771525746642590000,15.59658984375,0.12570111453533173,-0.683366596698761,0.40626493096351624
1771525746652592600,15.606592529296876,0.1416800618171692,-0.599210798740387,0.42863544821739197
1771525746662595000,15.616594970703124,0.13848426938056946,-0.47777074575424194,0.4467449486255646
1771525746672597800,15.62659765625,0.12463584542274475,-0.3680485785007477,0.4424838721752167
1771525746682600400,15.636600341796875,0.10652636736631393,-0.2785664498806,0.417982816696167
1771525746692603000,15.646602783203125,0.07882951200008392,-0.22210747003555298,0.3902859687805176
1771525746702605600,15.65660546875,0.04474107176065445,-0.18056218326091766,0.3700459599494934
1771525746712608300,15.666608154296876,0.008522109128534794,-0.14434322714805603,0.3743070065975189
1771525746722610700,15.676610595703124,-0.014913691207766533,-0.08681898564100266,0.4318312406539917
1771525746732613400,15.68661328125,-0.010652636177837849,-0.03249054029583931,0.5234439373016357
1771525746742616000,15.696615966796875,0.006391582079231739,0.01438105944544077,0.5948165655136108
1771525746752618500,15.706618408203125,0.011717899702489376,0.04101264849305153,0.6161218881607056
1771525746762621200,15.71662109375,0.014913691207766533,0.03142527863383293,0.5905555486679077
1771525746772624000,15.726623779296874,0.009587372653186321,0.0282294861972332,0.547944962978363
1771525746782626300,15.736626220703124,-0.010652636177837849,0.050600022077560425,0.49894285202026367
1771525746792629000,15.74662890625,-0.030892645940184593,0.10279794037342072,0.45633232593536377
1771525746802631700,15.756631591796875,-0.06711161136627197,0.2402169555425644,0.40626493096351624
1771525746812634000,15.766634033203125,-0.12996216118335724,0.42663809657096863,0.3082606792449951
1771525746822636800,15.77663671875,-0.2066611498594284,0.6194508075714111,0.1261005848646164
1771525746832639500,15.786639404296874,-0.23648852109909058,0.7302381992340088,-0.04540686309337616
1771525746842642000,15.796641845703125,-0.15659375488758087,0.7249119281768799,-0.11464899778366089
1771525746852644600,15.80664453125,0.01597895473241806,0.6024065613746643,-0.06564687192440033
1771525746862647300,15.816647216796875,0.188551664352417,0.3850927948951721,0.04194475710391998
1771525746872649700,15.826649658203126,0.2812296152114868,0.20932430028915405,0.09201214462518692
1771525746882652400,15.83665234375,0.2545980215072632,0.17736639082431793,0.08775109052658081
1771525746892655000,15.846655029296874,0.14700637757778168,0.24128220975399017,0.04833633825182915
1771525746902657800,15.85665771484375,0.02024000883102417,0.3680485785007477,-0.05392897129058838
1771525746912660500,15.866660400390625,-0.1033305749297142,0.5171855092048645,-0.21584904193878174
1771525746922663200,15.8766630859375,-0.1832253485918045,0.6567350625991821,-0.3777691125869751
1771525746932665600,15.88666552734375,-0.20133483409881592,0.8026761412620544,-0.4821649491786957
1771525746942668300,15.896668212890624,-0.14913691580295563,0.917724609375,-0.47790390253067017
1771525746952671000,15.9066708984375,-0.0330231711268425,0.7898929715156555,-0.44061967730522156
1771525746962673700,15.916673583984375,0.06391581892967224,0.6769750714302063,-0.3575291037559509
1771525746972676400,15.92667626953125,0.13209268450737,0.4841623306274414,-0.2978743314743042
1771525746982679000,15.936678955078126,0.14807164669036865,0.2551306486129761,-0.2872216999530792
1771525746992681700,15.946681640625,0.12570111453533173,0.04420844092965126,-0.2936132848262787
1771525747002684400,15.956684326171874,0.07776424288749695,-0.10492847114801407,-0.3266364634037018
1771525747012686800,15.966686767578125,0.0330231711268425,-0.17630113661289215,-0.3266364634037018
1771525747022689500,15.976689453125,0.010652636177837849,-0.18588849902153015,-0.27230802178382874
1771525747032692200,15.986692138671875,-0.011717899702489376,-0.12623374164104462,-0.19028271734714508
1771525747042695000,15.99669482421875,-0.03621896356344223,-0.03249054029583931,-0.11677952855825424
1771525747052697600,16.006697509765626,-0.03941475600004196,0.0516652874648571,-0.056059498339891434
1771525747062700300,16.0167001953125,-0.03195790946483612,0.12303794920444489,-0.002796316985040903
1771525747072703000,16.026702880859375,-0.022370535880327225,0.17736639082431793,0.03235738351941109
1771525747082705700,16.03670556640625,-0.006391582079231739,0.19973693788051605,0.04407528415322304
1771525747092708000,16.0467080078125,0.012783164158463478,0.17736639082431793,0.005725792143493891
1771525747102710800,16.056710693359374,0.04474107176065445,0.1038632020354271,-0.04647212475538254
1771525747112713500,16.06671337890625,0.09267793595790863,-0.0015978955198079348,-0.06138581782579422
1771525747122716200,16.076716064453127,0.12996216118335724,-0.09214530140161514,-0.02197106182575226
1771525747132718800,16.08671875,0.1502021700143814,-0.16564849019050598,0.053662657737731934
1771525747142721500,16.096721435546876,0.1597895473241806,-0.211454838514328,0.1303616315126419
1771525747152724200,16.10672412109375,0.1502021700143814,-0.2402169555425644,0.19853851199150085
1771525747162727000,16.116726806640624,0.12783163785934448,-0.2444780021905899,0.2486059069633484
1771525747172729300,16.126729248046875,0.10439583659172058,-0.2444780021905899,0.2720417082309723
1771525747182732000,16.13673193359375,0.07243792712688446,-0.2444780021905899,0.2581932842731476
1771525747192734700,16.146734619140624,0.025566328316926956,-0.22849905490875244,0.21345220506191254
1771525747202737400,16.1567373046875,-0.04367581009864807,-0.18908429145812988,0.15486270189285278
1771525747212740000,16.166739990234376,-0.10652636736631393,-0.15286533534526825,0.1069258376955986
1771525747222742800,16.17674267578125,-0.12889690697193146,-0.16351796686649323,0.1069258376955986
1771525747232745500,16.186745361328125,-0.09693899005651474,-0.21997694671154022,0.1676458716392517
1771525747242748200,16.196748046875,-0.03195790946483612,-0.28815382719039917,0.26032379269599915
1771525747252750600,16.20675048828125,-0.008522109128534794,-0.3680485785007477,0.3008038103580475
1771525747262753300,16.216753173828124,-0.0798947736620903,-0.4181159734725952,0.23688800632953644
1771525747272756000,16.226755859375,-0.21092219650745392,-0.400006502866745,0.12929637730121613
1771525747282758700,16.236758544921877,-0.3376885652542114,-0.32650330662727356,0.03768370300531387
1771525747292761300,16.24676123046875,-0.4048001766204834,-0.27004432678222656,-0.031558435410261154
1771525747302764000,16.256763916015625,-0.3962780833244324,-0.24128220975399017,-0.07203845679759979
1771525747312766700,16.2667666015625,-0.3110569715499878,-0.2593916952610016,-0.028362644836306572
1771525747322769400,16.276769287109374,-0.17683376371860504,-0.2998717129230499,0.049401599913835526
1771525747332771800,16.286771728515625,-0.04793686419725418,-0.35100436210632324,0.08135951310396194
1771525747342774500,16.2967744140625,0.021305272355675697,-0.3382211923599243,0.061119500547647476
1771525747352777200,16.306777099609373,0.0074568456038832664,-0.25619590282440186,0.02277000993490219
1771525747362779600,16.316779541015624,-0.06498108059167862,-0.13262532651424408,-0.04221107065677643
1771525747372782300,16.3267822265625,-0.16298533976078033,0.00798947736620903,-0.12743216753005981
1771525747382785000,16.336784912109376,-0.2503369450569153,0.13475584983825684,-0.2605901062488556
1771525747392787500,16.346787353515627,-0.28549066185951233,0.1826927214860916,-0.4438154697418213
1771525747402790100,16.3567900390625,-0.24394537508487701,0.14966954290866852,-0.6344976425170898
1771525747412792800,16.366792724609375,-0.14913691580295563,0.06657897680997849,-0.7633945345878601
1771525747422795300,16.376795166015626,-0.017044218257069588,-0.03994738683104515,-0.826245129108429
1771525747432798000,16.3867978515625,0.11930952966213226,-0.13795164227485657,-0.8177229762077332
1771525747442800600,16.396800537109375,0.2066611498594284,-0.19228008389472961,-0.730371356010437
1771525747452803000,16.406802978515625,0.2205095738172531,-0.1933453530073166,-0.5908218622207642
1771525747462805800,16.4168056640625,0.16405059397220612,-0.14860427379608154,-0.4289017617702484
1771525747472808400,16.426808349609374,0.07882951200008392,-0.07723161578178406,-0.27763432264328003
1771525747482811000,16.436810791015624,-0.008522109128534794,-0.033555805683135986,-0.16471639275550842
1771525747492813600,16.4468134765625,-0.0703074038028717,-0.01438105944544077,-0.08908267319202423
1771525747502816300,16.456816162109376,-0.08522108942270279,-0.02396843209862709,-0.035819489508867264
1771525747512818700,16.466818603515627,-0.07243792712688446,-0.034621067345142365,-0.005992108024656773
1771525747522821400,16.4768212890625,-0.04474107176065445,-0.037816859781742096,0.024900536984205246
1771525747532824000,16.486823974609376,-0.011717899702489376,-0.025033695623278618,0.053662657737731934
1771525747542826500,16.496826416015626,0.02024000883102417,0.0037284228019416332,0.07816372066736221
1771525747552829200,16.5068291015625,0.0564589723944664,0.022903168573975563,0.10159952193498611
1771525747562832000,16.516831787109375,0.0798947736620903,0.01970737800002098,0.10373004525899887
1771525747572834300,16.526834228515625,0.09374319761991501,0.01970737800002098,0.08668582886457443
1771525747582837000,16.5368369140625,0.0990695208311081,0.02396843209862709,0.07283740490674973
1771525747592839700,16.546839599609374,0.10120004415512085,0.03142527863383293,0.07283740490674973
1771525747602842000,16.556842041015624,0.0990695208311081,0.05273054912686348,0.06751108169555664
1771525747612844800,16.5668447265625,0.08628635853528976,0.07723161578178406,0.05792371183633804
1771525747622847500,16.576847412109377,0.0703074038028717,0.0942758321762085,0.06644582003355026
1771525747632850000,16.586849853515623,0.06285055726766586,0.10173267871141434,0.11225215345621109
1771525747642852600,16.5968525390625,0.066046342253685,0.10599373281002045,0.17510271072387695
1771525747652855300,16.606855224609376,0.07776424288749695,0.09747162461280823,0.22623535990715027
1771525747662857700,16.616857666015626,0.10120004415512085,0.08255793154239655,0.3039996027946472
1771525747672860400,16.6268603515625,0.11930952966213226,0.0516652874648571,0.3977428078651428
1771525747682863000,16.636863037109375,0.12463584542274475,0.004793686326593161,0.474441796541214
1771525747692865800,16.64686572265625,0.11185268312692642,-0.0282294861972332,0.5085302591323853
1771525747702868200,16.6568681640625,0.07669898122549057,-0.03249054029583931,0.5053344368934631
1771525747712871000,16.666870849609374,0.046871598809957504,-0.022903168573975563,0.4978775978088379
1771525747722873600,16.67687353515625,0.009587372653186321,0.0005326318205334246,0.47550705075263977
1771525747732876000,16.6868759765625,-0.018109481781721115,0.042077913880348206,0.4701807498931885
1771525747742878700,16.696878662109373,-0.026631591841578484,0.0942758321762085,0.5213133692741394
1771525747752881400,16.70688134765625,-0.02024000883102417,0.1741705983877182,0.5990776419639587
1771525747762883800,16.7168837890625,0,0.27537065744400024,0.6203829050064087
1771525747772886500,16.726886474609376,-0.009587372653186321,0.34993910789489746,0.4882902204990387
1771525747782889200,16.73688916015625,-0.06817687302827835,0.4032022953033447,0.1964079886674881
1771525747792891600,16.7468916015625,-0.1363537460565567,0.42557281255722046,-0.13595427572727203
1771525747802894300,16.756894287109375,-0.15233269333839417,0.3616569936275482,-0.37457332015037537
1771525747812897000,16.76689697265625,-0.11078742146492004,0.26045694947242737,-0.4917523264884949
1771525747822899500,16.7768994140625,-0.022370535880327225,0.13795164227485657,-0.46405547857284546
1771525747832902100,16.786902099609375,0.08202529698610306,0.006924213841557503,-0.30426591634750366
1771525747842904800,16.79690478515625,0.1310274302959442,-0.059122130274772644,-0.12210584431886673
1771525747852907300,16.8069072265625,0.0894821435213089,-0.025033695623278618,0.009986846707761288
1771525747872912600,16.82691259765625,-0.1310274302959442,0.1507348120212555,0.06644582003355026
1771525747882915000,16.8369150390625,-0.21944430470466614,0.24660852551460266,-0.013448953628540039
1771525747892917800,16.846917724609376,-0.26525065302848816,0.3478085696697235,-0.1380847990512848
1771525747902920400,16.85692041015625,-0.23755379021167755,0.39361491799354553,-0.23715431988239288
1771525747912923000,16.8669228515625,-0.1502021700143814,0.38935387134552,-0.269112229347229
1771525747922925600,16.876925537109376,-0.038349490612745285,0.32224225997924805,-0.2541985511779785
1771525747932928300,16.88692822265625,0.05752423778176308,0.2263685166835785,-0.22863221168518066
1771525747942930700,16.8969306640625,0.11398320645093918,0.11345057934522629,-0.203065887093544
1771525747952933400,16.906933349609375,0.12889690697193146,0.01970737800002098,-0.15939007699489594
1771525747962936000,16.91693603515625,0.11824426054954529,-0.04314317926764488,-0.10825742036104202
1771525747972938800,16.926938720703124,0.09267793595790863,-0.09534109383821487,-0.052863709628582
1771525747982941200,16.936941162109374,0.05326318368315697,-0.1464737504720688,-0.005992108024656773
1771525747992943900,16.94694384765625,0.07776424288749695,-0.09640636295080185,-0.043276336044073105
1771525748002946600,16.956946533203126,0.08309056609869003,-0.04420844092965126,-0.08908267319202423
1771525748012949200,16.96694921875,0.10865689069032669,-0.026098959147930145,-0.10825742036104202
1771525748022952000,16.976951904296875,0.12570111453533173,0.04101264849305153,-0.12423637509346008
1771525748032954600,16.98695458984375,0.12357058376073837,0.1272990107536316,-0.10825742036104202
1771525748042957300,16.996957275390624,0.12570111453533173,0.1933453530073166,-0.06990792602300644
1771525748052960000,17.0069599609375,0.13315795361995697,0.2167811542749405,-0.028362644836306572
1771525748062962400,17.01696240234375,0.14487585425376892,0.19654114544391632,0.02277000993490219
1771525748072965000,17.026965087890623,0.15126743912696838,0.15180006623268127,0.05579318478703499
1771525748082967800,17.0369677734375,0.15233269333839417,0.10599373281002045,0.07070687413215637
1771525748102973200,17.05697314453125,0.1406148076057434,0.03994738683104515,0.1495363861322403
1771525748112976000,17.066975830078125,0.13315795361995697,0.013315795920789242,0.18149429559707642
1771525748122978600,17.076978515625,0.11930952966213226,-0.0005326318205334246,0.1868206113576889
1771525748132981200,17.086981201171874,0.09161267429590225,0.018642114475369453,0.1676458716392517
1771525748142983700,17.096983642578124,0.07137266546487808,0.03675159439444542,0.13781848549842834
1771525748152986400,17.106986328125,0.06391581892967224,0.030360013246536255,0.11331742256879807
1771525748162989000,17.116989013671876,0.05752423778176308,-0.01651158556342125,0.09627319872379303
1771525748172991700,17.12699169921875,0.042610544711351395,-0.09108003973960876,0.09201214462518692
1771525748182994400,17.136994384765625,0.022370535880327225,-0.1688442826271057,0.10479531437158585
1771525748192997000,17.1469970703125,-0.0074568456038832664,-0.21571588516235352,0.1356879621744156
1771525748202999800,17.156999755859374,-0.038349490612745285,-0.21891167759895325,0.19853851199150085
1771525748213002500,17.16700244140625,-0.05752423778176308,-0.19973693788051605,0.27310696244239807
1771525748223005000,17.1770048828125,-0.05326318368315697,-0.17204007506370544,0.35300174355506897
1771525748233007600,17.187007568359373,-0.017044218257069588,-0.1358211189508438,0.4424838721752167
1771525748243010300,17.19701025390625,0.021305272355675697,-0.1411474347114563,0.4680502116680145
1771525748253013000,17.207012939453126,0.0330231711268425,-0.18056218326091766,0.38602492213249207
1771525748263015700,17.217015625,-0.0031957910396158695,-0.2348906397819519,0.2155827283859253
1771525748273018400,17.227018310546875,-0.061785291880369186,-0.29348012804985046,0.03874896466732025
1771525748283021000,17.23702099609375,-0.11078742146492004,-0.34035173058509827,-0.07097318768501282
1771525748293023700,17.247023681640623,-0.13422322273254395,-0.343547523021698,-0.10293109714984894
1771525748303026200,17.257026123046874,-0.122505322098732,-0.32650330662727356,-0.054994236677885056
1771525748313028900,17.26702880859375,-0.066046342253685,-0.32330751419067383,0.01957421936094761
1771525748323031600,17.277031494140626,0.009587372653186321,-0.31265488266944885,0.06751108169555664
1771525748333034200,17.2870341796875,0.03195790946483612,-0.2583264410495758,0.04727107286453247
1771525748343037000,17.297036865234375,-0.014913691207766533,-0.19228008389472961,-0.039015281945466995
1771525748353039400,17.307039306640625,-0.08202529698610306,-0.12836426496505737,-0.16897743940353394
1771525748363042000,17.3170419921875,-0.16192007064819336,-0.054861076176166534,-0.3117227852344513
1771525748373044700,17.327044677734374,-0.23755379021167755,0.025033695623278618,-0.457663893699646
1771525748383047200,17.337047119140625,-0.2769685387611389,0.07829687744379044,-0.5929523706436157
1771525748393049900,17.3470498046875,-0.253532737493515,0.0846884623169899,-0.6824344992637634
1771525748403052500,17.357052490234373,-0.18216007947921753,0.08681898564100266,-0.7048050761222839
1771525748413055000,17.367054931640624,-0.08841688185930252,0.09321057051420212,-0.6611292362213135
1771525748423057700,17.3770576171875,0.0074568456038832664,0.07936213910579681,-0.5769734382629395
1771525748433060400,17.387060302734376,0.07882951200008392,0.026098959147930145,-0.5269060134887695
1771525748443062800,17.397062744140626,0.122505322098732,-0.02396843209862709,-0.47790390253067017
1771525748453065500,17.4070654296875,0.1310274302959442,-0.0655137151479721,-0.4065312445163727
1771525748463068200,17.417068115234375,0.09693899005651474,-0.09640636295080185,-0.32450592517852783
1771525748473070600,17.427070556640626,0.046871598809957504,-0.12623374164104462,-0.2414153665304184
1771525748483073300,17.4370732421875,-0.004261054564267397,-0.14434322714805603,-0.15939007699489594
1771525748493076000,17.447075927734375,-0.04367581009864807,-0.1454084813594818,-0.08801741153001785
1771525748503078400,17.457078369140625,-0.05539371073246002,-0.1411474347114563,-0.03688475489616394
1771525748513081000,17.4670810546875,-0.045806337147951126,-0.12623374164104462,-0.01664474420249462
1771525748523083800,17.477083740234374,-0.0074568456038832664,-0.10173267871141434,0.0003994738799519837
1771525748543089000,17.4970888671875,0.09374319761991501,-0.06338318437337875,0.03874896466732025
1771525748553091600,17.507091552734376,0.1129179447889328,-0.027164222672581673,0.06538055837154388
1771525748563094000,17.517093994140627,0.10546109825372696,0.033555805683135986,0.10373004525899887
1771525748573096700,17.5270966796875,0.0894821435213089,0.08894951641559601,0.1537974327802658
1771525748583099400,17.537099365234376,0.08202529698610306,0.10279794037342072,0.17616797983646393
1771525748593101800,17.547101806640626,0.08202529698610306,0.07829687744379044,0.16231954097747803
1771525748603104500,17.5571044921875,0.08735162019729614,0.018642114475369453,0.15486270189285278
1771525748623109600,17.577109619140625,0.09587372839450836,-0.1315600574016571,0.1964079886674881
1771525748633112300,17.5871123046875,0.11078742146492004,-0.18908429145812988,0.25606274604797363
1771525748643115000,17.597114990234374,0.11185268312692642,-0.2018674612045288,0.32530489563941956
1771525748653117400,17.607117431640624,0.09587372839450836,-0.14966954290866852,0.3668501675128937
1771525748663120100,17.6171201171875,0.06391581892967224,-0.0708400309085846,0.37324175238609314
1771525748673122800,17.627122802734377,0.022370535880327225,0.01651158556342125,0.34021857380867004
1771525748683125200,17.637125244140623,-0.014913691207766533,0.06977476924657822,0.2709764242172241
1771525748693128000,17.6471279296875,-0.03728422895073891,0.06977476924657822,0.21664799749851227
1771525748703130600,17.657130615234376,-0.03941475600004196,0.05273054912686348,0.19853851199150085
1771525748713133000,17.667133056640626,-0.0330231711268425,0.04101264849305153,0.23156169056892395
1771525748723135700,17.6771357421875,-0.023435799404978752,0.050600022077560425,0.2763027548789978
1771525748733138400,17.687138427734375,-0.03728422895073891,0.11558110266923904,0.2848248779773712
1771525748743140900,17.697140869140625,-0.09374319761991501,0.21358536183834076,0.1868206113576889
1771525748753143600,17.7071435546875,-0.1693769246339798,0.3243727684020996,-0.013448953628540039
1771525748763146200,17.717146240234374,-0.20985694229602814,0.38828858733177185,-0.21584904193878174
1771525748773148700,17.727148681640625,-0.16192007064819336,0.3563306927680969,-0.36605122685432434
1771525748783151400,17.7371513671875,-0.038349490612745285,0.29880645871162415,-0.42251017689704895
1771525748793154000,17.747154052734373,0.12463584542274475,0.20399798452854156,-0.38416069746017456
1771525748803156500,17.757156494140624,0.26525065302848816,0.10173267871141434,-0.29574382305145264
1771525748813159200,17.7671591796875,0.30786117911338806,0.034621067345142365,-0.2414153665304184
1771525748823161900,17.777161865234376,0.2396843135356903,0.025033695623278618,-0.23502379655838013
1771525748833164500,17.78716455078125,0.11185268312692642,0.0282294861972332,-0.26272064447402954
1771525748843167000,17.7971669921875,-0.018109481781721115,0.04420844092965126,-0.32344067096710205
1771525748853169700,17.807169677734375,-0.10439583659172058,0.07936213910579681,-0.4107922911643982
1771525748863172400,17.81717236328125,-0.11504847556352615,0.13369058072566986,-0.457663893699646
1771525748873174800,17.8271748046875,-0.06924213469028473,0.18162745237350464,-0.45127230882644653
1771525748883177500,17.837177490234374,0.010652636177837849,0.20080219209194183,-0.41824913024902344
1771525748893180200,17.84718017578125,0.09693899005651474,0.1784316599369049,-0.39907440543174744
1771525748903182600,17.8571826171875,0.16085481643676758,0.13049480319023132,-0.39481332898139954
1771525748913185300,17.867185302734374,0.18642114102840424,0.0655137151479721,-0.4054659605026245
1771525748923188000,17.87718798828125,0.17576849460601807,0.011185267940163612,-0.4097270369529724
1771525748933190400,17.8871904296875,0.14381058514118195,-0.033555805683135986,-0.39374807476997375
1771525748943193000,17.897193115234376,0.10972215235233307,-0.08894951641559601,-0.37989965081214905
1771525748953195800,17.90719580078125,0.07776424288749695,-0.11558110266923904,-0.36498594284057617
1771525748963198200,17.9171982421875,0.045806337147951126,-0.0846884623169899,-0.30959224700927734
1771525748973201000,17.927200927734376,0.03941475600004196,-0.02396843209862709,-0.20945745706558228
1771525748983203600,17.93720361328125,0.04048001766204834,0.05273054912686348,-0.11358373612165451
1771525748993206000,17.9472060546875,0.04367581009864807,0.1315600574016571,-0.03368896245956421
1771525749003208700,17.957208740234375,0.046871598809957504,0.18482324481010437,0.03129211813211441
1771525749013211400,17.96721142578125,0.0564589723944664,0.17523586750030518,0.07922898232936859
1771525749023213800,17.9772138671875,0.06924213469028473,0.0985368862748146,0.1165132075548172
1771525749033216500,17.987216552734374,0.07137266546487808,0.01970737800002098,0.14101427793502808
1771525749043219200,17.99721923828125,0.054328445345163345,-0.034621067345142365,0.1687111258506775
1771525749053221600,18.0072216796875,0.026631591841578484,-0.06444845348596573,0.18895113468170166
1771525749063224300,18.017224365234377,-0.0031957910396158695,-0.06870950758457184,0.2059953510761261
1771525749073227000,18.02722705078125,-0.03728422895073891,-0.059122130274772644,0.21771325170993805
1771525749083229400,18.0372294921875,-0.06391581892967224,-0.04740423336625099,0.2241048365831375
1771525749093232000,18.047232177734376,-0.08096003532409668,-0.03675159439444542,0.2486059069633484
1771525749103234800,18.05723486328125,-0.08309056609869003,-0.050600022077560425,0.2677806615829468
1771525749113237200,18.0672373046875,-0.07882951200008392,-0.09001477807760239,0.2763027548789978
1771525749123240000,18.077239990234375,-0.08309056609869003,-0.12197268754243851,0.2656501233577728
1771525749133242600,18.08724267578125,-0.10226531326770782,-0.1411474347114563,0.26458486914634705
1771525749143245000,18.0972451171875,-0.12463584542274475,-0.15393058955669403,0.29228171706199646
1771525749153247700,18.107247802734374,-0.14913691580295563,-0.18162745237350464,0.331696480512619
1771525749163250400,18.11725048828125,-0.16618113219738007,-0.21358536183834076,0.37217649817466736
1771525749173252900,18.1272529296875,-0.18642114102840424,-0.211454838514328,0.4169175624847412
1771525749183255600,18.137255615234373,-0.2077264040708542,-0.15393058955669403,0.4414186179637909
1771525749193258200,18.14725830078125,-0.2162485122680664,-0.07616634666919708,0.4424838721752167
1771525749203260700,18.1572607421875,-0.19387798011302948,-0.018642114475369453,0.3945470154285431
1771525749213263400,18.167263427734376,-0.16618113219738007,0.04101264849305153,0.23156169056892395
1771525749223266000,18.17726611328125,-0.15765902400016785,0.0846884623169899,-0.030493171885609627
1771525749233268500,18.1872685546875,-0.1789642870426178,0.1454084813594818,-0.3266364634037018
1771525749243271200,18.197271240234375,-0.18642114102840424,0.16564849019050598,-0.5396891832351685
1771525749253273900,18.20727392578125,-0.1459411233663559,0.12516847252845764,-0.6227797269821167
1771525749263276300,18.2172763671875,-0.05219791829586029,0.029294749721884727,-0.5599291920661926
1771525749273279000,18.227279052734374,0.08202529698610306,-0.062317922711372375,-0.3575291037559509
1771525749283281700,18.23728173828125,0.17257271707057953,-0.11451584100723267,-0.11464899778366089
1771525749293284000,18.2472841796875,0.14700637757778168,-0.07403582334518433,0.0739026665687561
1771525749303286800,18.257286865234374,0.030892645940184593,0.0015978955198079348,0.13888375461101532
1771525749313289500,18.26728955078125,-0.10759162902832031,0.07297056168317795,0.09627319872379303
1771525749323292000,18.2772919921875,-0.25566327571868896,0.1368863731622696,-0.028362644836306572
1771525749333294600,18.287294677734376,-0.3526022732257843,0.14966954290866852,-0.1849564015865326
1771525749343297300,18.29729736328125,-0.35579806566238403,0.0846884623169899,-0.3063964545726776
1771525749353299700,18.3072998046875,-0.29933908581733704,-0.03249054029583931,-0.35113751888275146
1771525749363302400,18.317302490234376,-0.21731378138065338,-0.16245271265506744,-0.3404848873615265
1771525749373305000,18.32730517578125,-0.1502021700143814,-0.2530001103878021,-0.30959224700927734
1771525749383307500,18.3373076171875,-0.12996216118335724,-0.267913818359375,-0.27230802178382874
1771525749393310200,18.347310302734375,-0.14274533092975616,-0.24341274797916412,-0.23076273500919342
1771525749403313000,18.35731298828125,-0.16831165552139282,-0.19973693788051605,-0.18815219402313232
1771525749413315600,18.367315673828124,-0.18748639523983002,-0.14966954290866852,-0.11571425944566727
1771525749423318000,18.377318115234374,-0.19600850343704224,-0.1177116334438324,-0.012383690103888512
1771525749433320700,18.38732080078125,-0.18429060280323029,-0.1081242561340332,0.08455529808998108
1771525749443323400,18.397323486328126,-0.16831165552139282,-0.12197268754243851,0.15060164034366608
1771525749453325800,18.407325927734377,-0.1459411233663559,-0.14221268892288208,0.18895113468170166
1771525749463328500,18.41732861328125,-0.11398320645093918,-0.15819165110588074,0.2155827283859253
1771525749473331200,18.427331298828125,-0.06817687302827835,-0.1688442826271057,0.24114905297756195
1771525749483334000,18.437333984375,-0.013848427683115005,-0.18588849902153015,0.27417221665382385
1771525749493336600,18.447336669921874,0.050067391246557236,-0.20506325364112854,0.30613014101982117
1771525749503339300,18.45733935546875,0.1033305749297142,-0.20825904607772827,0.3199785649776459
1771525749513342000,18.467342041015623,0.14381058514118195,-0.1837579756975174,0.30719539523124695
1771525749523344600,18.4773447265625,0.1651158630847931,-0.16138744354248047,0.294412225484848
1771525749533347000,18.48734716796875,0.16618113219738007,-0.11451584100723267,0.2901511788368225
1771525749543349800,18.497349853515626,0.14274533092975616,-0.058056868612766266,0.2677806615829468
1771525749553352400,18.5073525390625,0.11078742146492004,-0.01438105944544077,0.2432795912027359
1771525749563355100,18.517355224609375,0.08522108942270279,0.027164222672581673,0.22090904414653778
1771525749573357800,18.52735791015625,0.07137266546487808,0.06870950758457184,0.21771325170993805
1771525749583360500,18.537360595703124,0.0798947736620903,0.08149266988039017,0.2528669536113739
1771525749593363200,18.54736328125,0.10226531326770782,0.06870950758457184,0.32637014985084534
1771525749603366000,18.557365966796876,0.11930952966213226,0.050600022077560425,0.40519964694976807
1771525749613368300,18.567368408203127,0.10865689069032669,0.06657897680997849,0.4680502116680145
1771525749623371000,18.57737109375,0.07882951200008392,0.11558110266923904,0.509595513343811
1771525749633373700,18.587373779296875,0.04367581009864807,0.1603221744298935,0.5170523524284363
1771525749643376400,18.59737646484375,0.009587372653186321,0.19121482968330383,0.47124600410461426
1771525749653379000,18.607379150390624,-0.01597895473241806,0.2018674612045288,0.37856805324554443
1771525749663381800,18.6173818359375,-0.022370535880327225,0.19547587633132935,0.2677806615829468
1771525749673384400,18.627384521484377,-0.006391582079231739,0.1592569202184677,0.19001640379428864
1771525749683387100,18.63738720703125,0.02769685536623001,0.09534109383821487,0.14740586280822754
1771525749693389600,18.6473896484375,0.058589499443769455,0.05592634156346321,0.14847111701965332
1771525749703392300,18.657392333984376,0.0703074038028717,0.06338318437337875,0.2006690353155136
1771525749713395000,18.66739501953125,0.0564589723944664,0.1272990107536316,0.25606274604797363
1771525749723397600,18.677397705078125,0.012783164158463478,0.21571588516235352,0.24541011452674866
1771525749733400300,18.687400390625,-0.05113265663385391,0.27537065744400024,0.1346226930618286
1771525749743402800,18.69740283203125,-0.09480846673250198,0.2956106662750244,-0.012383690103888512
1771525749763408100,18.717408203125,-0.05752423778176308,0.1368863731622696,-0.2083922028541565
1771525749773410600,18.72741064453125,0.017044218257069588,-0.011185267940163612,-0.21052272617816925
1771525749783413200,18.737413330078127,0.08415582776069641,-0.11664637178182602,-0.16258586943149567
1771525749793416000,18.747416015625,0.12357058376073837,-0.15819165110588074,-0.07843003422021866
1771525749803418400,18.75741845703125,0.11930952966213226,-0.1368863731622696,-0.02197106182575226
1771525749813421000,18.767421142578126,0.058589499443769455,-0.06338318437337875,-0.014514217153191566
1771525749823423700,18.777423828125,-0.03621896356344223,0.02396843209862709,-0.07736477255821228
1771525749833426200,18.78742626953125,-0.12037479132413864,0.09108003973960876,-0.21478378772735596
1771525749843428900,18.797428955078125,-0.1597895473241806,0.13901691138744354,-0.37457332015037537
1771525749853431600,18.807431640625,-0.1459411233663559,0.1645832359790802,-0.48323023319244385
1771525749873436700,18.827436767578124,-0.03621896356344223,0.19228008389472961,-0.5258407592773438
1771525749883439400,18.837439453125,0.0074568456038832664,0.19547587633132935,-0.4949481189250946
1771525749893441800,18.84744189453125,0.03195790946483612,0.18162745237350464,-0.4534028470516205
1771525749903444500,18.857444580078123,0.03621896356344223,0.14966954290866852,-0.38522595167160034
1771525749913447200,18.867447265625,0.03195790946483612,0.11132004857063293,-0.2786996066570282
1771525749923449900,18.877449951171876,0.01597895473241806,0.0708400309085846,-0.16684691607952118
1771525749933452300,18.887452392578126,0.0021305272821336985,0.01970737800002098,-0.07523424178361893
1771525749943455000,18.897455078125,-0.009587372653186321,-0.03568633273243904,-0.01771000772714615
1771525749953457700,18.907457763671875,-0.010652636177837849,-0.07723161578178406,0.021704746410250664
1771525749963460000,18.917460205078125,-0.004261054564267397,-0.12303794920444489,0.03874896466732025
1771525749973462800,18.927462890625,0.0074568456038832664,-0.15180006623268127,0.0270310640335083
1771525749983465500,18.937465576171874,0.023435799404978752,-0.17310534417629242,0.0035952648613601923
1771525749993468000,18.947468017578124,0.022370535880327225,-0.1645832359790802,-0.013448953628540039
1771525750003470600,18.957470703125,0.005326318088918924,-0.12303794920444489,-0.012383690103888512
1771525750013473300,18.967473388671873,-0.012783164158463478,-0.06657897680997849,0.0025300011038780212
1771525750023475700,18.977475830078124,-0.026631591841578484,-0.01970737800002098,0.028096329420804977
1771525750033478400,18.987478515625,-0.03195790946483612,0.010120004415512085,0.06218476593494415
1771525750043481000,18.997481201171876,-0.02769685536623001,-0.0037284228019416332,0.09414267539978027
1771525750053483500,19.0074833984375,-0.008522109128534794,-0.06018739566206932,0.11970899999141693
1771525750063486200,19.017486328125,0.005326318088918924,-0.1315600574016571,0.15166690945625305
1771525750073489000,19.027489013671875,0.004261054564267397,-0.20080219209194183,0.1825595498085022
1771525750083491300,19.0374912109375,-0.009587372653186321,-0.26471802592277527,0.21451745927333832
1771525750093494000,19.047493896484376,-0.02876211889088154,-0.297741174697876,0.23688800632953644
1771525750103496700,19.05749658203125,-0.054328445345163345,-0.30413275957107544,0.25073641538619995
1771525750113499100,19.0674990234375,-0.066046342253685,-0.3009369671344757,0.2635195851325989
1771525750123501800,19.077501708984375,-0.07350318878889084,-0.27963170409202576,0.2539322078227997
1771525750133504500,19.08750439453125,-0.08309056609869003,-0.25726115703582764,0.219843789935112
1771525750143507000,19.0975068359375,-0.08841688185930252,-0.24128220975399017,0.17510271072387695
1771525750153509600,19.107509521484374,-0.08415582776069641,-0.23595589399337769,0.14847111701965332
1771525750163512300,19.11751220703125,-0.08202529698610306,-0.25193485617637634,0.14847111701965332
1771525750173514800,19.1275146484375,-0.09161267429590225,-0.27110961079597473,0.14314480125904083
1771525750183517400,19.137517333984373,-0.09693899005651474,-0.2817622423171997,0.16231954097747803
1771525750193520000,19.14752001953125,-0.06711161136627197,-0.28069695830345154,0.2336922138929367
1771525750203522600,19.1575224609375,-0.009587372653186321,-0.2625874876976013,0.3008038103580475
1771525750213525200,19.167525146484376,0.02876211889088154,-0.25086960196495056,0.2901511788368225
1771525750223528000,19.17752783203125,0.021305272355675697,-0.20293273031711578,0.19427745044231415
1771525750233530400,19.1875302734375,-0.026631591841578484,-0.12197268754243851,0.0600542388856411
1771525750243533000,19.197532958984375,-0.09693899005651474,-0.053795814514160156,-0.08162582665681839
1771525750253535700,19.20753564453125,-0.1310274302959442,-0.04314317926764488,-0.17217323184013367
1771525750263538200,19.2175380859375,-0.12144005298614502,-0.07829687744379044,-0.19560903310775757
1771525750273540900,19.227540771484374,-0.06285055726766586,-0.12942953407764435,-0.12530162930488586
1771525750283543600,19.23754345703125,0.021305272355675697,-0.1837579756975174,0.014247900806367397
1771525750303548700,19.257548583984374,0.07882951200008392,-0.14860427379608154,0.1452753245830536
1771525750313551400,19.26755126953125,0.0074568456038832664,-0.05273054912686348,0.045140545815229416
1771525750323553800,19.2775537109375,-0.10013478249311447,0.062317922711372375,-0.11038794368505478
1771525750333556500,19.287556396484376,-0.2024000883102417,0.17736639082431793,-0.27124276757240295
1771525750343559200,19.29755908203125,-0.25140222907066345,0.2583264410495758,-0.401204913854599
1771525750353561600,19.3075615234375,-0.2300969511270523,0.2732401192188263,-0.49814391136169434
1771525750363564300,19.317564208984376,-0.15233269333839417,0.21358536183834076,-0.5631250143051147
1771525750373567000,19.32756689453125,-0.05326318368315697,0.12410321086645126,-0.579103946685791
1771525750383569400,19.3375693359375,0.030892645940184593,0.062317922711372375,-0.5439502596855164
1771525750393572000,19.347572021484375,0.08628635853528976,0.04527370631694794,-0.47364285588264465
1771525750403574800,19.35757470703125,0.11504847556352615,0.04420844092965126,-0.3916175365447998
1771525750413577200,19.3675771484375,0.12037479132413864,0.0516652874648571,-0.2968090772628784
1771525750423580000,19.377579833984374,0.10439583659172058,0.05699160322546959,-0.21584904193878174
1771525750433582600,19.38758251953125,0.07882951200008392,0.08575372397899628,-0.13701952993869781
1771525750443585000,19.3975849609375,0.046871598809957504,0.12303794920444489,-0.030493171885609627
1771525750453587700,19.407587646484377,0.02450106292963028,0.1411474347114563,0.05898897349834442
1771525750463590400,19.41759033203125,0.01597895473241806,0.14008216559886932,0.11331742256879807
1771525750473592800,19.4275927734375,0.018109481781721115,0.13049480319023132,0.13142690062522888
1771525750483595500,19.437595458984376,0.03195790946483612,0.13369058072566986,0.12397005409002304
1771525750493598200,19.44759814453125,0.050067391246557236,0.14860427379608154,0.09840372949838638
1771525750503601000,19.457600830078125,0.0703074038028717,0.17949692904949188,0.07496792823076248
1771525750513603300,19.467603271484375,0.09693899005651474,0.20932430028915405,0.06218476593494415
1771525750523606000,19.47760595703125,0.12144005298614502,0.23702116310596466,0.05898897349834442
1771525750533608700,19.487608642578124,0.13209268450737,0.27537065744400024,0.07070687413215637
1771525750543611100,19.497611083984374,0.1363537460565567,0.31372013688087463,0.09414267539978027
1771525750553613800,19.50761376953125,0.1310274302959442,0.3488738536834717,0.11757847666740417
1771525750563616500,19.517616455078127,0.12357058376073837,0.3797664940357208,0.1399490088224411
1771525750573619000,19.527618896484373,0.1267663687467575,0.36378753185272217,0.16125428676605225
1771525750583621600,19.53762158203125,0.14807164669036865,0.3051980435848236,0.16445007920265198
1771525750593624300,19.547624267578126,0.1693769246339798,0.23382537066936493,0.16445007920265198
1771525750603626800,19.557626708984376,0.1789642870426178,0.17204007506370544,0.17190691828727722
1771525750623632100,19.577632080078125,0.16298533976078033,0.11664637178182602,0.1676458716392517
1771525750643637200,19.59763720703125,0.12570111453533173,0.19547587633132935,0.2059953510761261
1771525750653640000,19.607639892578124,0.09800425171852112,0.2998717129230499,0.22730062901973724
1771525750663642400,19.617642333984374,0.07563371956348419,0.4127896726131439,0.2336922138929367
1771525750673645000,19.62764501953125,0.06285055726766586,0.5097286701202393,0.2059953510761261
1771525750683647700,19.637647705078123,0.06072002649307251,0.5789707899093628,0.15273217856884003
1771525750693650200,19.647650146484374,0.06711161136627197,0.6290381550788879,0.10159952193498611
1771525750703652900,19.65765283203125,0.09161267429590225,0.6663224101066589,0.06431528925895691
1771525750713655600,19.667655517578126,0.12889690697193146,0.6769750714302063,0.00892158318310976
1771525750723658000,19.677657958984376,0.15339796245098114,0.6886929273605347,-0.0997353047132492
1771525750733660700,19.68766064453125,0.13954953849315643,0.67484450340271,-0.2605901062488556
1771525750743663400,19.697663330078125,0.122505322098732,0.6066676378250122,-0.4565986394882202
1771525750753665800,19.707665771484375,0.11824426054954529,0.4713791608810425,-0.6036050319671631
1771525750763668500,19.71766845703125,0.1416800618171692,0.3201117217540741,-0.6302366256713867
1771525750773671200,19.727671142578124,0.17576849460601807,0.1976063996553421,-0.5439502596855164
1771525750783673600,19.737673583984375,0.18642114102840424,0.15712638199329376,-0.37457332015037537
1771525750793676300,19.74767626953125,0.1502021700143814,0.22743378579616547,-0.16471639275550842
1771525750803679000,19.757678955078124,0.07669898122549057,0.38722333312034607,0.021704746410250664
1771525750813681400,19.767681396484374,0.0021305272821336985,0.5491434335708618,0.11757847666740417
1771525750823684000,19.77768408203125,-0.05219791829586029,0.6812360882759094,0.1399490088224411
1771525750833686800,19.787686767578126,-0.09161267429590225,0.7717835307121277,0.12183953076601028
1771525750843689200,19.797689208984377,-0.1033305749297142,0.8058719635009766,0.06644582003355026
1771525750853692000,19.80769189453125,-0.08096003532409668,0.7600656151771545,-0.030493171885609627
1771525750863694600,19.817694580078125,-0.03515370190143585,0.6737792491912842,-0.14980269968509674
1771525750873697000,19.827697021484376,0.026631591841578484,0.5768402814865112,-0.2659164369106293
1771525750883699700,19.83769970703125,0.10546109825372696,0.4660528302192688,-0.37563860416412354
1771525750893702400,19.847702392578125,0.18748639523983002,0.3669833242893219,-0.42677125334739685
1771525750903704800,19.857704833984375,0.2503369450569153,0.297741174697876,-0.40440070629119873
1771525750913707500,19.86770751953125,0.2737727463245392,0.26152223348617554,-0.3202448785305023
1771525750923710200,19.877710205078124,0.2577938139438629,0.24341274797916412,-0.2169143110513687
1771525750933712600,19.887712646484374,0.21518325805664062,0.23702116310596466,-0.09440898895263672
1771525750943715300,19.89771533203125,0.16405059397220612,0.2487390637397766,0.049401599913835526
1771525750953718000,19.907718017578127,0.10652636736631393,0.28495803475379944,0.19427745044231415
1771525750963720400,19.917720458984373,0.058589499443769455,0.31798118352890015,0.28908592462539673
1771525750973723100,19.92772314453125,0.030892645940184593,0.32650330662727356,0.342349112033844
1771525750983725800,19.937725830078126,0.02450106292963028,0.335025429725647,0.3689807057380676
1771525750993728300,19.947728271484376,0.023435799404978752,0.3563306927680969,0.3892207145690918
1771525751003731000,19.95773095703125,0.026631591841578484,0.38296228647232056,0.42011335492134094
1771525751013733600,19.967733642578125,0.038349490612745285,0.38828858733177185,0.42970073223114014
1771525751023736000,19.977736083984375,0.05326318368315697,0.3904191255569458,0.4222438633441925
1771525751033738800,19.98773876953125,0.07456845790147781,0.39254966378211975,0.4211786091327667
1771525751043741400,19.997741455078124,0.09480846673250198,0.38722333312034607,0.40519964694976807
1771525751053744000,20.007744140625,0.11185268312692642,0.3808317482471466,0.34021857380867004
1771525751063746600,20.01774658203125,0.12783163785934448,0.37870121002197266,0.24541011452674866
1771525751073749200,20.027749267578123,0.14487585425376892,0.37870121002197266,0.13675321638584137
1771525751083752000,20.037751953125,0.1693769246339798,0.3712443709373474,0.05153212696313858
1771525751093754400,20.04775439453125,0.20026956498622894,0.3680485785007477,0.00892158318310976
1771525751103757000,20.057757080078126,0.23329274356365204,0.36059173941612244,0.004660528618842363
1771525751113759700,20.067759765625,0.2588590681552887,0.332894891500473,0.014247900806367397
1771525751123762200,20.07776220703125,0.2737727463245392,0.287088543176651,0.029161592945456505
1771525751133764900,20.087764892578125,0.2684464454650879,0.23915168642997742,0.040879491716623306
1771525751143767600,20.097767578125,0.23755379021167755,0.20506325364112854,0.02277000993490219
1771525751153770000,20.10777001953125,0.19174745678901672,0.19121482968330383,-0.014514217153191566
1771525751163772700,20.117772705078124,0.1502021700143814,0.19228008389472961,-0.023036325350403786
1771525751173775400,20.127775390625,0.12783163785934448,0.20612850785255432,-0.005992108024656773
1771525751183777800,20.13777783203125,0.11717899888753891,0.24660852551460266,0.03235738351941109
1771525751193780500,20.147780517578123,0.12144005298614502,0.2689790725708008,0.08668582886457443
1771525751203783200,20.157783203125,0.13741901516914368,0.26471802592277527,0.12929637730121613
1771525751213785600,20.16778564453125,0.16724638640880585,0.25726115703582764,0.12503531575202942
1771525751223788300,20.177788330078126,0.17257271707057953,0.2636527419090271,0.06325002759695053
1771525751233791000,20.187791015625,0.14700637757778168,0.27004432678222656,-0.04966791719198227
1771525751243793400,20.19779345703125,0.10013478249311447,0.2817622423171997,-0.18282587826251984
1771525751253796000,20.207796142578125,0.07882951200008392,0.23276010155677795,-0.2701774835586548
1771525751263798800,20.217798828125,0.11185268312692642,0.0985368862748146,-0.2648511826992035
1771525751273801200,20.22780126953125,0.18961693346500397,-0.07297056168317795,-0.13488900661468506
1771525751283804000,20.237803955078125,0.2631201148033142,-0.21891167759895325,0.06644582003355026
1771525751293806600,20.247806640625,0.2737727463245392,-0.2498043179512024,0.25073641538619995
1771525751303809000,20.25780908203125,0.18109482526779175,-0.12410321086645126,0.3561975359916687
1771525751313811700,20.267811767578124,0.005326318088918924,0.08681898564100266,0.37750279903411865
1771525751323814400,20.277814453125,-0.1832253485918045,0.2956106662750244,0.2848248779773712
1771525751333816800,20.28781689453125,-0.33662331104278564,0.46285703778266907,0.13249216973781586
1771525751343819500,20.297819580078126,-0.422909677028656,0.5597960352897644,-0.024101590737700462
1771525751353822200,20.307822265625,-0.4048001766204834,0.5363602638244629,-0.1657816469669342
1771525751363824600,20.31782470703125,-0.3057306706905365,0.42131176590919495,-0.28615644574165344
1771525751373827300,20.327827392578126,-0.16298533976078033,0.2263685166835785,-0.40759649872779846
1771525751383829800,20.337829833984376,-0.03515370190143585,0.037816859781742096,-0.5386239290237427
1771525751393832400,20.34783251953125,0.03941475600004196,-0.058056868612766266,-0.6451503038406372
1771525751403835000,20.3578349609375,0.06711161136627197,-0.07829687744379044,-0.6994787454605103
1771525751413837600,20.367837646484375,0.05752423778176308,-0.046338967978954315,-0.6781734824180603
1771525751423840000,20.377840087890625,0.02024000883102417,0.00798947736620903,-0.5822997093200684
1771525751433842700,20.3878427734375,-0.03728422895073891,0.08042740821838379,-0.4139880836009979
1771525751443845000,20.39784521484375,-0.10013478249311447,0.154995858669281,-0.23289325833320618
1771525751453847800,20.407847900390625,-0.13848426938056946,0.19441060721874237,-0.08908267319202423
1771525751463850200,20.417850341796875,-0.1459411233663559,0.19121482968330383,-0.02516685426235199
1771525751473853000,20.42785302734375,-0.1363537460565567,0.19228008389472961,-0.02516685426235199
1771525751483855400,20.43785546875,-0.10652636736631393,0.2018674612045288,-0.03368896245956421
1771525751493857800,20.44785791015625,-0.06072002649307251,0.19547587633132935,-0.03795001655817032
1771525751503860500,20.457860595703124,-0.008522109128534794,0.16671375930309296,-0.043276336044073105
1771525751513863000,20.46786279296875,0.034088436514139175,0.13795164227485657,-0.035819489508867264
1771525751523865600,20.477865478515625,0.05965476483106613,0.13262532651424408,-0.0017310534603893757
1771525751533868000,20.487867919921875,0.06924213469028473,0.14327795803546906,0.053662657737731934
1771525751543870700,20.49787060546875,0.07137266546487808,0.15712638199329376,0.10586057603359222
1771525751553873200,20.507873046875,0.06391581892967224,0.17630113661289215,0.1261005848646164
1771525751563875800,20.517875732421874,0.054328445345163345,0.18908429145812988,0.09946899116039276
1771525751573878300,20.527878173828125,0.06924213469028473,0.18482324481010437,0.07177213579416275
1771525751583881000,20.537880859375,0.10865689069032669,0.1603221744298935,0.06751108169555664
1771525751593883400,20.54788330078125,0.14913691580295563,0.12623374164104462,0.06751108169555664
1771525751603886000,20.557885986328124,0.18216007947921753,0.11025478690862656,0.0834900364279747
1771525751613888500,20.567888427734374,0.19387798011302948,0.11025478690862656,0.11757847666740417
1771525751623891200,20.57789111328125,0.18109482526779175,0.12623374164104462,0.14207953214645386
1771525751643896000,20.59789599609375,0.11398320645093918,0.19654114544391632,0.16445007920265198
1771525751653898800,20.607898681640624,0.08202529698610306,0.26578328013420105,0.21238693594932556
1771525751663901400,20.6179013671875,0.06285055726766586,0.34674331545829773,0.2773680090904236
1771525751673904000,20.627904052734376,0.04367581009864807,0.42663809657096863,0.32104381918907166
1771525751683906600,20.637906494140626,0.026631591841578484,0.47350969910621643,0.30613014101982117
1771525751693909200,20.6479091796875,0.026631591841578484,0.48203179240226746,0.24434484541416168
1771525751703912000,20.657911865234375,0.03941475600004196,0.4799012839794159,0.12929637730121613
1771525751713914400,20.667914306640625,0.0564589723944664,0.4788359999656677,-0.028362644836306572
1771525751723917000,20.6779169921875,0.0703074038028717,0.45859599113464355,-0.2179795652627945
1771525751733919700,20.687919677734374,0.10120004415512085,0.38935387134552,-0.42677125334739685
1771525751743922200,20.697922119140625,0.16405059397220612,0.28921908140182495,-0.5908218622207642
1771525751753924900,20.7079248046875,0.245010644197464,0.1837579756975174,-0.6366282105445862
1771525751763927600,20.717927490234374,0.320644348859787,0.0942758321762085,-0.5588639378547668
1771525751773930000,20.727929931640624,0.35047173500061035,0.058056868612766266,-0.390552282333374
1771525751783932700,20.7379326171875,0.3163833022117615,0.09321057051420212,-0.18176060914993286
1771525751793935400,20.747935302734376,0.2354232668876648,0.1603221744298935,0.012117373757064342
1771525751803937800,20.757937744140627,0.10652636736631393,0.24554327130317688,0.1442100703716278
1771525751813940500,20.7679404296875,-0.03621896356344223,0.35100436210632324,0.22623535990715027
1771525751823943200,20.777943115234375,-0.1597895473241806,0.43516018986701965,0.2720417082309723
1771525751833945600,20.787945556640626,-0.22370536625385284,0.464987576007843,0.23795326054096222
1771525751843948300,20.7979482421875,-0.21411798894405365,0.4287686049938202,0.14314480125904083
1771525751853951000,20.807950927734375,-0.1459411233663559,0.34993910789489746,0.01957421936094761
1771525751873956000,20.8279560546875,0.05539371073246002,0.14753901958465576,-0.2169143110513687
1771525751883958800,20.837958740234374,0.13209268450737,0.062317922711372375,-0.27124276757240295
1771525751893961200,20.847961181640624,0.17683376371860504,0.027164222672581673,-0.23821958899497986
1771525751903964000,20.8579638671875,0.17789903283119202,0.018642114475369453,-0.13595427572727203
1771525751913966600,20.867966552734377,0.13954953849315643,0.030360013246536255,-0.009187898598611355
1771525751923969000,20.877968994140623,0.06711161136627197,0.06018739566206932,0.1069258376955986
1771525751943974400,20.897974365234376,-0.10226531326770782,0.1507348120212555,0.2486059069633484
1771525751963979500,20.9179794921875,-0.15126743912696838,0.18588849902153015,0.2528669536113739
1771525751973982200,20.927982177734375,-0.13209268450737,0.20399798452854156,0.24114905297756195
1771525751983984600,20.937984619140625,-0.09161267429590225,0.19973693788051605,0.21238693594932556
1771525751993987300,20.9479873046875,-0.045806337147951126,0.19441060721874237,0.17829850316047668
1771525752003990000,20.957989990234374,-0.004261054564267397,0.17949692904949188,0.13675321638584137
1771525752013992400,20.967992431640624,0.034088436514139175,0.15393058955669403,0.09733846783638
1771525752023995100,20.9779951171875,0.06817687302827835,0.11345057934522629,0.07496792823076248
1771525752033997800,20.987997802734377,0.08841688185930252,0.06870950758457184,0.05259739235043526
1771525752044000300,20.998000244140623,0.09800425171852112,0.029294749721884727,0.01318263728171587
1771525752054003000,21.0080029296875,0.09267793595790863,0.005858949851244688,-0.027297381311655045
1771525752064005600,21.018005615234376,0.07563371956348419,-0.009054740890860558,-0.04221107065677643
1771525752074008000,21.028008056640626,0.058589499443769455,-0.00798947736620903,-0.027297381311655045
1771525752084010800,21.0380107421875,0.050067391246557236,0.0037284228019416332,0.0153131652623415
1771525752094013400,21.048013427734375,0.05113265663385391,0.015446322970092297,0.07922898232936859
1771525752104016000,21.058015869140625,0.058589499443769455,0.010120004415512085,0.1303616315126419
1771525752114018600,21.0680185546875,0.054328445345163345,0.01438105944544077,0.18042902648448944
1771525752124021200,21.078021240234374,0.045806337147951126,0.03568633273243904,0.22730062901973724
1771525752134023700,21.088023681640625,0.054328445345163345,0.03675159439444542,0.26991117000579834
1771525752144026400,21.0980263671875,0.08522108942270279,0.0037284228019416332,0.2912164330482483
1771525752154029000,21.108029052734373,0.10865689069032669,-0.021837905049324036,0.2869553864002228
1771525752164031500,21.118031494140624,0.10972215235233307,-0.03142527863383293,0.2432795912027359
1771525752174034200,21.1280341796875,0.09800425171852112,-0.06018739566206932,0.1676458716392517
1771525752184036900,21.138036865234376,0.08096003532409668,-0.0655137151479721,0.08562056720256805
1771525752194039300,21.148039306640626,0.06711161136627197,-0.05592634156346321,0.01850895583629608
1771525752204042000,21.1580419921875,0.06072002649307251,-0.03142527863383293,-0.024101590737700462
1771525752214044700,21.168044677734375,0.04474107176065445,-0.011185267940163612,-0.07736477255821228
1771525752224047000,21.178047119140626,0.0031957910396158695,0.020772641524672508,-0.1657816469669342
1771525752234049800,21.1880498046875,-0.046871598809957504,0.0282294861972332,-0.2637858986854553
1771525752244052500,21.198052490234375,-0.05113265663385391,-0.0015978955198079348,-0.3117227852344513
1771525752254055200,21.20805517578125,-0.0021305272821336985,-0.03568633273243904,-0.23395852744579315
1771525752264057600,21.2180576171875,0.07137266546487808,-0.08042740821838379,-0.07949529588222504
1771525752274060300,21.228060302734374,0.1459411233663559,-0.14434322714805603,0.09627319872379303
1771525752284063000,21.23806298828125,0.1597895473241806,-0.17630113661289215,0.24114905297756195
1771525752294065400,21.2480654296875,0.08735162019729614,-0.14221268892288208,0.342349112033844
1771525752304068000,21.258068115234376,-0.04793686419725418,-0.08788424730300903,0.36791542172431946
1771525752314070800,21.26807080078125,-0.1928127259016037,-0.037816859781742096,0.2986733019351959
1771525752324073200,21.2780732421875,-0.31744855642318726,0.03994738683104515,0.18362481892108917
1771525752334076000,21.288075927734376,-0.3952127993106842,0.12410321086645126,0.0600542388856411
1771525752344078600,21.29807861328125,-0.37923386693000793,0.14966954290866852,-0.04647212475538254
1771525752354081000,21.3080810546875,-0.2620548605918884,0.09214530140161514,-0.14873743057250977
1771525752364083700,21.318083740234375,-0.11611373722553253,0.002663159044459462,-0.2510027587413788
1771525752374086400,21.32808642578125,-0.0021305272821336985,-0.06870950758457184,-0.344745934009552
1771525752384088800,21.3380888671875,0.045806337147951126,-0.11877689510583878,-0.40866175293922424
1771525752394091500,21.348091552734374,0.038349490612745285,-0.15286533534526825,-0.44488072395324707
1771525752404094200,21.35809423828125,-0.012783164158463478,-0.1699095517396927,-0.4384891390800476
1771525752414096600,21.3680966796875,-0.08415582776069641,-0.1741705983877182,-0.3735080659389496
1771525752424099300,21.378099365234377,-0.14913691580295563,-0.1592569202184677,-0.24887222051620483
1771525752434102000,21.38810205078125,-0.2066611498594284,-0.11025478690862656,-0.11145320534706116
1771525752444104400,21.3981044921875,-0.24074958264827728,-0.042077913880348206,0.009986846707761288
1771525752454107100,21.408107177734376,-0.24714116752147675,0.017576850950717926,0.09627319872379303
1771525752464109800,21.41810986328125,-0.2119874656200409,0.04101264849305153,0.14740586280822754
1771525752474112300,21.4281123046875,-0.16085481643676758,0.04740423336625099,0.18149429559707642
1771525752484115000,21.438114990234375,-0.1033305749297142,0.042077913880348206,0.20493009686470032
1771525752494117600,21.44811767578125,-0.058589499443769455,0.03249054029583931,0.22303956747055054
1771525752504120000,21.4581201171875,-0.0330231711268425,0.027164222672581673,0.21877852082252502
1771525752514122800,21.468122802734374,-0.02024000883102417,0.013315795920789242,0.20173430442810059
1771525752524125400,21.47812548828125,-0.004261054564267397,0.010120004415512085,0.17616797983646393
1771525752534127900,21.4881279296875,0.0021305272821336985,0.013315795920789242,0.1346226930618286
1771525752544130600,21.498130615234373,0.0074568456038832664,0.046338967978954315,0.07177213579416275
1771525752554133200,21.50813330078125,0.021305272355675697,0.09640636295080185,0.045140545815229416
1771525752564135700,21.5181357421875,0.05113265663385391,0.1454084813594818,0.07070687413215637
1771525752574138400,21.528138427734376,0.08522108942270279,0.16564849019050598,0.12183953076601028
1771525752584141000,21.53814111328125,0.12357058376073837,0.13262532651424408,0.15166690945625305
1771525752594143500,21.5481435546875,0.15872427821159363,0.062317922711372375,0.17084164917469025
1771525752604146200,21.558146240234375,0.17683376371860504,0.015446322970092297,0.17190691828727722
1771525752614148900,21.56814892578125,0.17044217884540558,0.027164222672581673,0.17084164917469025
1771525752624151300,21.5781513671875,0.14381058514118195,0.08255793154239655,0.17190691828727722
1771525752644156700,21.59815673828125,0.09587372839450836,0.1826927214860916,0.08988162130117416
1771525752654159000,21.6081591796875,0.10120004415512085,0.17949692904949188,0.02383527345955372
1771525752664161800,21.618161865234374,0.11078742146492004,0.1784316599369049,-0.05392897129058838
1771525752674164500,21.62816455078125,0.122505322098732,0.17523586750030518,-0.13062795996665955
1771525752684167000,21.6381669921875,0.13741901516914368,0.17523586750030518,-0.1849564015865326
1771525752694169600,21.648169677734376,0.14381058514118195,0.17949692904949188,-0.23502379655838013
1771525752704172300,21.65817236328125,0.12570111453533173,0.20399798452854156,-0.29041749238967896
1771525752714174700,21.6681748046875,0.07669898122549057,0.23595589399337769,-0.336223840713501
1771525752724177400,21.678177490234376,0.04048001766204834,0.24767379462718964,-0.31917962431907654
1771525752734180000,21.68818017578125,0.006391582079231739,0.20293273031711578,-0.24993747472763062
1771525752744182500,21.6981826171875,0.019174745306372643,0.11238531768321991,-0.11677952855825424
1771525752754185200,21.708185302734375,0.034088436514139175,0.04527370631694794,0.06644582003355026
1771525752764187600,21.718187744140625,0.0330231711268425,-0.0037284228019416332,0.23688800632953644
1771525752774190300,21.7281904296875,0.011717899702489376,-0.026098959147930145,0.3199785649776459
1771525752784192800,21.73819287109375,-0.02876211889088154,-0.021837905049324036,0.3327617347240448
1771525752794195500,21.748195556640624,-0.07456845790147781,0.054861076176166534,0.3178480267524719
1771525752804198000,21.758197998046874,-0.11717899888753891,0.1826927214860916,0.296542763710022
1771525752814200600,21.76820068359375,-0.12570111453533173,0.3009369671344757,0.26458486914634705
1771525752824203000,21.778203125,-0.09693899005651474,0.3680485785007477,0.21345220506191254
1771525752834205700,21.788205810546874,-0.041545283049345016,0.3616569936275482,0.15166690945625305
1771525752844208000,21.7982080078125,0.008522109128534794,0.3147853910923004,0.05472791939973831
1771525752854210800,21.8082109375,0.04474107176065445,0.23808641731739044,-0.06884266436100006
1771525752864213200,21.818213134765625,0.07456845790147781,0.13795164227485657,-0.20200061798095703
1771525752874216000,21.8282158203125,0.09267793595790863,0.033555805683135986,-0.29041749238967896
1771525752884218400,21.83821826171875,0.10972215235233307,-0.061252661049366,-0.3202448785305023
1771525752894220800,21.848220703125,0.11078742146492004,-0.14966954290866852,-0.2978743314743042
1771525752904223500,21.858223388671874,0.09587372839450836,-0.23808641731739044,-0.23076273500919342
1771525752914226000,21.868225830078124,0.04793686419725418,-0.297741174697876,-0.11784479022026062
1771525752924228600,21.878228515625,-0.0330231711268425,-0.2913496196269989,0.020639482885599136
1771525752934231000,21.88823095703125,-0.12037479132413864,-0.25086960196495056,0.15166690945625305
1771525752944233700,21.898233642578123,-0.18429060280323029,-0.20293273031711578,0.24967116117477417
1771525752954236200,21.908236083984374,-0.20879167318344116,-0.18162745237350464,0.2848248779773712
1771525752964238800,21.91823876953125,-0.18748639523983002,-0.18908429145812988,0.27843329310417175
1771525752974241300,21.9282412109375,-0.13954953849315643,-0.221042200922966,0.25073641538619995
1771525752984244000,21.938243896484376,-0.08522108942270279,-0.25086960196495056,0.1964079886674881
1771525752994246400,21.948246337890627,-0.03941475600004196,-0.26578328013420105,0.1356879621744156
1771525753004249000,21.9582490234375,-0.0074568456038832664,-0.25193485617637634,0.09201214462518692
1771525753014251500,21.96825146484375,0.011717899702489376,-0.2167811542749405,0.0930774137377739
1771525753024254200,21.978254150390626,0.018109481781721115,-0.1688442826271057,0.11438268423080444
1771525753034256600,21.988256591796876,0.019174745306372643,-0.12090742588043213,0.16125428676605225
1771525753044259300,21.99825927734375,0.029827382415533066,-0.08255793154239655,0.20493009686470032
1771525753054261800,22.00826171875,0.04048001766204834,-0.07829687744379044,0.2251701056957245
1771525753064264200,22.01826416015625,0.042610544711351395,-0.10599373281002045,0.20919114351272583
1771525753074267000,22.028266845703126,0.029827382415533066,-0.16351796686649323,0.15805849432945251
1771525753084269300,22.038269287109376,0.011717899702489376,-0.22743378579616547,0.11757847666740417
1771525753094272000,22.04827197265625,-0.006391582079231739,-0.27537065744400024,0.09094688296318054
1771525753104274400,22.0582744140625,-0.02876211889088154,-0.28815382719039917,0.06325002759695053
1771525753114277000,22.068277099609375,-0.041545283049345016,-0.27537065744400024,0.021704746410250664
1771525753124279600,22.078279541015625,-0.038349490612745285,-0.25193485617637634,-0.0017310534603893757
1771525753134282200,22.0882822265625,-0.04367581009864807,-0.21038956940174103,0.0003994738799519837
1771525753144285000,22.098284912109374,-0.054328445345163345,-0.15819165110588074,0.00892158318310976
1771525753154287600,22.10828759765625,-0.04900212585926056,-0.12623374164104462,0.03235738351941109
1771525753164290000,22.1182900390625,-0.026631591841578484,-0.13369058072566986,0.08029424399137497
1771525753174292700,22.128292724609373,0.013848427683115005,-0.16351796686649323,0.11970899999141693
1771525753184295400,22.13829541015625,0.06924213469028473,-0.21997694671154022,0.1165132075548172
1771525753194297900,22.1482978515625,0.0990695208311081,-0.29028433561325073,0.045140545815229416
1771525753204300500,22.158300537109376,0.07669898122549057,-0.3424822688102722,-0.09440898895263672
1771525753214303200,22.16830322265625,0.0074568456038832664,-0.39787596464157104,-0.28083011507987976
1771525753224305700,22.1783056640625,-0.05326318368315697,-0.4415517747402191,-0.40759649872779846
1771525753234308400,22.188308349609375,-0.058589499443769455,-0.4809665381908417,-0.390552282333374
1771525753244311000,22.19831103515625,-0.02769685536623001,-0.5193160176277161,-0.2541985511779785
1771525753254313500,22.2083134765625,0.011717899702489376,-0.5480781197547913,-0.04860265180468559
1771525753264316200,22.218316162109375,-0.0074568456038832664,-0.5214465260505676,0.14847111701965332
1771525753274318800,22.22831884765625,-0.0990695208311081,-0.4372907280921936,0.2539322078227997
1771525753284321300,22.2383212890625,-0.2162485122680664,-0.34993910789489746,0.2475406378507614
1771525753294324000,22.248323974609374,-0.31744855642318726,-0.28495803475379944,0.16018901765346527
1771525753304326700,22.25832666015625,-0.37816858291625977,-0.25193485617637634,0.033422645181417465
1771525753314329000,22.2683291015625,-0.39840859174728394,-0.2636527419090271,-0.08908267319202423
1771525753324331800,22.278331787109376,-0.3856254518032074,-0.3147853910923004,-0.18815219402313232
1771525753334334500,22.28833447265625,-0.3536675274372101,-0.3808317482471466,-0.2840259075164795
1771525753344337000,22.2983369140625,-0.3142527639865875,-0.4479433596134186,-0.3884217441082001
1771525753354339600,22.308339599609376,-0.2727074921131134,-0.5033370852470398,-0.47364285588264465
1771525753364342300,22.31834228515625,-0.24074958264827728,-0.5384907722473145,-0.5098618268966675
1771525753374344700,22.3283447265625,-0.22796641290187836,-0.5502086877822876,-0.5013396739959717
1771525753384347400,22.338347412109375,-0.23435799777507782,-0.5566002726554871,-0.45020705461502075
1771525753394350000,22.34835009765625,-0.25246748328208923,-0.5470128655433655,-0.336223840713501
1771525753404352500,22.3583525390625,-0.2812296152114868,-0.5182507634162903,-0.20200061798095703
1771525753414355200,22.368355224609374,-0.3110569715499878,-0.4745749533176422,-0.08162582665681839
1771525753424358000,22.37835791015625,-0.3142527639865875,-0.44581282138824463,0.011052110232412815
1771525753434360300,22.3883603515625,-0.2908169627189636,-0.4181159734725952,0.07070687413215637
1771525753444363000,22.398363037109377,-0.25140222907066345,-0.37444016337394714,0.10586057603359222
1771525753454365700,22.40836572265625,-0.18961693346500397,-0.3488738536834717,0.1356879621744156
1771525753464368000,22.4183681640625,-0.12357058376073837,-0.3520696461200714,0.16977639496326447
1771525753474370800,22.428370849609376,-0.08096003532409668,-0.3531349003314972,0.20493009686470032
1771525753484373500,22.43837353515625,-0.07350318878889084,-0.343547523021698,0.22090904414653778
1771525753494376000,22.4483759765625,-0.08096003532409668,-0.3158506751060486,0.2251701056957245
1771525753504378600,22.458378662109375,-0.09161267429590225,-0.28389275074005127,0.23049642145633698
1771525753514381300,22.46838134765625,-0.10226531326770782,-0.24341274797916412,0.20812588930130005
1771525753524383700,22.4783837890625,-0.09587372839450836,-0.19973693788051605,0.17084164917469025
1771525753534386400,22.488386474609374,-0.066046342253685,-0.17523586750030518,0.12716585397720337
1771525753544389000,22.49838916015625,-0.014913691207766533,-0.16138744354248047,0.0739026665687561
1771525753554391600,22.5083916015625,0.04900212585926056,-0.1688442826271057,0.017443692311644554
1771525753564394200,22.518394287109373,0.11078742146492004,-0.19121482968330383,-0.023036325350403786
1771525753574397000,22.52839697265625,0.15233269333839417,-0.20293273031711578,-0.06884266436100006
1771525753584399400,22.5383994140625,0.16405059397220612,-0.18162745237350464,-0.12636689841747284
1771525753594402000,22.548402099609376,0.16405059397220612,-0.12836426496505737,-0.15086796879768372
1771525753604404700,22.55840478515625,0.16405059397220612,-0.07403582334518433,-0.1561942845582962
1771525753614407200,22.5684072265625,0.1651158630847931,-0.033555805683135986,-0.1561942845582962
1771525753624409900,22.578409912109375,0.16085481643676758,0.01438105944544077,-0.1423458606004715
1771525753634412500,22.58841259765625,0.14487585425376892,0.050600022077560425,-0.1423458606004715
1771525753644415000,22.5984150390625,0.12144005298614502,0.0751010850071907,-0.16258586943149567
1771525753654417700,22.608417724609374,0.0894821435213089,0.10918952524662018,-0.15086796879768372
1771525753664420400,22.61842041015625,0.05539371073246002,0.13049480319023132,-0.12317110598087311
1771525753674422800,22.6284228515625,0.030892645940184593,0.10492847114801407,-0.0858868807554245
1771525753714433300,22.668433349609376,-0.0990695208311081,0.09001477807760239,0.19001640379428864
1771525753724436000,22.67843603515625,-0.15126743912696838,0.11558110266923904,0.2241048365831375
1771525753734438700,22.688438720703125,-0.18535587191581726,0.08788424730300903,0.1825595498085022
1771525753744441000,22.698441162109376,-0.19068218767642975,0.02396843209862709,0.08242477476596832
1771525753754443500,22.708443603515626,-0.1597895473241806,-0.042077913880348206,-0.014514217153191566
1771525753764446200,22.7184462890625,-0.09374319761991501,-0.10918952524662018,-0.08908267319202423
1771525753774448600,22.72844873046875,-0.0031957910396158695,-0.13262532651424408,-0.12743216753005981
1771525753784451300,22.738451416015625,0.07456845790147781,-0.08149266988039017,-0.11464899778366089
1771525753794453800,22.748453857421875,0.12996216118335724,0.015446322970092297,-0.07736477255821228
1771525753804456400,22.75845654296875,0.15126743912696838,0.0985368862748146,0.005725792143493891
1771525753814459000,22.768458984375,0.13315795361995697,0.14966954290866852,0.07709845900535583
1771525753824461600,22.778461669921874,0.07350318878889084,0.16671375930309296,0.10159952193498611
1771525753834464000,22.788464111328125,0.005326318088918924,0.14860427379608154,0.08988162130117416
1771525753844466700,22.798466796875,-0.04474107176065445,0.12836426496505737,0.08562056720256805
1771525753854469000,22.80846923828125,-0.07137266546487808,0.07936213910579681,0.07177213579416275
1771525753884477000,22.838476806640625,-0.03941475600004196,-0.1826927214860916,-0.12317110598087311
1771525753894479400,22.848479248046875,-0.04474107176065445,-0.21358536183834076,-0.10825742036104202
1771525753904481800,22.858481689453125,-0.07243792712688446,-0.2253032624721527,-0.047537390142679214
1771525753914484500,22.868484375,-0.12463584542274475,-0.2348906397819519,0.040879491716623306
1771525753924487000,22.87848681640625,-0.19068218767642975,-0.2348906397819519,0.12823110818862915
1771525753934489600,22.888489501953124,-0.25246748328208923,-0.22423799335956573,0.18895113468170166
1771525753944492000,22.898491943359375,-0.2865559160709381,-0.21784640848636627,0.2347574681043625
1771525753954494700,22.90849462890625,-0.2961432933807373,-0.2071937769651413,0.2613890767097473
1771525753964497200,22.9184970703125,-0.28868645429611206,-0.17630113661289215,0.2518016993999481
1771525753974499800,22.928499755859374,-0.2631201148033142,-0.15180006623268127,0.21132168173789978
1771525753984502300,22.938502197265624,-0.2205095738172531,-0.13795164227485657,0.16977639496326447
1771525753994505000,22.9485048828125,-0.17576849460601807,-0.13475584983825684,0.12716585397720337
1771525754004507400,22.95850732421875,-0.1310274302959442,-0.154995858669281,0.07070687413215637
1771525754014510000,22.968510009765627,-0.10439583659172058,-0.17949692904949188,0.01318263728171587
1771525754024512500,22.978512451171873,-0.0990695208311081,-0.1976063996553421,-0.035819489508867264
1771525754034515200,22.98851513671875,-0.10226531326770782,-0.20825904607772827,-0.05819002538919449
1771525754044517600,22.998517578125,-0.1033305749297142,-0.21891167759895325,-0.05712476372718811
1771525754054520300,23.008520263671876,-0.09267793595790863,-0.22317273914813995,-0.047537390142679214
1771525754064522800,23.018522705078126,-0.066046342253685,-0.2167811542749405,-0.019840534776449203
1771525754074525200,23.028525146484377,-0.023435799404978752,-0.20506325364112854,0.045140545815229416
1771525754084527900,23.03852783203125,0.021305272355675697,-0.2167811542749405,0.10799109935760498
1771525754094530300,23.0485302734375,0.046871598809957504,-0.22849905490875244,0.13249216973781586
1771525754104533000,23.058532958984376,0.045806337147951126,-0.24128220975399017,0.14101427793502808
1771525754114535400,23.068535400390626,0.02769685536623001,-0.2775011658668518,0.14740586280822754
1771525754124538000,23.0785380859375,0.004261054564267397,-0.335025429725647,0.12929637730121613
1771525754134540500,23.08854052734375,-0.012783164158463478,-0.37870121002197266,0.12290479242801666
1771525754144543200,23.098543212890625,-0.02876211889088154,-0.3808317482471466,0.13142690062522888
1771525754154545700,23.108545654296876,-0.04367581009864807,-0.3723096549510956,0.1356879621744156
1771525754164548400,23.11854833984375,-0.04793686419725418,-0.3669833242893219,0.13675321638584137
1771525754174550800,23.12855078125,-0.04474107176065445,-0.38722333312034607,0.12397005409002304
1771525754184553500,23.138553466796875,-0.02769685536623001,-0.42663809657096863,0.08668582886457443
1771525754194556000,23.148555908203125,-0.009587372653186321,-0.46711811423301697,0.05685844644904137
1771525754204558600,23.15855859375,0.0021305272821336985,-0.48735812306404114,0.05259739235043526
1771525754214561000,23.16856103515625,0.045806337147951126,-0.4948149621486664,0.08242477476596832
1771525754224563700,23.178563720703124,0.12463584542274475,-0.5065328478813171,0.08668582886457443
1771525754234566400,23.18856640625,0.16405059397220612,-0.48629283905029297,0.0153131652623415
1771525754244568800,23.19856884765625,0.15126743912696838,-0.4713791608810425,-0.12636689841747284
1771525754254571500,23.208571533203123,0.0990695208311081,-0.4937497079372406,-0.31385329365730286
1771525754264574200,23.21857421875,0.05113265663385391,-0.5448823571205139,-0.47790390253067017
1771525754274576600,23.22857666015625,0.04474107176065445,-0.6173202991485596,-0.5343628525733948
1771525754284579300,23.238579345703126,0.04048001766204834,-0.6663224101066589,-0.48323023319244385
1771525754294582000,23.24858203125,-0.013848427683115005,-0.6119939684867859,-0.4022701680660248
1771525754304584400,23.25858447265625,-0.1416800618171692,-0.4372907280921936,-0.30426591634750366
1771525754324589800,23.27858984375,-0.40693071484565735,-0.16351796686649323,-0.203065887093544
1771525754334592300,23.28859228515625,-0.4942823350429535,-0.12836426496505737,-0.1988048255443573
1771525754344595000,23.298594970703125,-0.5390233993530273,-0.17097482085227966,-0.2265016883611679
1771525754354597600,23.30859765625,-0.5294360518455505,-0.26684853434562683,-0.2701774835586548
1771525754364600000,23.31860009765625,-0.48789075016975403,-0.3520696461200714,-0.2893522381782532
1771525754374602800,23.328602783203124,-0.4271707236766815,-0.40746334195137024,-0.27230802178382874
1771525754384605400,23.33860546875,-0.36964648962020874,-0.4053328037261963,-0.2179795652627945
1771525754394607900,23.34860791015625,-0.31744855642318726,-0.3520696461200714,-0.13701952993869781
1771525754404610600,23.358610595703126,-0.2769685387611389,-0.26578328013420105,-0.04114580899477005
1771525754414613200,23.36861328125,-0.24394537508487701,-0.1933453530073166,0.04833633825182915
1771525754424615700,23.37861572265625,-0.2119874656200409,-0.15819165110588074,0.10479531437158585
1771525754434618400,23.388618408203126,-0.1832253485918045,-0.16564849019050598,0.11331742256879807
1771525754444621000,23.39862109375,-0.1597895473241806,-0.1976063996553421,0.0930774137377739
1771525754454623500,23.40862353515625,-0.1406148076057434,-0.21784640848636627,0.08242477476596832
1771525754464626200,23.418626220703125,-0.11717899888753891,-0.22849905490875244,0.09840372949838638
1771525754474628900,23.42862890625,-0.09587372839450836,-0.22317273914813995,0.11438268423080444
1771525754484631300,23.43863134765625,-0.07456845790147781,-0.19121482968330383,0.12397005409002304
1771525754494634000,23.448634033203124,-0.05219791829586029,-0.154995858669281,0.15486270189285278
1771525754504636700,23.45863671875,-0.03621896356344223,-0.11984215676784515,0.19534271955490112
1771525754514639000,23.46863916015625,-0.029827382415533066,-0.09747162461280823,0.21132168173789978
1771525754524641800,23.478641845703127,-0.029827382415533066,-0.0751010850071907,0.2102564126253128
1771525754534644500,23.48864453125,-0.017044218257069588,-0.042077913880348206,0.20279955863952637
1771525754544647000,23.49864697265625,0.005326318088918924,0.002663159044459462,0.19960378110408783
1771525754554649600,23.508649658203126,0.0564589723944664,0.006924213841557503,0.17190691828727722
1771525754564652300,23.51865234375,0.13315795361995697,-0.027164222672581673,0.11331742256879807
1771525754574654700,23.52865478515625,0.2205095738172531,-0.053795814514160156,0.04407528415322304
1771525754584657400,23.538657470703125,0.28975170850753784,-0.042077913880348206,-0.019840534776449203
1771525754594660000,23.54866015625,0.3344927728176117,0.01970737800002098,-0.04966791719198227
1771525754604662500,23.55866259765625,0.3387538492679596,0.11345057934522629,-0.10612688958644867
1771525754614665200,23.568665283203124,0.3185138404369354,0.23169484734535217,-0.1561942845582962
1771525754624668000,23.57866796875,0.2769685387611389,0.36911386251449585,-0.17430377006530762
1771525754644673000,23.598673095703123,0.19494324922561646,0.5587307810783386,-0.12104058265686035
1771525754654675700,23.60867578125,0.17150744795799255,0.5938844680786133,-0.03368896245956421
1771525754664678100,23.61867822265625,0.15765902400016785,0.5629918575286865,0.07496792823076248
1771525754674680800,23.628680908203126,0.16724638640880585,0.46818336844444275,0.14314480125904083
1771525754684683300,23.638683349609376,0.17150744795799255,0.3616569936275482,0.1537974327802658
1771525754694685700,23.648685791015627,0.1555284857749939,0.26471802592277527,0.08135951310396194
1771525754704688400,23.6586884765625,0.09480846673250198,0.17097482085227966,-0.07203845679759979
1771525754714690800,23.66869091796875,0.012783164158463478,0.1081242561340332,-0.3021354079246521
1771525754724693500,23.678693603515626,-0.05219791829586029,0.09747162461280823,-0.5386239290237427
1771525754734696000,23.688696044921876,-0.0330231711268425,0.13475584983825684,-0.6110618710517883
1771525754744698600,23.69869873046875,0.08096003532409668,0.1976063996553421,-0.43635863065719604
1771525754754701000,23.708701171875,0.21944430470466614,0.276435911655426,-0.17217323184013367
1771525754764703700,23.718703857421875,0.3185138404369354,0.3147853910923004,0.08029424399137497
1771525754774706200,23.7287060546875,0.3195790946483612,0.3627222776412964,0.24541011452674866
1771525754784708900,23.738708984375,0.2300969511270523,0.3861580789089203,0.2954775094985962
1771525754794711300,23.748711181640626,0.11611373722553253,0.3680485785007477,0.2518016993999481
1771525754804714000,23.7587138671875,0.013848427683115005,0.3158506751060486,0.16018901765346527
1771525754814716400,23.76871630859375,-0.041545283049345016,0.2487390637397766,0.049401599913835526
1771525754824719000,23.778718994140625,-0.04793686419725418,0.19441060721874237,-0.054994236677885056
1771525754834721500,23.788721435546876,-0.0021305272821336985,0.15180006623268127,-0.08482161909341812
1771525754844724200,23.79872412109375,0.07137266546487808,0.09214530140161514,-0.0624510794878006
1771525754854726700,23.8087265625,0.13954953849315643,0.01970737800002098,-0.034754227846860886
1771525754864729000,23.81872900390625,0.1693769246339798,-0.038882121443748474,0.012117373757064342
1771525754874731800,23.828731689453125,0.1693769246339798,-0.08894951641559601,0.04727107286453247
1771525754884734200,23.838734130859375,0.14487585425376892,-0.12197268754243851,0.08668582886457443
1771525754894737000,23.84873681640625,0.08522108942270279,-0.09214530140161514,0.1495363861322403
1771525754904739300,23.8587392578125,0.006391582079231739,-0.010120004415512085,0.21771325170993805
1771525754914742000,23.868741943359375,-0.06498108059167862,0.07936213910579681,0.2656501233577728
1771525754924744400,23.878744384765625,-0.11611373722553253,0.17204007506370544,0.3135869801044464
1771525754934747100,23.8887470703125,-0.14274533092975616,0.2540653645992279,0.3519364893436432
1771525754944749600,23.89874951171875,-0.12889690697193146,0.28921908140182495,0.3519364893436432
1771525754954752300,23.908752197265624,-0.08522108942270279,0.28389275074005127,0.30293434858322144
1771525754964754700,23.918754638671874,-0.01597895473241806,0.2444780021905899,0.23049642145633698
1771525754974757400,23.92875732421875,0.06072002649307251,0.1741705983877182,0.15699322521686554
1771525754984759800,23.938759765625,0.10865689069032669,0.12090742588043213,0.06218476593494415
1771525754994762500,23.948762451171874,0.1267663687467575,0.08788424730300903,-0.04647212475538254
1771525755004765000,23.958764892578124,0.13528847694396973,0.08894951641559601,-0.11997532099485397
1771525755014767600,23.968767578125,0.13209268450737,0.1081242561340332,-0.14873743057250977
1771525755024770000,23.97877001953125,0.1310274302959442,0.12516847252845764,-0.13595427572727203
1771525755034772500,23.9887724609375,0.13741901516914368,0.12197268754243851,-0.09653951972723007
1771525755044775200,23.998775146484373,0.14274533092975616,0.1081242561340332,-0.06032055243849754
1771525755054777600,24.008777587890624,0.14700637757778168,0.06870950758457184,-0.02090579830110073
1771525755064780300,24.0187802734375,0.14700637757778168,0.02396843209862709,-0.002796316985040903
1771525755074782700,24.02878271484375,0.14381058514118195,-0.01651158556342125,0.0035952648613601923
1771525755084785400,24.038785400390626,0.14487585425376892,-0.04740423336625099,0.00892158318310976
1771525755094787800,24.048787841796877,0.14274533092975616,-0.06018739566206932,0.017443692311644554
1771525755104790500,24.05879052734375,0.1310274302959442,-0.05592634156346321,0.02383527345955372
1771525755114793000,24.06879296875,0.12037479132413864,-0.0708400309085846,0.02383527345955372
1771525755124795600,24.078795654296876,0.0990695208311081,-0.09534109383821487,0.016378428786993027
1771525755134798000,24.088798095703126,0.06072002649307251,-0.11877689510583878,0.001464737462811172
1771525755144800800,24.09880078125,0.025566328316926956,-0.14008216559886932,-0.011318426579236984
1771525755154803200,24.10880322265625,0.0031957910396158695,-0.15393058955669403,0.0003994738799519837
1771525755164806000,24.118805908203125,-0.005326318088918924,-0.1603221744298935,0.01957421936094761
1771525755174808300,24.128808349609375,0.017044218257069588,-0.15712638199329376,0.03235738351941109
1771525755184810800,24.138810791015626,0.07243792712688446,-0.14434322714805603,-0.011318426579236984
1771525755194813400,24.1488134765625,0.10546109825372696,-0.09640636295080185,-0.14554163813591003
1771525755204816000,24.15881591796875,0.08309056609869003,-0.042077913880348206,-0.38522595167160034
1771525755214818600,24.168818603515625,0.014913691207766533,-0.04420844092965126,-0.6536723971366882
1771525755224821000,24.178821044921875,-0.03515370190143585,-0.1081242561340332,-0.8187882900238037
1771525755234823700,24.18882373046875,-0.04474107176065445,-0.23702116310596466,-0.8209187984466553
1771525755244826000,24.198826171875,-0.0021305272821336985,-0.3531349003314972,-0.6494113206863403
1771525755254828800,24.208828857421874,0.05965476483106613,-0.4053328037261963,-0.34261542558670044
1771525755264831200,24.218831298828125,0.07669898122549057,-0.34993910789489746,-0.034754227846860886
1771525755274834000,24.228833984375,0.008522109128534794,-0.21891167759895325,0.14207953214645386
1771525755284836400,24.23883642578125,-0.10972215235233307,-0.1038632020354271,0.15699322521686554
1771525755294839000,24.248839111328124,-0.22477063536643982,-0.04314317926764488,0.07177213579416275
1771525755304841700,24.258841796875,-0.2950780391693115,-0.05699160322546959,-0.06884266436100006
1771525755314844200,24.26884423828125,-0.30466538667678833,-0.14327795803546906,-0.20519641041755676
1771525755324846800,24.278846923828127,-0.28442537784576416,-0.2402169555425644,-0.2829606533050537
1771525755334849500,24.288849609375,-0.2588590681552887,-0.3062632977962494,-0.2786996066570282
1771525755344852000,24.29885205078125,-0.2354232668876648,-0.33609068393707275,-0.22011010348796844
1771525755354854700,24.308854736328126,-0.22690115869045258,-0.3296990990638733,-0.14128059148788452
1771525755364857300,24.318857421875,-0.2503369450569153,-0.2913496196269989,-0.09334372729063034
1771525755374859800,24.32885986328125,-0.2833601236343384,-0.26578328013420105,-0.07416898012161255
1771525755384862500,24.338862548828125,-0.3057306706905365,-0.25193485617637634,-0.04966791719198227
1771525755394865200,24.348865234375,-0.30892646312713623,-0.2306295782327652,0.0025300011038780212
1771525755404867600,24.35886767578125,-0.30253487825393677,-0.21997694671154022,0.06857634335756302
1771525755414870300,24.368870361328124,-0.2822948694229126,-0.21784640848636627,0.11757847666740417
1771525755424873000,24.378873046875,-0.26418536901474,-0.21997694671154022,0.15486270189285278
1771525755434875400,24.38887548828125,-0.24288010597229004,-0.23595589399337769,0.17510271072387695
1771525755444878000,24.398878173828123,-0.23222747445106506,-0.25193485617637634,0.18149429559707642
1771525755454880800,24.408880859375,-0.22264009714126587,-0.25619590282440186,0.19534271955490112
1771525755464883200,24.41888330078125,-0.20453062653541565,-0.2551306486129761,0.21345220506191254
1771525755474886000,24.428885986328126,-0.17789903283119202,-0.23915168642997742,0.22197431325912476
1771525755484888600,24.438888671875,-0.15233269333839417,-0.21891167759895325,0.21238693594932556
1771525755494891000,24.44889111328125,-0.1267663687467575,-0.1688442826271057,0.19960378110408783
1771525755504893700,24.458893798828125,-0.1129179447889328,-0.11664637178182602,0.18788588047027588
1771525755514896400,24.468896484375,-0.09054741263389587,-0.05273054912686348,0.1676458716392517
1771525755524898800,24.47889892578125,-0.04793686419725418,0.002663159044459462,0.17403744161128998
1771525755534901500,24.488901611328124,0.019174745306372643,0.04314317926764488,0.18788588047027588
1771525755544904200,24.498904296875,0.09800425171852112,0.0655137151479721,0.18042902648448944
1771525755554906600,24.50890673828125,0.1789642870426178,0.10066741704940796,0.16231954097747803
1771525755564909300,24.518909423828124,0.2492716908454895,0.14434322714805603,0.13675321638584137
1771525755574912000,24.528912109375,0.31318750977516174,0.1826927214860916,0.09201214462518692
1771525755584914400,24.53891455078125,0.35153698921203613,0.2018674612045288,0.03768370300531387
1771525755604919800,24.558919921875,0.3110569715499878,0.21997694671154022,-0.06884266436100006
1771525755614922200,24.568922119140623,0.2876211702823639,0.24234747886657715,-0.06990792602300644
1771525755624925000,24.578925048828125,0.28868645429611206,0.27110961079597473,-0.010253162123262882
1771525755634927600,24.588927734375,0.2918822467327118,0.3254380524158478,0.0366184376180172
1771525755644930000,24.598929931640626,0.26525065302848816,0.42024651169776917,0.0366184376180172
1771525755654932700,24.6089326171875,0.22903168201446533,0.5012065172195435,0.0153131652623415
1771525755664935200,24.61893505859375,0.21092219650745392,0.5193160176277161,-0.0017310534603893757
1771525755674937900,24.628937744140625,0.1928127259016037,0.4607265293598175,-0.054994236677885056
1771525755684940300,24.638940185546875,0.13848426938056946,0.332894891500473,-0.22117535769939423
1771525755694943000,24.64894287109375,0.07882951200008392,0.15819165110588074,-0.5087965726852417
1771525755704945400,24.6589453125,0.038349490612745285,-0.029294749721884727,-0.8198535442352295
1771525755714947800,24.66894775390625,0.02876211889088154,-0.1454084813594818,-1.0222536325454712
1771525755724950500,24.678950439453125,0.06924213469028473,-0.16671375930309296,-1.0350368022918701
1771525755734953000,24.688952880859375,0.15446323156356812,-0.07616634666919708,-0.7740471959114075
1771525755754958000,24.7089580078125,0.25672852993011475,0.2551306486129761,0.11331742256879807
1771525755764960800,24.718960693359374,0.1832253485918045,0.3776359558105469,0.3455449044704437
1771525755774963200,24.728963134765625,0.041545283049345016,0.43942126631736755,0.3753722608089447
1771525755784966000,24.7389658203125,-0.10226531326770782,0.4223770201206207,0.2347574681043625
1771525755794968300,24.74896826171875,-0.19174745678901672,0.32650330662727356,-0.02197106182575226
1771525755804971000,24.758970947265624,-0.20879167318344116,0.1826927214860916,-0.28615644574165344
1771525755814973400,24.768973388671874,-0.15339796245098114,0.005858949851244688,-0.4395544230937958
1771525755824976100,24.77897607421875,-0.058589499443769455,-0.1645832359790802,-0.4619249403476715
1771525755834978600,24.788978515625,0.010652636177837849,-0.2721748650074005,-0.37883439660072327
1771525755844981200,24.798981201171873,0.026631591841578484,-0.3009369671344757,-0.22863221168518066
1771525755854983700,24.808983642578124,-0.013848427683115005,-0.27963170409202576,-0.06351634114980698
1771525755884991200,24.8389912109375,-0.24714116752147675,-0.12197268754243851,0.27949854731559753
1771525755894994000,24.848993896484377,-0.27909907698631287,-0.14221268892288208,0.31145647168159485
1771525755904996400,24.858996337890623,-0.2780338227748871,-0.17310534417629242,0.30613014101982117
1771525755914999000,24.8689990234375,-0.2620548605918884,-0.1826927214860916,0.2773680090904236
1771525755925001500,24.87900146484375,-0.21944430470466614,-0.17630113661289215,0.2518016993999481
1771525755935004200,24.889004150390626,-0.16192007064819336,-0.14753901958465576,0.25499749183654785
1771525755945006600,24.899006591796876,-0.11504847556352615,-0.09534109383821487,0.27417221665382385
1771525755955009300,24.90900927734375,-0.08522108942270279,-0.046338967978954315,0.2720417082309723
1771525755965011700,24.91901171875,-0.0703074038028717,-0.00798947736620903,0.2518016993999481
1771525755975014400,24.929014404296876,-0.0564589723944664,0.021837905049324036,0.23262694478034973
1771525755985016800,24.939016845703126,-0.05113265663385391,0.046338967978954315,0.21132168173789978
1771525755995019500,24.94901953125,-0.045806337147951126,0.06870950758457184,0.1868206113576889
1771525756005022000,24.95902197265625,-0.02876211889088154,0.054861076176166534,0.1772332340478897
1771525756015024600,24.969024658203125,-0.0010652636410668492,0.0037284228019416332,0.1772332340478897
1771525756025027000,24.979027099609375,0.025566328316926956,-0.07829687744379044,0.1910816729068756
1771525756035029500,24.989029541015626,0.034088436514139175,-0.15819165110588074,0.2102564126253128
1771525756045032200,24.9990322265625,0.029827382415533066,-0.21891167759895325,0.219843789935112
1771525756055034600,25.00903466796875,0.01597895473241806,-0.23915168642997742,0.2432795912027359
1771525756065037300,25.019037353515625,0.004261054564267397,-0.24234747886657715,0.2805638015270233
1771525756075039700,25.029039794921875,0.004261054564267397,-0.22849905490875244,0.294412225484848
1771525756085042400,25.03904248046875,0.0010652636410668492,-0.19014956057071686,0.3008038103580475
1771525756095044900,25.049044921875,-0.004261054564267397,-0.16351796686649323,0.28908592462539673
1771525756105047600,25.059047607421874,-0.010652636177837849,-0.15393058955669403,0.26032379269599915
1771525756115050000,25.069050048828124,-0.022370535880327225,-0.17310534417629242,0.21345220506191254
1771525756125052700,25.079052734375,-0.03515370190143585,-0.23276010155677795,0.16445007920265198
1771525756135055000,25.08905517578125,-0.03195790946483612,-0.3062632977962494,0.1452753245830536
1771525756145057800,25.099057861328124,-0.005326318088918924,-0.3712443709373474,0.17190691828727722
1771525756155060200,25.109060302734374,0.034088436514139175,-0.44368231296539307,0.20706062018871307
1771525756165063000,25.11906298828125,0.09374319761991501,-0.5278381109237671,0.23795326054096222
1771525756175065300,25.1290654296875,0.17470324039459229,-0.5949497222900391,0.24221432209014893
1771525756185068000,25.139068115234377,0.2205095738172531,-0.6428865790367126,0.1676458716392517
1771525756195070500,25.149070556640623,0.1928127259016037,-0.6727139949798584,0.005725792143493891
1771525756205073000,25.159072998046874,0.10546109825372696,-0.7014760971069336,-0.19987009465694427
1771525756215075600,25.16907568359375,-0.010652636177837849,-0.7259771823883057,-0.3777691125869751
1771525756225078000,25.179078125,-0.11504847556352615,-0.7430213689804077,-0.4427502155303955
1771525756235080700,25.189080810546876,-0.17150744795799255,-0.7376950979232788,-0.36072489619255066
1771525756245083100,25.199083251953127,-0.1928127259016037,-0.6567350625991821,-0.14554163813591003
1771525756255085800,25.2090859375,-0.20346535742282867,-0.5161202549934387,0.08029424399137497
1771525756265088300,25.219088134765624,-0.21305273473262787,-0.3712443709373474,0.18575534224510193
1771525756275091000,25.229091064453126,-0.24074958264827728,-0.2636527419090271,0.14314480125904083
1771525756285093400,25.23909326171875,-0.2577938139438629,-0.19867166876792908,0.007856319658458233
1771525756295096000,25.249095947265626,-0.2620548605918884,-0.20293273031711578,-0.18708692491054535
1771525756305098500,25.259098388671877,-0.23861905932426453,-0.3062632977962494,-0.4139880836009979
1771525756315101200,25.26910107421875,-0.20133483409881592,-0.4383559823036194,-0.5982787013053894
1771525756325103600,25.279103515625,-0.17470324039459229,-0.5161202549934387,-0.6621944904327393
1771525756335106300,25.289106201171876,-0.1693769246339798,-0.5193160176277161,-0.6355628967285156
1771525756345108700,25.299108642578126,-0.18002955615520477,-0.4852275848388672,-0.5215796828269958
1771525756355111200,25.309111083984376,-0.19387798011302948,-0.43409493565559387,-0.3575291037559509
1771525756365113900,25.31911376953125,-0.20879167318344116,-0.3818970024585724,-0.19987009465694427
1771525756385119000,25.339118896484376,-0.23435799777507782,-0.29028433561325073,0.061119500547647476
1771525756395121400,25.349121337890626,-0.23329274356365204,-0.2998717129230499,0.11970899999141693
1771525756405124000,25.3591240234375,-0.20985694229602814,-0.35100436210632324,0.13888375461101532
1771525756415126500,25.36912646484375,-0.1789642870426178,-0.38722333312034607,0.16125428676605225
1771525756425129200,25.379129150390625,-0.15126743912696838,-0.38402754068374634,0.19853851199150085
1771525756435131600,25.389131591796875,-0.13741901516914368,-0.3520696461200714,0.2390185296535492
1771525756445134300,25.39913427734375,-0.13528847694396973,-0.3147853910923004,0.2805638015270233
1771525756455136800,25.40913671875,-0.1502021700143814,-0.2540653645992279,0.3135869801044464
1771525756465139500,25.419139404296875,-0.17470324039459229,-0.18908429145812988,0.3327617347240448
1771525756475142000,25.429141845703125,-0.188551664352417,-0.1358211189508438,0.331696480512619
1771525756485144600,25.43914453125,-0.19387798011302948,-0.07616634666919708,0.3103911876678467
1771525756495147000,25.44914697265625,-0.1789642870426178,-0.021837905049324036,0.26458486914634705
1771525756505149700,25.459149658203124,-0.13954953849315643,-0.009054740890860558,0.18895113468170166
1771525756515152100,25.469152099609374,-0.07882951200008392,-0.021837905049324036,0.0930774137377739
1771525756525154600,25.479154541015625,-0.008522109128534794,-0.04314317926764488,0.020639482885599136
1771525756535157200,25.4891572265625,0.06817687302827835,-0.09214530140161514,-0.035819489508867264
1771525756545159700,25.49915966796875,0.1416800618171692,-0.13475584983825684,-0.08269108831882477
1771525756555162400,25.509162353515624,0.20133483409881592,-0.15393058955669403,-0.0997353047132492
1771525756565164800,25.519164794921874,0.24607589840888977,-0.14860427379608154,-0.06777740269899368
1771525756575167500,25.52916748046875,0.26951169967651367,-0.1272990107536316,-0.013448953628540039
1771525756585170000,25.539169921875,0.2631201148033142,-0.07829687744379044,0.04194475710391998
1771525756595172600,25.549172607421873,0.23435799777507782,-0.002663159044459462,0.11331742256879807
1771525756605175000,25.559175048828124,0.18535587191581726,0.0751010850071907,0.15699322521686554
1771525756615177700,25.569177734375,0.12463584542274475,0.1411474347114563,0.1442100703716278
1771525756625180200,25.57918017578125,0.05752423778176308,0.20293273031711578,0.0930774137377739
1771525756645185300,25.599185302734377,-0.02769685536623001,0.33715593814849854,-0.009187898598611355
1771525756655188000,25.60918798828125,-0.030892645940184593,0.38296228647232056,-0.04966791719198227
1771525756665190400,25.6191904296875,-0.022370535880327225,0.38722333312034607,-0.14021532237529755
1771525756675192800,25.62919287109375,-0.013848427683115005,0.343547523021698,-0.28509119153022766
1771525756685195500,25.639195556640626,-0.018109481781721115,0.2263685166835785,-0.466185986995697
1771525756695198000,25.649197998046876,-0.02024000883102417,0.02396843209862709,-0.692021906375885
1771525756705200600,25.65920068359375,-0.009587372653186321,-0.18056218326091766,-0.8518114686012268
1771525756715203000,25.669203125,0.009587372653186321,-0.34567806124687195,-0.8795083165168762
1771525756725205800,25.679205810546875,0.026631591841578484,-0.4426170289516449,-0.7772429585456848
1771525756735208200,25.689208251953126,0.017044218257069588,-0.43516018986701965,-0.5471460223197937
1771525756745211000,25.6992109375,-0.01597895473241806,-0.31372013688087463,-0.24461115896701813
1771525756755213300,25.70921337890625,-0.05752423778176308,-0.11451584100723267,0.040879491716623306
1771525756765216000,25.719216064453125,-0.10759162902832031,0.10705899447202682,0.24114905297756195
1771525756775218400,25.729218505859375,-0.1832253485918045,0.3094590902328491,0.3221091032028198
1771525756785221000,25.73922119140625,-0.24820642173290253,0.46711811423301697,0.28375959396362305
1771525756795223600,25.7492236328125,-0.2822948694229126,0.5736444592475891,0.15592797100543976
1771525756805226200,25.759226318359374,-0.26525065302848816,0.586427628993988,-0.07203845679759979
1771525756815228700,25.769228759765625,-0.2066611498594284,0.4852275848388672,-0.34687647223472595
1771525756825231400,25.7792314453125,-0.11185268312692642,0.28815382719039917,-0.5620597004890442
1771525756835233800,25.78923388671875,-0.017044218257069588,0.02396843209862709,-0.6909566521644592
1771525756845236500,25.799236572265624,0.054328445345163345,-0.23915168642997742,-0.7080008387565613
1771525756855239200,25.8092392578125,0.07456845790147781,-0.4191812574863434,-0.5929523706436157
1771525756865241600,25.81924169921875,0.03728422895073891,-0.49268442392349243,-0.37883439660072327
1771525756875244300,25.829244384765627,-0.046871598809957504,-0.46711811423301697,-0.13595427572727203
1771525756885247000,25.8392470703125,-0.14274533092975616,-0.3808317482471466,0.09201214462518692
1771525756895249400,25.84924951171875,-0.21411798894405365,-0.287088543176651,0.2581932842731476
1771525756905252000,25.859252197265626,-0.24714116752147675,-0.18588849902153015,0.36365437507629395
1771525756915254800,25.8692548828125,-0.24820642173290253,-0.09001477807760239,0.39667755365371704
1771525756925257200,25.87925732421875,-0.2162485122680664,-0.0037284228019416332,0.3647196292877197
1771525756935260000,25.889260009765625,-0.15126743912696838,0.05699160322546959,0.33595752716064453
1771525756945262600,25.8992626953125,-0.07456845790147781,0.0708400309085846,0.30186909437179565
1771525756955265000,25.90926513671875,-0.02024000883102417,0.061252661049366,0.2624543309211731
1771525756965267700,25.919267822265624,-0.0074568456038832664,0.046338967978954315,0.20812588930130005
1771525756975270400,25.9292705078125,-0.025566328316926956,0.025033695623278618,0.16445007920265198
1771525756985272800,25.93927294921875,-0.0564589723944664,0.004793686326593161,0.13249216973781586
1771525756995275500,25.949275634765623,-0.08841688185930252,0.0282294861972332,0.13355742394924164
1771525757005278200,25.9592783203125,-0.1033305749297142,0.08681898564100266,0.16231954097747803
1771525757015280600,25.96928076171875,-0.08415582776069641,0.11984215676784515,0.18895113468170166
1771525757025283300,25.979283447265626,-0.06072002649307251,0.14860427379608154,0.18362481892108917
1771525757035286000,25.9892861328125,-0.03621896356344223,0.16564849019050598,0.17829850316047668
1771525757045288400,25.999288330078127,0.0031957910396158695,0.16138744354248047,0.19960378110408783
1771525757055291100,26.009291015625,0.061785291880369186,0.154995858669281,0.23582273721694946
1771525757065293800,26.0192939453125,0.12144005298614502,0.14221268892288208,0.3135869801044464
1771525757075296300,26.029296142578126,0.15659375488758087,0.1645832359790802,0.37750279903411865
1771525757085299000,26.039298828125,0.15765902400016785,0.19547587633132935,0.37643754482269287
1771525757095301600,26.049301513671875,0.1406148076057434,0.21997694671154022,0.3008038103580475
1771525757105304000,26.059303955078125,0.10972215235233307,0.221042200922966,0.19427745044231415
1771525757115306800,26.069306640625,0.08202529698610306,0.20399798452854156,0.0834900364279747
1771525757125309200,26.07930908203125,0.06285055726766586,0.17949692904949188,0.004660528618842363
1771525757135312000,26.089311767578124,0.04900212585926056,0.15180006623268127,-0.027297381311655045
1771525757145314300,26.099314208984374,0.046871598809957504,0.11984215676784515,-0.04434159770607948
1771525757155317000,26.10931689453125,0.0564589723944664,0.11238531768321991,-0.03688475489616394
1771525757165319400,26.1193193359375,0.09161267429590225,0.12090742588043213,-0.012383690103888512
1771525757175322000,26.129322021484374,0.11930952966213226,0.12942953407764435,-0.047537390142679214
1771525757185324500,26.139324462890624,0.10759162902832031,0.15606112778186798,-0.21478378772735596
1771525757195327200,26.1493271484375,0.046871598809957504,0.21465063095092773,-0.4246407151222229
1771525757205329700,26.15932958984375,-0.03728422895073891,0.22956430912017822,-0.6131923794746399
1771525757215332400,26.169332275390627,-0.09267793595790863,0.1645832359790802,-0.6621944904327393
1771525757225334800,26.179334716796873,-0.0990695208311081,0.03994738683104515,-0.5237102508544922
1771525757235337200,26.189337158203124,-0.0564589723944664,-0.10173267871141434,-0.2265016883611679
1771525757245340000,26.19933984375,-0.005326318088918924,-0.1699095517396927,0.18575534224510193
1771525757255342300,26.20934228515625,-0.005326318088918924,-0.12090742588043213,0.5213133692741394
1771525757265345000,26.219344970703126,-0.07243792712688446,-0.0037284228019416332,0.6352965831756592
1771525757275347500,26.229347412109377,-0.18642114102840424,0.13475584983825684,0.5703155398368835
1771525757285350100,26.23935009765625,-0.30786117911338806,0.2444780021905899,0.34874069690704346
1771525757295352600,26.2493525390625,-0.3813643753528595,0.26684853434562683,0.03129211813211441
1771525757305355300,26.259355224609376,-0.36005911231040955,0.20080219209194183,-0.24674169719219208
1771525757315357700,26.269357666015626,-0.26525065302848816,0.09108003973960876,-0.37137752771377563
1771525757325360400,26.2793603515625,-0.17150744795799255,0.010120004415512085,-0.3596596419811249
1771525757335362800,26.28936279296875,-0.1310274302959442,-0.053795814514160156,-0.31811434030532837
1771525757345365500,26.299365478515625,-0.14700637757778168,-0.07829687744379044,-0.25739431381225586
1771525757355368000,26.309367919921876,-0.20133483409881592,-0.06338318437337875,-0.17110797762870789
1771525757365370600,26.31937060546875,-0.2673811614513397,-0.03249054029583931,-0.07097318768501282
1771525757375373000,26.329373046875,-0.3163833022117615,-0.022903168573975563,0.05153212696313858
1771525757385375500,26.33937548828125,-0.33662331104278564,-0.046338967978954315,0.16977639496326447
1771525757405380600,26.359380615234375,-0.32277488708496094,-0.12410321086645126,0.28269433975219727
1771525757415383300,26.36938330078125,-0.2972085475921631,-0.14966954290866852,0.29760801792144775
1771525757425385700,26.3793857421875,-0.25140222907066345,-0.18588849902153015,0.30293434858322144
1771525757435388400,26.389388427734374,-0.20559588074684143,-0.21997694671154022,0.3008038103580475
1771525757445390800,26.399390869140625,-0.1651158630847931,-0.23382537066936493,0.294412225484848
1771525757455393500,26.4093935546875,-0.1310274302959442,-0.24234747886657715,0.29334697127342224
1771525757465396000,26.41939599609375,-0.10652636736631393,-0.2402169555425644,0.28908592462539673
1771525757475398700,26.429398681640624,-0.0990695208311081,-0.22210747003555298,0.2869553864002228
1771525757485401000,26.439401123046874,-0.09161267429590225,-0.19014956057071686,0.28375959396362305
1771525757495403800,26.44940380859375,-0.07456845790147781,-0.15180006623268127,0.2912164330482483
1771525757505406200,26.45940625,-0.04793686419725418,-0.12623374164104462,0.275237500667572
1771525757515409000,26.469408935546873,-0.004261054564267397,-0.1368863731622696,0.22197431325912476
1771525757525411300,26.479411376953124,0.058589499443769455,-0.18588849902153015,0.15486270189285278
1771525757535414000,26.4894140625,0.122505322098732,-0.2487390637397766,0.06964161247015
1771525757545416400,26.49941650390625,0.17576849460601807,-0.29348012804985046,-0.027297381311655045
1771525757555419000,26.5094189453125,0.22264009714126587,-0.2828274965286255,-0.09440898895263672
1771525757565421600,26.519421630859377,0.2620548605918884,-0.20506325364112854,-0.10825742036104202
1771525757575424000,26.529424072265623,0.30360013246536255,-0.10173267871141434,-0.09867004305124283
1771525757585426700,26.5394267578125,0.3419496417045593,-0.017576850950717926,-0.0997353047132492
1771525757595429000,26.54942919921875,0.35899385809898376,0.05592634156346321,-0.1093226820230484
1771525757605431800,26.559431884765626,0.3440801501274109,0.0942758321762085,-0.11464899778366089
1771525757615434200,26.569434326171876,0.30253487825393677,0.09747162461280823,-0.12743216753005981
1771525757625437000,26.57943701171875,0.2311622053384781,0.08362319320440292,-0.15939007699489594
1771525757645442000,26.599442138671876,0.06498108059167862,0.12623374164104462,-0.18602167069911957
1771525757655444500,26.609444580078126,0.034088436514139175,0.18162745237350464,-0.13915006816387177
1771525757665447200,26.619447265625,0.06072002649307251,0.20506325364112854,-0.02516685426235199
1771525757675449600,26.62944970703125,0.09480846673250198,0.23808641731739044,0.12503531575202942
1771525757685452300,26.639452392578125,0.10226531326770782,0.25726115703582764,0.20919114351272583
1771525757695454700,26.649454833984375,0.08096003532409668,0.221042200922966,0.15699322521686554
1771525757705457400,26.65945751953125,0.046871598809957504,0.0985368862748146,-0.05392897129058838
1771525757715459800,26.6694599609375,0.04474107176065445,-0.09108003973960876,-0.3575291037559509
1771525757725462300,26.679462158203126,0.10120004415512085,-0.3009369671344757,-0.6174534559249878
1771525757735465000,26.68946484375,0.2162485122680664,-0.49588021636009216,-0.7271755933761597
1771525757745467400,26.69946728515625,0.3334275186061859,-0.5906887054443359,-0.6632598042488098
1771525757755470000,26.709469970703125,0.4037349224090576,-0.510793924331665,-0.4139880836009979
1771525757765472500,26.719472412109376,0.4037349224090576,-0.26045694947242737,-0.09014793485403061
1771525757775475200,26.72947509765625,0.33555805683135986,0.06444845348596573,0.14314480125904083
1771525757785477600,26.7394775390625,0.21305273473262787,0.35952648520469666,0.2336922138929367
1771525757795480300,26.749480224609375,0.07882951200008392,0.5480781197547913,0.1676458716392517
1771525757805482800,26.759482666015625,-0.023435799404978752,0.65353924036026,-0.02516685426235199
1771525757815485400,26.7694853515625,-0.06924213469028473,0.6588655710220337,-0.25313326716423035
1771525757825488000,26.77948779296875,-0.0564589723944664,0.5395560264587402,-0.4523375630378723
1771525757835490600,26.789490478515624,-0.0010652636410668492,0.34567806124687195,-0.5801692008972168
1771525757845493000,26.799492919921875,0.05326318368315697,0.10492847114801407,-0.6366282105445862
1771525757855495700,26.80949560546875,0.0894821435213089,-0.14327795803546906,-0.5929523706436157
1771525757865498000,26.819498046875,0.09480846673250198,-0.34567806124687195,-0.466185986995697
1771525757885503200,26.839503173828124,-0.026631591841578484,-0.49055391550064087,-0.10293109714984894
1771525757895505700,26.849505615234374,-0.1310274302959442,-0.43942126631736755,0.04727107286453247
1771525757905508400,26.85950830078125,-0.21731378138065338,-0.3446127772331238,0.15166690945625305
1771525757915510800,26.8695107421875,-0.25566327571868896,-0.22423799335956573,0.21345220506191254
1771525757925513500,26.879513427734373,-0.245010644197464,-0.10599373281002045,0.2347574681043625
1771525757935516000,26.889515869140624,-0.20133483409881592,-0.01651158556342125,0.21664799749851227
1771525757945518600,26.8995185546875,-0.12889690697193146,0.027164222672581673,0.19427745044231415
1771525757955521000,26.90952099609375,-0.0564589723944664,0.03249054029583931,0.19427745044231415
1771525757965523700,26.919523681640626,-0.0074568456038832664,0.01438105944544077,0.19001640379428864
1771525757975526100,26.929526123046877,0.017044218257069588,-0.01651158556342125,0.17403744161128998
1771525757985528800,26.93952880859375,0.02450106292963028,-0.053795814514160156,0.15060164034366608
1771525757995531300,26.94953125,0.03195790946483612,-0.06764423847198486,0.12503531575202942
1771525758005534000,26.959533935546876,0.04900212585926056,-0.053795814514160156,0.12503531575202942
1771525758015536400,26.969536376953126,0.08415582776069641,-0.034621067345142365,0.14314480125904083
1771525758025539000,26.9795390625,0.11930952966213226,-0.022903168573975563,0.1495363861322403
1771525758035541500,26.98954150390625,0.14913691580295563,-0.00798947736620903,0.13249216973781586
1771525758045544000,26.9995439453125,0.1736379712820053,0.004793686326593161,0.11544794589281082
1771525758055546600,27.009546630859376,0.19494324922561646,0.0037284228019416332,0.10373004525899887
1771525758065549000,27.019549072265626,0.21731378138065338,-0.002663159044459462,0.1069258376955986
1771525758075551700,27.0295517578125,0.22370536625385284,-0.018642114475369453,0.09840372949838638
1771525758085554200,27.03955419921875,0.23222747445106506,-0.053795814514160156,0.10586057603359222
1771525758095556900,27.049556884765625,0.24181485176086426,-0.09640636295080185,0.1356879621744156
1771525758105559300,27.059559326171875,0.24714116752147675,-0.14221268892288208,0.16551533341407776
1771525758115562000,27.06956201171875,0.24607589840888977,-0.15712638199329376,0.17510271072387695
1771525758125564400,27.079564453125,0.23861905932426453,-0.15606112778186798,0.1729721873998642
1771525758135567000,27.089567138671875,0.22477063536643982,-0.14753901958465576,0.1442100703716278
1771525758145569500,27.099569580078125,0.20453062653541565,-0.12410321086645126,0.10586057603359222
1771525758155572200,27.109572265625,0.17470324039459229,-0.09321057051420212,0.09414267539978027
1771525758165574700,27.11957470703125,0.1406148076057434,-0.06764423847198486,0.10159952193498611
1771525758175577300,27.129577392578124,0.11930952966213226,-0.0942758321762085,0.14634059369564056
1771525758185579800,27.139579833984374,0.11717899888753891,-0.15286533534526825,0.21345220506191254
1771525758195582200,27.149582275390625,0.1267663687467575,-0.2402169555425644,0.27417221665382385
1771525758205585000,27.1595849609375,0.1502021700143814,-0.36378753185272217,0.3082606792449951
1771525758215587300,27.16958740234375,0.19920429587364197,-0.4788359999656677,0.28908592462539673
1771525758225590000,27.179590087890624,0.245010644197464,-0.5566002726554871,0.1921469271183014
1771525758235592400,27.189592529296874,0.2620548605918884,-0.6290381550788879,0.001464737462811172
1771525758245595100,27.19959521484375,0.24074958264827728,-0.683366596698761,-0.24674169719219208
1771525758255597600,27.20959765625,0.18216007947921753,-0.6769750714302063,-0.4161186218261719
1771525758265600300,27.219600341796873,0.11930952966213226,-0.6492781639099121,-0.42677125334739685
1771525758285605400,27.23960546875,0.04048001766204834,-0.5118591785430908,-0.06458161026239395
1771525758295607800,27.24960791015625,-0.046871598809957504,-0.2498043179512024,0.1452753245830536
1771525758305610500,27.259610595703126,-0.14487585425376892,-0.020772641524672508,0.18575534224510193
1771525758315613000,27.269613037109377,-0.23648852109909058,0.12516847252845764,0.0930774137377739
1771525758325615600,27.27961572265625,-0.30360013246536255,0.17097482085227966,-0.09867004305124283
1771525758335618000,27.2896181640625,-0.32277488708496094,0.11238531768321991,-0.325571209192276
1771525758345620700,27.299620849609376,-0.3004043400287628,-0.03249054029583931,-0.5322323441505432
1771525758355623200,27.309623046875,-0.2492716908454895,-0.23808641731739044,-0.6898913383483887
1771525758365625600,27.31962548828125,-0.1970737725496292,-0.4245075583457947,-0.7580682635307312
1771525758375628300,27.329628173828127,-0.1789642870426178,-0.4980107545852661,-0.713327169418335
1771525758385630700,27.339630615234373,-0.20453062653541565,-0.4511391520500183,-0.579103946685791
1771525758395633400,27.34963330078125,-0.2492716908454895,-0.35526543855667114,-0.4054659605026245
1771525758405635800,27.3596357421875,-0.30360013246536255,-0.26684853434562683,-0.23928484320640564
1771525758425641000,27.379640869140626,-0.4005391299724579,-0.21571588516235352,-0.0997353047132492
1771525758435643600,27.3896435546875,-0.40799596905708313,-0.2583264410495758,-0.0954742506146431
1771525758445646000,27.39964599609375,-0.40266966819763184,-0.3147853910923004,-0.11997532099485397
1771525758455648800,27.409648681640626,-0.38242965936660767,-0.335025429725647,-0.13169321417808533
1771525758465651200,27.419651123046876,-0.35047173500061035,-0.32650330662727356,-0.06564687192440033
1771525758475654000,27.42965380859375,-0.309991717338562,-0.2956106662750244,0.02383527345955372
1771525758485656300,27.43965625,-0.27057695388793945,-0.2498043179512024,0.09627319872379303
1771525758495659000,27.449658935546875,-0.24394537508487701,-0.19228008389472961,0.163384810090065
1771525758505661400,27.459661376953125,-0.21092219650745392,-0.16564849019050598,0.23795326054096222
1771525758515664100,27.4696640625,-0.17576849460601807,-0.17949692904949188,0.29334697127342224
1771525758525666600,27.47966650390625,-0.15872427821159363,-0.21358536183834076,0.3466101586818695
1771525758535669000,27.4896689453125,-0.16831165552139282,-0.21997694671154022,0.4041343927383423
1771525758545671700,27.499671630859375,-0.17789903283119202,-0.19973693788051605,0.46272388100624084
1771525758555674000,27.509674072265625,-0.15446323156356812,-0.19014956057071686,0.49574705958366394
1771525758565676800,27.5196767578125,-0.11078742146492004,-0.1688442826271057,0.5117260217666626
1771525758575679200,27.52967919921875,-0.066046342253685,-0.12090742588043213,0.5053344368934631
1771525758585682000,27.539681884765624,-0.018109481781721115,-0.08362319320440292,0.4680502116680145
1771525758595684400,27.549684326171874,0.041545283049345016,-0.029294749721884727,0.44887545704841614
1771525758605687000,27.55968701171875,0.09480846673250198,0.026098959147930145,0.4914860129356384
1771525758615689500,27.569689453125,0.13209268450737,0.050600022077560425,0.5319660305976868
1771525758625692200,27.579692138671874,0.13954953849315643,0.053795814514160156,0.5245091915130615
1771525758645697300,27.599697265625,0.0990695208311081,0.07829687744379044,0.37750279903411865
1771525758655699700,27.60969970703125,0.08415582776069641,0.07829687744379044,0.22090904414653778
1771525758665702400,27.619702392578127,0.09054741263389587,0.05592634156346321,0.045140545815229416
1771525758675704800,27.629704833984373,0.11185268312692642,0.026098959147930145,-0.06990792602300644
1771525758685707300,27.639707275390624,0.15446323156356812,-0.010120004415512085,-0.06351634114980698
1771525758695710000,27.6497099609375,0.1928127259016037,-0.025033695623278618,0.09946899116039276
1771525758705712400,27.65971240234375,0.16831165552139282,0.01225053146481514,0.3189133107662201
1771525758715715000,27.669715087890626,0.06817687302827835,0.09321057051420212,0.46272388100624084
1771525758725717500,27.679717529296877,-0.05965476483106613,0.1358211189508438,0.42437440156936646
1771525758735720200,27.68972021484375,-0.1502021700143814,0.11664637178182602,0.16977639496326447
1771525758745722600,27.69972265625,-0.16192007064819336,0.04101264849305153,-0.1657816469669342
1771525758755725300,27.709725341796876,-0.09693899005651474,-0.03249054029583931,-0.4853607416152954
1771525758765727700,27.719727783203126,0.026631591841578484,-0.050600022077560425,-0.6664555668830872
1771525758775730400,27.72973046875,0.18961693346500397,-0.022903168573975563,-0.6930871605873108
1771525758785732900,27.73973291015625,0.35153698921203613,0.06444845348596573,-0.5844302773475647
1771525758795735600,27.749735595703125,0.43995389342308044,0.19547587633132935,-0.3735080659389496
1771525758805738000,27.759738037109376,0.4239749312400818,0.31798118352890015,-0.1892174482345581
1771525758815740700,27.76974072265625,0.3110569715499878,0.408528596162796,-0.07736477255821228
1771525758825743000,27.7797431640625,0.1406148076057434,0.46285703778266907,-0.07416898012161255
1771525758835745800,27.789745849609375,-0.0031957910396158695,0.4554001986980438,-0.1700427085161209
1771525758845748200,27.799748291015625,-0.06498108059167862,0.4010717570781708,-0.2872216999530792
1771525758855750700,27.809750732421875,-0.061785291880369186,0.335025429725647,-0.3884217441082001
1771525758865753300,27.81975341796875,-0.023435799404978752,0.2636527419090271,-0.46831652522087097
1771525758875755800,27.829755859375,0.013848427683115005,0.1688442826271057,-0.5151881575584412
1771525758885758500,27.839758544921875,0.03941475600004196,0.0015978955198079348,-0.5215796828269958
1771525758895761000,27.849760986328125,0.03728422895073891,-0.19973693788051605,-0.4800344407558441
1771525758905763600,27.859763671875,-0.005326318088918924,-0.37337490916252136,-0.40866175293922424
1771525758915766000,27.86976611328125,-0.08309056609869003,-0.4511391520500183,-0.3021354079246521
1771525758925768700,27.879768798828124,-0.16085481643676758,-0.4149201810359955,-0.14554163813591003
1771525758935771100,27.889771240234374,-0.21837905049324036,-0.297741174697876,0.0504668653011322
1771525758945773800,27.89977392578125,-0.25246748328208923,-0.14327795803546906,0.23795326054096222
1771525758955776300,27.9097763671875,-0.2684464454650879,-0.005858949851244688,0.35406699776649475
1771525758965779000,27.919779052734373,-0.26525065302848816,0.07190529257059097,0.3977428078651428
1771525758975781400,27.929781494140624,-0.24714116752147675,0.09960214793682098,0.39667755365371704
1771525758985784000,27.9397841796875,-0.22903168201446533,0.08149266988039017,0.3561975359916687
1771525758995786500,27.949786376953124,-0.2066611498594284,0.01970737800002098,0.275237500667572
1771525759005789000,27.959788818359375,-0.17683376371860504,-0.04420844092965126,0.17084164917469025
1771525759015791600,27.96979150390625,-0.14274533092975616,-0.07403582334518433,0.1069258376955986
1771525759025794000,27.9797939453125,-0.10972215235233307,-0.058056868612766266,0.09946899116039276
1771525759035796700,27.989796630859374,-0.08415582776069641,-0.017576850950717926,0.11118689179420471
1771525759045799200,27.999799072265624,-0.05539371073246002,0.025033695623278618,0.14314480125904083
1771525759055801900,28.0098017578125,-0.021305272355675697,0.04846949502825737,0.19853851199150085
1771525759065804300,28.01980419921875,0.0074568456038832664,0.03249054029583931,0.21345220506191254
1771525759075807000,28.029806884765627,0.0330231711268425,-0.025033695623278618,0.18575534224510193
1771525759085809400,28.039809326171873,0.05965476483106613,-0.09534109383821487,0.14847111701965332
1771525759095812000,28.04981201171875,0.09161267429590225,-0.12942953407764435,0.1495363861322403
1771525759105814500,28.059814453125,0.11824426054954529,-0.1272990107536316,0.17190691828727722
1771525759115817200,28.069817138671876,0.1363537460565567,-0.09960214793682098,0.16445007920265198
1771525759125819600,28.079819580078127,0.12889690697193146,-0.054861076176166534,0.1303616315126419
1771525759135822300,28.089822265625,0.10546109825372696,-0.005858949851244688,0.09094688296318054
1771525759145824800,28.09982470703125,0.0798947736620903,0.037816859781742096,0.09201214462518692
1771525759155827500,28.109827392578126,0.07776424288749695,0.04527370631694794,0.11970899999141693
1771525759165830000,28.119829833984376,0.09374319761991501,0.015446322970092297,0.16231954097747803
1771525759175832300,28.129832275390626,0.12037479132413864,-0.025033695623278618,0.19321219623088837
1771525759185835000,28.1398349609375,0.14274533092975616,-0.07616634666919708,0.20919114351272583
1771525759195837400,28.14983740234375,0.1693769246339798,-0.15180006623268127,0.21132168173789978
1771525759205840100,28.159840087890625,0.2077264040708542,-0.25726115703582764,0.21877852082252502
1771525759215842600,28.169842529296876,0.25246748328208923,-0.3520696461200714,0.22836589813232422
1771525759225845200,28.17984521484375,0.27909907698631287,-0.4330296814441681,0.19960378110408783
1771525759235847700,28.18984765625,0.253532737493515,-0.5150549411773682,0.07283740490674973
1771525759245850400,28.199850341796875,0.1832253485918045,-0.586427628993988,-0.0997353047132492
1771525759255852800,28.209852783203125,0.12144005298614502,-0.6258423924446106,-0.20093534886837006
1771525759265855500,28.21985546875,0.0990695208311081,-0.6737792491912842,-0.1519332230091095
1771525759275858000,28.22985791015625,0.07669898122549057,-0.683366596698761,-0.024101590737700462
1771525759285860600,28.239860595703124,0.013848427683115005,-0.5651223659515381,0.11438268423080444
1771525759295863000,28.249863037109375,-0.10120004415512085,-0.31372013688087463,0.19747324287891388
1771525759305865700,28.25986572265625,-0.22264009714126587,-0.07723161578178406,0.16551533341407776
1771525759315868200,28.2698681640625,-0.3249054253101349,0.1038632020354271,0.0270310640335083
1771525759325870600,28.27987060546875,-0.3813643753528595,0.19654114544391632,-0.15939007699489594
1771525759335873300,28.289873291015624,-0.38242965936660767,0.16671375930309296,-0.35646384954452515
1771525759345875700,28.299875732421874,-0.3334275186061859,0.03994738683104515,-0.54927659034729
1771525759355878400,28.30987841796875,-0.24288010597229004,-0.15606112778186798,-0.6621944904327393
1771525759365880800,28.319880859375,-0.15659375488758087,-0.3201117217540741,-0.6781734824180603
1771525759375883500,28.329883544921874,-0.11504847556352615,-0.38402754068374634,-0.6195839643478394
1771525759385886000,28.339885986328124,-0.13209268450737,-0.34141698479652405,-0.5087965726852417
1771525759395888600,28.349888671875,-0.17044217884540558,-0.25086960196495056,-0.38096490502357483
1771525759405891000,28.35989111328125,-0.20133483409881592,-0.1592569202184677,-0.24887222051620483
1771525759415893800,28.369893798828127,-0.2258358895778656,-0.07829687744379044,-0.11677952855825424
1771525759425896200,28.379896240234373,-0.2396843135356903,-0.01970737800002098,-0.026232117787003517
1771525759435899000,28.38989892578125,-0.2300969511270523,-0.020772641524672508,-0.0006657897611148655
1771525759445901300,28.3999013671875,-0.20346535742282867,-0.06764423847198486,-0.008122635073959827
1771525759455904000,28.409904052734376,-0.16405059397220612,-0.13475584983825684,-0.027297381311655045
1771525759465906400,28.419906494140626,-0.12144005298614502,-0.20080219209194183,-0.03368896245956421
1771525759475909000,28.4299091796875,-0.09054741263389587,-0.2540653645992279,-0.043276336044073105
1771525759485911600,28.43991162109375,-0.08841688185930252,-0.25726115703582764,-0.03688475489616394
1771525759495914000,28.4499140625,-0.10865689069032669,-0.221042200922966,0.03874896466732025
1771525759505916700,28.459916748046876,-0.13954953849315643,-0.17204007506370544,0.1399490088224411
1771525759515919000,28.469919189453126,-0.1832253485918045,-0.12197268754243851,0.23262694478034973
1771525759525921800,28.479921875,-0.22477063536643982,-0.07403582334518433,0.3050648868083954
1771525759535924200,28.48992431640625,-0.2503369450569153,-0.03675159439444542,0.32637014985084534
1771525759545927000,28.499927001953125,-0.25140222907066345,-0.010120004415512085,0.3039996027946472
1771525759555929300,28.509929443359376,-0.22903168201446533,-0.0015978955198079348,0.24114905297756195
1771525759565931800,28.519931884765626,-0.1736379712820053,-0.01225053146481514,0.16445007920265198
1771525759575934200,28.529934326171876,-0.09587372839450836,-0.029294749721884727,0.10266478359699249
1771525759585937000,28.53993701171875,-0.0010652636410668492,-0.04740423336625099,0.09946899116039276
1771525759595939300,28.549939208984377,0.08522108942270279,-0.05273054912686348,0.12823110818862915
1771525759605941800,28.559941650390623,0.1416800618171692,-0.01970737800002098,0.18469008803367615
1771525759615944200,28.569944091796874,0.16298533976078033,0.020772641524672508,0.21345220506191254
1771525759625947000,28.57994677734375,0.1693769246339798,0.03568633273243904,0.1729721873998642
1771525759645951700,28.59995166015625,0.12570111453533173,0.1038632020354271,0.040879491716623306
1771525759655954400,28.609954345703127,0.10013478249311447,0.1368863731622696,-0.02516685426235199
1771525759665956900,28.619956787109373,0.1033305749297142,0.1454084813594818,-0.07203845679759979
1771525759675959300,28.629959228515624,0.13848426938056946,0.1411474347114563,-0.034754227846860886
1771525759685961700,28.639961669921874,0.17257271707057953,0.11025478690862656,0.02277000993490219
1771525759695964400,28.64996435546875,0.1693769246339798,0.08042740821838379,0.03555317223072052
1771525759705966800,28.659966796875,0.10972215235233307,0.03249054029583931,-0.047537390142679214
1771525759715969300,28.66996923828125,0.038349490612745285,-0.026098959147930145,-0.2414153665304184
1771525759725971700,28.6799716796875,-0.010652636177837849,-0.06444845348596573,-0.4810996949672699
1771525759735974400,28.689974365234374,0.004261054564267397,-0.08575372397899628,-0.6451503038406372
1771525759745976800,28.699976806640624,0.09161267429590225,-0.09747162461280823,-0.6344976425170898
1771525759755979300,28.709979248046874,0.20026956498622894,-0.08575372397899628,-0.5013396739959717
1771525759765981700,28.719981689453125,0.2620548605918884,-0.038882121443748474,-0.3213101327419281
1771525759775984400,28.729984375,0.25672852993011475,0.04314317926764488,-0.15086796879768372
1771525759785986800,28.73998681640625,0.188551664352417,0.14221268892288208,-0.005992108024656773
1771525759795989200,28.7499892578125,0.08309056609869003,0.20612850785255432,0.04727107286453247
1771525759805992000,28.759991943359374,-0.023435799404978752,0.21571588516235352,-0.024101590737700462
1771525759815994400,28.769994384765624,-0.11078742146492004,0.19547587633132935,-0.15406376123428345
1771525759825996800,28.779996826171875,-0.17044217884540558,0.1592569202184677,-0.27550381422042847
1771525759835999500,28.78999951171875,-0.1981390416622162,0.12303794920444489,-0.3585943877696991
1771525759846002000,28.800001953125,-0.1970737725496292,0.10066741704940796,-0.36605122685432434
1771525759856004600,28.810004638671874,-0.1651158630847931,0.04846949502825737,-0.2829606533050537
1771525759886012200,28.84001220703125,-0.16298533976078033,-0.22423799335956573,0.0025300011038780212
1771525759896014800,28.850014892578123,-0.21411798894405365,-0.24234747886657715,0.08881635963916779
1771525759906017300,28.860017333984374,-0.26098960638046265,-0.23702116310596466,0.15273217856884003
1771525759916019700,28.870019775390624,-0.2918822467327118,-0.19441060721874237,0.17829850316047668
1771525759926022400,28.8800224609375,-0.29827383160591125,-0.1081242561340332,0.18788588047027588
1771525759936024800,28.89002490234375,-0.27909907698631287,0.005858949851244688,0.2102564126253128
1771525759946027500,28.900027587890627,-0.23755379021167755,0.12836426496505737,0.2635195851325989
1771525759956030000,28.910030029296873,-0.19387798011302948,0.24128220975399017,0.3039996027946472
1771525759966033400,28.920033447265624,-0.15233269333839417,0.335025429725647,0.34874069690704346
1771525759976036000,28.9300361328125,-0.12357058376073837,0.3904191255569458,0.38602492213249207
1771525759996040200,28.950040283203126,-0.06498108059167862,0.3520696461200714,0.3647196292877197
1771525760006043000,28.96004296875,-0.026631591841578484,0.2817622423171997,0.2677806615829468
1771525760016045300,28.97004541015625,0.023435799404978752,0.19973693788051605,0.14314480125904083
1771525760026048000,28.980048095703125,0.07669898122549057,0.12410321086645126,0.04833633825182915
1771525760036050400,28.990050537109376,0.11717899888753891,0.07723161578178406,0.007856319658458233
1771525760046052900,29.000052978515626,0.13848426938056946,0.05592634156346321,-0.003861580742523074
1771525760056055600,29.0100556640625,0.15872427821159363,0.06764423847198486,0.029161592945456505
1771525760066058000,29.02005810546875,0.18109482526779175,0.07936213910579681,0.12290479242801666
1771525760076060700,29.030060791015625,0.188551664352417,0.09960214793682098,0.19534271955490112
1771525760086063000,29.04006298828125,0.17576849460601807,0.1038632020354271,0.22090904414653778
1771525760096065800,29.050065673828126,0.1555284857749939,0.07723161578178406,0.2155827283859253
1771525760106068200,29.060068115234376,0.12570111453533173,0.03675159439444542,0.1964079886674881
1771525760116071000,29.07007080078125,0.09054741263389587,-0.002663159044459462,0.17936377227306366
1771525760126073300,29.0800732421875,0.05752423778176308,-0.04527370631694794,0.15699322521686554
1771525760136076000,29.090075927734375,0.046871598809957504,-0.07403582334518433,0.12397005409002304
1771525760146078500,29.100078369140626,0.046871598809957504,-0.08575372397899628,0.12397005409002304
1771525760156081200,29.1100810546875,0.058589499443769455,-0.06977476924657822,0.16445007920265198
1771525760166083600,29.12008349609375,0.07456845790147781,-0.038882121443748474,0.2102564126253128
1771525760176086300,29.130086181640625,0.11185268312692642,-0.0282294861972332,0.24114905297756195
1771525760186088700,29.140088623046875,0.17044217884540558,-0.08149266988039017,0.2571280002593994
1771525760196091400,29.15009130859375,0.23329274356365204,-0.17097482085227966,0.20812588930130005
1771525760206093800,29.16009375,0.26098960638046265,-0.2444780021905899,0.06538055837154388
1771525760216096300,29.17009619140625,0.23861905932426453,-0.3243727684020996,-0.16471639275550842
1771525760226099000,29.180098876953124,0.18642114102840424,-0.41598546504974365,-0.4299670457839966
1771525760236101400,29.190101318359375,0.11185268312692642,-0.46711811423301697,-0.6185187101364136
1771525760246104000,29.20010400390625,0.04793686419725418,-0.49268442392349243,-0.6664555668830872
1771525760256106500,29.2101064453125,0.006391582079231739,-0.4852275848388672,-0.5503418445587158
1771525760266109200,29.220109130859374,-0.03195790946483612,-0.43942126631736755,-0.30107012391090393
1771525760276111600,29.230111572265624,-0.08841688185930252,-0.34141698479652405,-0.015579480677843094
1771525760286114300,29.2401142578125,-0.16724638640880585,-0.23808641731739044,0.16018901765346527
1771525760296116700,29.25011669921875,-0.25140222907066345,-0.1688442826271057,0.1676458716392517
1771525760306119400,29.260119384765623,-0.3195790946483612,-0.16564849019050598,0.07709845900535583
1771525760316121900,29.270121826171874,-0.34088435769081116,-0.22849905490875244,-0.09440898895263672
1771525760326124500,29.28012451171875,-0.32703593373298645,-0.3573959469795227,-0.30959224700927734
1771525760336127000,29.290126953125,-0.2865559160709381,-0.5044023394584656,-0.5024049878120422
1771525760346129700,29.300129638671876,-0.24607589840888977,-0.5928192138671875,-0.6142576336860657
1771525760356132000,29.310132080078127,-0.22477063536643982,-0.5970802903175354,-0.6195839643478394
1771525760366134800,29.320134765625,-0.21731378138065338,-0.5523391962051392,-0.5343628525733948
1771525760376137200,29.33013720703125,-0.2300969511270523,-0.46711811423301697,-0.3862912356853485
1771525760386139600,29.3401396484375,-0.26631590723991394,-0.33609068393707275,-0.20519641041755676
1771525760396142300,29.350142333984376,-0.31318750977516174,-0.21997694671154022,-0.031558435410261154
1771525760406144800,29.360144775390626,-0.3526022732257843,-0.14221268892288208,0.07816372066736221
1771525760416147500,29.3701474609375,-0.3675159513950348,-0.11558110266923904,0.1165132075548172
1771525760426150000,29.38014990234375,-0.34940648078918457,-0.12836426496505737,0.11438268423080444
1771525760436152600,29.390152587890626,-0.2972085475921631,-0.16351796686649323,0.11118689179420471
1771525760446155000,29.400155029296876,-0.22903168201446533,-0.20399798452854156,0.10266478359699249
1771525760456157700,29.41015771484375,-0.15872427821159363,-0.2263685166835785,0.11331742256879807
1771525760466160000,29.42016015625,-0.0990695208311081,-0.211454838514328,0.13355742394924164
1771525760476162800,29.430162841796875,-0.05326318368315697,-0.17097482085227966,0.16125428676605225
1771525760486165200,29.440165283203125,-0.030892645940184593,-0.11132004857063293,0.17510271072387695
1771525760496168000,29.45016796875,-0.025566328316926956,-0.04101264849305153,0.18362481892108917
1771525760506170400,29.46017041015625,-0.02769685536623001,0.021837905049324036,0.18469008803367615
1771525760516173000,29.470173095703124,-0.017044218257069588,0.050600022077560425,0.16658060252666473
1771525760526175500,29.480175537109375,0.017044218257069588,0.053795814514160156,0.14740586280822754
1771525760536178000,29.490177978515625,0.07137266546487808,0.03249054029583931,0.1537974327802658
1771525760546180600,29.5001806640625,0.13315795361995697,0.0282294861972332,0.16977639496326447
1771525760556183000,29.51018310546875,0.18961693346500397,0.06018739566206932,0.1687111258506775
1771525760566185700,29.520185791015624,0.2311622053384781,0.13049480319023132,0.12929637730121613
1771525760576188200,29.530188232421875,0.2620548605918884,0.2263685166835785,0.08988162130117416
1771525760586190800,29.54019091796875,0.2908169627189636,0.3190464675426483,0.06431528925895691
1771525760596193300,29.550193359375,0.2961432933807373,0.3755054473876953,0.009986846707761288
1771525760606196000,29.560196044921874,0.27483803033828735,0.43409493565559387,-0.08162582665681839
1771525760616198400,29.570198486328124,0.2354232668876648,0.49268442392349243,-0.13488900661468506
1771525760626201000,29.580201171875,0.21411798894405365,0.5182507634162903,-0.15725953876972198
1771525760646206200,29.600206298828127,0.2588590681552887,0.3914843797683716,-0.10293109714984894
1771525760656208600,29.610208740234373,0.309991717338562,0.2402169555425644,-0.04008054360747337
1771525760666211300,29.62021142578125,0.34514543414115906,0.08788424730300903,0.029161592945456505
1771525760676213800,29.6302138671875,0.3195790946483612,0.01438105944544077,0.10266478359699249
1771525760686216400,29.640216552734376,0.22690115869045258,-0.034621067345142365,0.10905636847019196
1771525760696219000,29.650218994140626,0.10972215235233307,-0.06764423847198486,-0.011318426579236984
1771525760706221300,29.66022119140625,0.034088436514139175,-0.06870950758457184,-0.13382373750209808
1771525760716224000,29.67022412109375,0.041545283049345016,-0.042077913880348206,-0.1327584832906723
1771525760726226400,29.680226318359374,0.09800425171852112,0.022903168573975563,-0.04647212475538254
1771525760736229000,29.69022900390625,0.17257271707057953,0.08575372397899628,0.03555317223072052
1771525760746231600,29.7002314453125,0.2503369450569153,0.15606112778186798,0.06218476593494415
1771525760756234200,29.710234130859376,0.3163833022117615,0.2583264410495758,0.07816372066736221
1771525760766236700,29.720236572265627,0.33236226439476013,0.38828858733177185,0.10266478359699249
1771525760776239400,29.7302392578125,0.2865559160709381,0.5054675936698914,0.08881635963916779
1771525760786241800,29.74024169921875,0.20133483409881592,0.5597960352897644,0.0035952648613601923
1771525760796244500,29.750244384765626,0.10972215235233307,0.5395560264587402,-0.11997532099485397
1771525760806247000,29.760246826171876,0.02769685536623001,0.49055391550064087,-0.23715431988239288
1771525760816249600,29.77024951171875,-0.0330231711268425,0.3914843797683716,-0.3170490860939026
1771525760826252000,29.780251953125,-0.06391581892967224,0.24234747886657715,-0.3862912356853485
1771525760836254700,29.790254638671875,-0.07776424288749695,0.06338318437337875,-0.40759649872779846
1771525760846257200,29.800257080078126,-0.08309056609869003,-0.07723161578178406,-0.34155014157295227
1771525760856259600,29.810259521484376,-0.08415582776069641,-0.17949692904949188,-0.2041311413049698
1771525760866262300,29.82026220703125,-0.09587372839450836,-0.22849905490875244,-0.030493171885609627
1771525760876264700,29.8302646484375,-0.122505322098732,-0.1976063996553421,0.1399490088224411
1771525760886267400,29.840267333984375,-0.1597895473241806,-0.14434322714805603,0.27949854731559753
1771525760896269800,29.850269775390625,-0.19068218767642975,-0.07936213910579681,0.3380880355834961
1771525760906272500,29.8602724609375,-0.2024000883102417,-0.01970737800002098,0.3327617347240448
1771525760916275000,29.87027490234375,-0.18748639523983002,0.030360013246536255,0.2901511788368225
1771525760926277600,29.880277587890625,-0.15233269333839417,0.07403582334518433,0.2347574681043625
1771525760936280000,29.890280029296875,-0.10546109825372696,0.09534109383821487,0.1772332340478897
1771525760946282800,29.90028271484375,-0.061785291880369186,0.1038632020354271,0.12397005409002304
1771525760956285200,29.91028515625,-0.02876211889088154,0.11132004857063293,0.0930774137377739
1771525760966288000,29.920287841796874,-0.009587372653186321,0.13369058072566986,0.09627319872379303
1771525760976290300,29.930290283203124,0,0.15180006623268127,0.12823110818862915
1771525760986293000,29.94029296875,0.013848427683115005,0.15180006623268127,0.14314480125904083
1771525760996295400,29.95029541015625,0.03195790946483612,0.11132004857063293,0.12716585397720337
1771525761006298000,29.960298095703124,0.050067391246557236,0.059122130274772644,0.09414267539978027
1771525761016300500,29.970300537109374,0.06924213469028473,0.027164222672581673,0.07070687413215637
1771525761026303000,29.980302978515624,0.08841688185930252,0.010120004415512085,0.06644582003355026
1771525761036305700,29.9903056640625,0.122505322098732,-0.0005326318205334246,0.08881635963916779
1771525761046308000,30.00030810546875,0.16618113219738007,-0.025033695623278618,0.11331742256879807
1771525761056310800,30.010310791015623,0.21731378138065338,-0.04953476041555405,0.13781848549842834
1771525761066313200,30.020313232421874,0.26525065302848816,-0.06018739566206932,0.18042902648448944
1771525761076316000,30.03031591796875,0.2908169627189636,-0.04527370631694794,0.2006690353155136
1771525761086318300,30.040318359375,0.28975170850753784,-0.017576850950717926,0.18895113468170166
1771525761096321000,30.050321044921876,0.2727074921131134,-0.0005326318205334246,0.14847111701965332
1771525761106323500,30.060323486328127,0.24074958264827728,-0.009054740890860558,0.10373004525899887
1771525761116326100,30.070326171875,0.18429060280323029,-0.01651158556342125,0.06964161247015
1771525761126328600,30.08032861328125,0.10865689069032669,0.006924213841557503,0.06538055837154388
1771525761136331300,30.090331298828126,0.05113265663385391,0.025033695623278618,0.11331742256879807
1771525761146333700,30.100333740234376,0.02876211889088154,0.04314317926764488,0.22090904414653778
1771525761156336400,30.11033642578125,0.03728422895073891,0.0751010850071907,0.3700459599494934
1771525761166338800,30.1203388671875,0.08415582776069641,0.08681898564100266,0.530900776386261
1771525761176341200,30.13034130859375,0.15233269333839417,0.037816859781742096,0.6416881680488586
1771525761186344000,30.140343994140625,0.25246748328208923,-0.08788424730300903,0.6597976684570312
1771525761196346400,30.150346435546876,0.3440801501274109,-0.24341274797916412,0.5596628785133362
1771525761206348800,30.160348876953126,0.3813643753528595,-0.41065913438796997,0.3199785649776459
1771525761216351200,30.170351318359376,0.3536675274372101,-0.5811012983322144,0.009986846707761288
1771525761226354000,30.18035400390625,0.27483803033828735,-0.6716487407684326,-0.26272064447402954
1771525761236356400,30.1903564453125,0.17576849460601807,-0.6418213248252869,-0.3873564898967743
1771525761246358800,30.20035888671875,0.10013478249311447,-0.5012065172195435,-0.3575291037559509
1771525761256361200,30.210361328125,0.022370535880327225,-0.1976063996553421,-0.2179795652627945
1771525761266364000,30.220364013671876,-0.07882951200008392,0.1784316599369049,-0.09227846562862396
1771525761276366300,30.230366455078126,-0.16405059397220612,0.48629283905029297,-0.07523424178361893
1771525761286368800,30.24036865234375,-0.20133483409881592,0.6141244769096375,-0.11997532099485397
1771525761296371200,30.25037109375,-0.188551664352417,0.5715139508247375,-0.19987009465694427
1771525761306374000,30.260373779296874,-0.16298533976078033,0.35952648520469666,-0.3394196331501007
1771525761316376300,30.270376220703124,-0.1406148076057434,0.029294749721884727,-0.5375586748123169
1771525761326378800,30.280378662109374,-0.0990695208311081,-0.335025429725647,-0.7175882458686829
1771525761336381400,30.29038134765625,-0.0703074038028717,-0.599210798740387,-0.7793735265731812
1771525761346384000,30.3003837890625,-0.07882951200008392,-0.7099981904029846,-0.7335671782493591
1771525761356386300,30.31038623046875,-0.13209268450737,-0.67484450340271,-0.637693464756012
1771525761366388700,30.320388671875,-0.2162485122680664,-0.523577094078064,-0.4821649491786957
1771525761376391400,30.330391357421874,-0.31318750977516174,-0.31158962845802307,-0.3074617087841034
1771525761386393900,30.340393798828124,-0.39734333753585815,-0.10918952524662018,-0.16471639275550842
1771525761396396300,30.350396240234375,-0.45806336402893066,0.03142527863383293,-0.05712476372718811
1771525761406398700,30.360398681640625,-0.4857602119445801,0.08149266988039017,-0.008122635073959827
1771525761416401400,30.3704013671875,-0.47191178798675537,0.06338318437337875,0.0003994738799519837
1771525761426403800,30.38040380859375,-0.43995389342308044,0.005858949851244688,0.006791055668145418
1771525761436406300,30.39040625,-0.3941475450992584,-0.08681898564100266,0.0035952648613601923
1771525761446408700,30.40040869140625,-0.3398191034793854,-0.1741705983877182,0.009986846707761288
1771525761456411400,30.410411376953125,-0.28549066185951233,-0.2402169555425644,0.03235738351941109
1771525761466413800,30.420413818359375,-0.22690115869045258,-0.2721748650074005,0.06431528925895691
1771525761476416300,30.430416259765625,-0.17683376371860504,-0.2583264410495758,0.11118689179420471
1771525761486419000,30.4404189453125,-0.1416800618171692,-0.19228008389472961,0.18469008803367615
1771525761496421400,30.45042138671875,-0.12357058376073837,-0.09534109383821487,0.2656501233577728
1771525761506423800,30.460423828125,-0.122505322098732,0.0282294861972332,0.3146522343158722
1771525761516426500,30.470426513671875,-0.12889690697193146,0.13369058072566986,0.32530489563941956
1771525761526429000,30.480428955078125,-0.12783163785934448,0.1976063996553421,0.30613014101982117
1771525761536431600,30.490431640625,-0.12144005298614502,0.25726115703582764,0.2848248779773712
1771525761546434000,30.50043408203125,-0.08628635853528976,0.29348012804985046,0.3039996027946472
1771525761556436700,30.510436767578124,-0.021305272355675697,0.3009369671344757,0.331696480512619
1771525761566439200,30.520439208984374,0.04900212585926056,0.2924148738384247,0.3434143662452698
1771525761576441900,30.53044189453125,0.11611373722553253,0.2775011658668518,0.3370227813720703
1771525761586444300,30.5404443359375,0.1651158630847931,0.27110961079597473,0.28375959396362305
1771525761596446700,30.55044677734375,0.18961693346500397,0.2625874876976013,0.2059953510761261
1771525761606449400,30.560449462890624,0.18216007947921753,0.26684853434562683,0.1303616315126419
1771525761616451800,30.570451904296874,0.14807164669036865,0.2828274965286255,0.045140545815229416
1771525761626454500,30.58045458984375,0.10759162902832031,0.29348012804985046,-0.010253162123262882
1771525761646459600,30.600459716796873,0.06498108059167862,0.27537065744400024,0.06751108169555664
1771525761656462000,30.610462158203124,0.07350318878889084,0.23808641731739044,0.2059953510761261
1771525761666464800,30.62046484375,0.09054741263389587,0.16671375930309296,0.37750279903411865
1771525761676467200,30.63046728515625,0.08096003532409668,0.09640636295080185,0.547944962978363
1771525761686470000,30.640469970703126,0.013848427683115005,0.07403582334518433,0.6416881680488586
1771525761696472300,30.650472412109377,-0.09693899005651474,0.05592634156346321,0.5351617932319641
1771525761706475000,30.66047509765625,-0.1693769246339798,0.046338967978954315,0.2475406378507614
1771525761716477400,30.6704775390625,-0.1502021700143814,0.06657897680997849,-0.07097318768501282
1771525761726480100,30.680480224609376,-0.005326318088918924,0.11025478690862656,-0.30959224700927734
1771525761736482600,30.690482666015626,0.21944430470466614,0.211454838514328,-0.3596596419811249
1771525761746485200,30.7004853515625,0.41225701570510864,0.3946801722049713,-0.3127880394458771
1771525761756487700,30.71048779296875,0.4942823350429535,0.6183855533599854,-0.32344067096710205
1771525761766490000,30.720489990234373,0.4655202031135559,0.8080024719238281,-0.390552282333374
1771525761776492800,30.730492919921875,0.3717769980430603,0.8825709223747253,-0.5215796828269958
1771525761786495200,30.7404951171875,0.27590328454971313,0.8080024719238281,-0.7037398219108582
1771525761796498000,30.750497802734376,0.17683376371860504,0.6578003168106079,-0.8464851379394531
1771525761806500400,30.760500244140626,0.08628635853528976,0.46711811423301697,-0.9231840968132019
1771525761816503000,30.7705029296875,0.01597895473241806,0.2487390637397766,-0.9135967493057251
1771525761826505500,30.78050537109375,-0.034088436514139175,0.04846949502825737,-0.804939866065979
1771525761836508200,30.790508056640626,-0.05752423778176308,-0.1368863731622696,-0.6323671340942383
1771525761846510600,30.800510498046876,-0.07669898122549057,-0.2593916952610016,-0.4246407151222229
1771525761856513300,30.81051318359375,-0.11078742146492004,-0.3158506751060486,-0.23289325833320618
1771525761876518400,30.830518310546875,-0.20879167318344116,-0.30732855200767517,-0.01771000772714615
1771525761886520800,30.840520751953125,-0.24820642173290253,-0.2444780021905899,0.049401599913835526
1771525761896523500,30.8505234375,-0.2673811614513397,-0.14966954290866852,0.10586057603359222
1771525761906526000,30.86052587890625,-0.25246748328208923,-0.08042740821838379,0.14207953214645386
1771525761916528400,30.8705283203125,-0.20879167318344116,-0.06338318437337875,0.14847111701965332
1771525761926531000,30.880531005859375,-0.14700637757778168,-0.07829687744379044,0.11544794589281082
1771525761936533500,30.890533447265625,-0.07669898122549057,-0.09321057051420212,0.10479531437158585
1771525761946536200,30.9005361328125,-0.022370535880327225,-0.07936213910579681,0.11331742256879807
1771525761956538600,30.91053857421875,0.008522109128534794,-0.010120004415512085,0.12716585397720337
1771525761966541300,30.920541259765624,0.03515370190143585,0.07723161578178406,0.18575534224510193
1771525761976543700,30.930543701171874,0.061785291880369186,0.13901691138744354,0.23049642145633698
1771525761986546400,30.94054638671875,0.09587372839450836,0.14434322714805603,0.2251701056957245
1771525761996548900,30.950548828125,0.13954953849315643,0.1038632020354271,0.19960378110408783
1771525762006551600,30.960551513671874,0.17257271707057953,0.059122130274772644,0.16658060252666473
1771525762016554000,30.970553955078124,0.19387798011302948,0.03249054029583931,0.14207953214645386
1771525762026556700,30.980556640625,0.21092219650745392,0.011185267940163612,0.14101427793502808
1771525762036559000,30.99055908203125,0.23222747445106506,-0.03249054029583931,0.1591237634420395
1771525762046561800,31.000561767578127,0.2396843135356903,-0.08362319320440292,0.1537974327802658
1771525762056564200,31.010564208984373,0.22690115869045258,-0.10599373281002045,0.14634059369564056
1771525762066567000,31.02056689453125,0.20346535742282867,-0.09321057051420212,0.13888375461101532
1771525762076569300,31.0305693359375,0.17044217884540558,-0.04527370631694794,0.13781848549842834
1771525762086571800,31.04057177734375,0.12357058376073837,0.03142527863383293,0.13781848549842834
1771525762096574500,31.050574462890626,0.07563371956348419,0.1081242561340332,0.14101427793502808
1771525762106577000,31.060576904296877,0.022370535880327225,0.1699095517396927,0.13355742394924164
1771525762116579600,31.07057958984375,-0.022370535880327225,0.19014956057071686,0.14314480125904083
1771525762156589800,31.11058984375,0.012783164158463478,-0.09001477807760239,0.5916208028793335
1771525762166592300,31.12059228515625,0.042610544711351395,-0.20080219209194183,0.5681849718093872
1771525762176594700,31.1305947265625,0.07563371956348419,-0.2913496196269989,0.4233091473579407
1771525762186597000,31.14059716796875,0.10652636736631393,-0.35952648520469666,0.18469008803367615
1771525762196599600,31.150599609375,0.13954953849315643,-0.4095938801765442,-0.09867004305124283
1771525762206602000,31.16060205078125,0.18535587191581726,-0.4554001986980438,-0.3213101327419281
1771525762216604400,31.1706044921875,0.20879167318344116,-0.47670549154281616,-0.4438154697418213
1771525762226606800,31.18060693359375,0.20559588074684143,-0.48629283905029297,-0.4523375630378723
1771525762236609300,31.190609375,0.1651158630847931,-0.44368231296539307,-0.3639206886291504
1771525762246612000,31.200612060546874,0.07669898122549057,-0.3105243444442749,-0.1934785097837448
1771525762256614400,31.210614501953124,-0.05752423778176308,-0.09108003973960876,-0.009187898598611355
1771525762266616800,31.220616943359374,-0.21305273473262787,0.12410321086645126,0.07922898232936859
1771525762276619300,31.230619384765625,-0.33129698038101196,0.25193485617637634,0.049401599913835526
1771525762286621700,31.24062158203125,-0.3802991211414337,0.3147853910923004,-0.04540686309337616
1771525762296624000,31.2506240234375,-0.3717769980430603,0.3062632977962494,-0.17856481671333313
1771525762306626600,31.26062646484375,-0.3110569715499878,0.2071937769651413,-0.344745934009552
1771525762316629200,31.270629150390626,-0.2077264040708542,0.050600022077560425,-0.49707865715026855
1771525762326631700,31.280631591796876,-0.09054741263389587,-0.13262532651424408,-0.5716471076011658
1771525762336634000,31.290634033203126,-0.008522109128534794,-0.27004432678222656,-0.5514070987701416
1771525762346636800,31.30063671875,0.004261054564267397,-0.3211769759654999,-0.4480765163898468
1771525762356639200,31.31063916015625,-0.034088436514139175,-0.29880645871162415,-0.2978743314743042
1771525762366642000,31.320641845703125,-0.10013478249311447,-0.24234747886657715,-0.14873743057250977
1771525762376644400,31.330644287109376,-0.17044217884540558,-0.17949692904949188,-0.011318426579236984
1771525762386647000,31.34064697265625,-0.22903168201446533,-0.12836426496505737,0.10479531437158585
1771525762406652200,31.360652099609375,-0.2727074921131134,-0.017576850950717926,0.23049642145633698
1771525762416654600,31.370654541015625,-0.23861905932426453,0.018642114475369453,0.25606274604797363
1771525762426657300,31.3806572265625,-0.1832253485918045,0.017576850950717926,0.2518016993999481
1771525762436659700,31.39065966796875,-0.13422322273254395,0.005858949851244688,0.21771325170993805
1771525762446662400,31.400662353515624,-0.09480846673250198,-0.002663159044459462,0.18788588047027588
1771525762456664800,31.410664794921875,-0.06498108059167862,-0.015446322970092297,0.17829850316047668
1771525762466667500,31.42066748046875,-0.04793686419725418,-0.009054740890860558,0.1921469271183014
1771525762476670000,31.430669921875,-0.03621896356344223,0.026098959147930145,0.22943115234375
1771525762486672600,31.440672607421874,-0.02024000883102417,0.08362319320440292,0.27843329310417175
1771525762496675000,31.450675048828124,0.009587372653186321,0.14434322714805603,0.28908592462539673
1771525762506677500,31.460677490234374,0.05539371073246002,0.221042200922966,0.285890132188797
1771525762516680200,31.47068017578125,0.1129179447889328,0.2913496196269989,0.2954775094985962
1771525762526682600,31.4806826171875,0.17576849460601807,0.31372013688087463,0.2997385561466217
1771525762536685300,31.490685302734374,0.2205095738172531,0.32650330662727356,0.2805638015270233
1771525762546687700,31.500687744140624,0.24394537508487701,0.3296990990638733,0.2486059069633484
1771525762556690400,31.5106904296875,0.253532737493515,0.3190464675426483,0.19747324287891388
1771525762566692900,31.52069287109375,0.26098960638046265,0.3190464675426483,0.13355742394924164
1771525762576695600,31.530695556640627,0.27909907698631287,0.32224225997924805,0.07177213579416275
1771525762596700700,31.55070068359375,0.30466538667678833,0.36485278606414795,-0.11464899778366089
1771525762606703000,31.560703125,0.30466538667678833,0.37444016337394714,-0.22117535769939423
1771525762616705800,31.570705810546876,0.3067959249019623,0.34674331545829773,-0.325571209192276
1771525762626708200,31.580708251953126,0.30466538667678833,0.3158506751060486,-0.3777691125869751
1771525762636711000,31.5907109375,0.2908169627189636,0.26684853434562683,-0.37137752771377563
1771525762646713300,31.60071337890625,0.26098960638046265,0.2018674612045288,-0.29574382305145264
1771525762656716000,31.610716064453126,0.20133483409881592,0.14434322714805603,-0.15832480788230896
1771525762666718500,31.620718505859376,0.10759162902832031,0.12836426496505737,-0.0294279083609581
1771525762676721000,31.630720947265626,-0.0031957910396158695,0.1464737504720688,0.014247900806367397
1771525762686723600,31.6407236328125,-0.11185268312692642,0.17949692904949188,-0.09760478138923645
1771525762696726000,31.65072607421875,-0.1970737725496292,0.2306295782327652,-0.34687647223472595
1771525762706728700,31.660728759765625,-0.20133483409881592,0.22743378579616547,-0.6653903126716614
1771525762716731100,31.670731201171876,-0.0894821435213089,0.11025478690862656,-0.9317061901092529
1771525762726733800,31.68073388671875,0.08735162019729614,-0.033555805683135986,-1.0094704627990723
1771525762736736300,31.690736328125,0.25140222907066345,-0.09001477807760239,-0.8518114686012268
1771525762746739000,31.700739013671875,0.3344927728176117,-0.01651158556342125,-0.5450155138969421
1771525762756741400,31.710741455078125,0.29827383160591125,0.12303794920444489,-0.1849564015865326
1771525762766744000,31.720744140625,0.15339796245098114,0.26045694947242737,0.11757847666740417
1771525762776746500,31.73074658203125,-0.04900212585926056,0.38828858733177185,0.3008038103580475
1771525762786749200,31.740749267578124,-0.23648852109909058,0.4468781054019928,0.3604585826396942
1771525762796751600,31.750751708984374,-0.366450697183609,0.4372907280921936,0.27417221665382385
1771525762806754300,31.76075439453125,-0.4154528081417084,0.3723096549510956,0.08242477476596832
1771525762816756700,31.7707568359375,-0.3952127993106842,0.2860232889652252,-0.1380847990512848
1771525762826759200,31.78075927734375,-0.32170963287353516,0.16777902841567993,-0.336223840713501
1771525762836761900,31.790761962890624,-0.22370536625385284,0.011185267940163612,-0.4768386483192444
1771525762846764300,31.800764404296874,-0.13848426938056946,-0.14966954290866852,-0.5066660046577454
1771525762856767000,31.81076708984375,-0.1129179447889328,-0.28921908140182495,-0.4374238848686218
1771525762866769400,31.820769287109375,-0.15446323156356812,-0.38828858733177185,-0.30852699279785156
1771525762876772000,31.830772216796873,-0.23755379021167755,-0.43089914321899414,-0.12423637509346008
1771525762886774500,31.8407744140625,-0.3185138404369354,-0.4245075583457947,0.08881635963916779
1771525762896777200,31.850777099609374,-0.38349491357803345,-0.3659180700778961,0.2869553864002228
1771525762906779600,31.860779541015624,-0.4197138845920563,-0.27110961079597473,0.43289652466773987
1771525762916782000,31.870781982421875,-0.41651809215545654,-0.1688442826271057,0.5000081062316895
1771525762926784800,31.88078466796875,-0.37390753626823425,-0.062317922711372375,0.4925512671470642
1771525762936787200,31.890787109375,-0.30253487825393677,0.006924213841557503,0.4318312406539917
1771525762946789600,31.90078955078125,-0.22264009714126587,0.054861076176166534,0.34980595111846924
1771525762956792000,31.9107919921875,-0.1502021700143814,0.08255793154239655,0.27949854731559753
1771525762966794800,31.920794677734374,-0.09374319761991501,0.09747162461280823,0.2336922138929367
1771525762976797200,31.930797119140625,-0.04793686419725418,0.08575372397899628,0.21664799749851227
1771525762986799600,31.940799560546875,-0.017044218257069588,0.07403582334518433,0.23795326054096222
1771525762996802000,31.950802001953125,0,0.08788424730300903,0.28802067041397095
1771525763006804700,31.9608046875,0.02769685536623001,0.09534109383821487,0.32104381918907166
1771525763016807200,31.97080712890625,0.07243792712688446,0.07936213910579681,0.31571751832962036
1771525763026809600,31.9808095703125,0.12144005298614502,0.058056868612766266,0.26884591579437256
1771525763036812000,31.99081201171875,0.1693769246339798,0.037816859781742096,0.19747324287891388
1771525763046814700,32.000814697265625,0.22264009714126587,0.029294749721884727,0.13355742394924164
1771525763056817200,32.010817138671875,0.27057695388793945,0.015446322970092297,0.09946899116039276
1771525763066819600,32.020819580078125,0.28442537784576416,0.03249054029583931,0.07177213579416275
1771525763076822300,32.030822265625,0.2620548605918884,0.07297056168317795,0.06644582003355026
1771525763086824700,32.04082470703125,0.2215748429298401,0.12942953407764435,0.0739026665687561
1771525763096827100,32.0508271484375,0.17789903283119202,0.18056218326091766,0.09733846783638
1771525763106829600,32.06082958984375,0.13848426938056946,0.2018674612045288,0.1346226930618286
1771525763116832300,32.07083227539062,0.11824426054954529,0.19121482968330383,0.1687111258506775
1771525763126834700,32.08083471679687,0.11611373722553253,0.1454084813594818,0.21132168173789978
1771525763136837000,32.09083715820312,0.1267663687467575,0.08894951641559601,0.2667153775691986
1771525763146839600,32.10083959960937,0.15765902400016785,0.009054740890860558,0.350871205329895
1771525763156842200,32.11084228515625,0.20559588074684143,-0.09640636295080185,0.42863544821739197
1771525763166844700,32.1208447265625,0.2588590681552887,-0.21038956940174103,0.46165862679481506
1771525763176847000,32.13084716796875,0.3110569715499878,-0.27004432678222656,0.45313653349876404
1771525763186849500,32.140849609375,0.3302317261695862,-0.2721748650074005,0.3711112141609192
1771525763196852200,32.150852294921876,0.301469624042511,-0.27004432678222656,0.15805849432945251
1771525763206854700,32.160854736328126,0.24181485176086426,-0.29880645871162415,-0.10293109714984894
1771525763216857000,32.170857177734376,0.17257271707057953,-0.3520696461200714,-0.2882869839668274
1771525763226859800,32.18085986328125,0.10865689069032669,-0.41065913438796997,-0.33728909492492676
1771525763236862200,32.1908623046875,0.05113265663385391,-0.4127896726131439,-0.24248063564300537
1771525763246864600,32.20086474609375,-0.004261054564267397,-0.2998717129230499,-0.015579480677843094
1771525763256867000,32.2108671875,-0.06391581892967224,-0.09108003973960876,0.2539322078227997
1771525763266869800,32.22086987304687,-0.14381058514118195,0.13901691138744354,0.41585230827331543
1771525763276872200,32.2308720703125,-0.22690115869045258,0.3211769759654999,0.4307659864425659
1771525763286874600,32.24087451171875,-0.2908169627189636,0.4383559823036194,0.32637014985084534
1771525763296877000,32.250876953125,-0.31318750977516174,0.4799012839794159,0.13675321638584137
1771525763306879700,32.260879638671874,-0.301469624042511,0.45007389783859253,-0.11571425944566727
1771525763316882200,32.270882080078124,-0.26951169967651367,0.343547523021698,-0.3969438672065735
1771525763326884600,32.280884521484374,-0.22690115869045258,0.1784316599369049,-0.6611292362213135
1771525763336887000,32.290886962890625,-0.17576849460601807,0.011185267940163612,-0.7964177131652832
1771525763346889700,32.3008896484375,-0.12783163785934448,-0.1177116334438324,-0.788960874080658
1771525763356892200,32.31089208984375,-0.11611373722553253,-0.15606112778186798,-0.6472808122634888
1771525763366894600,32.32089453125,-0.15765902400016785,-0.0942758321762085,-0.4374238848686218
1771525763376897300,32.33089721679688,-0.24181485176086426,0.01438105944544077,-0.23395852744579315
1771525763386899700,32.34089965820313,-0.3398191034793854,0.13262532651424408,-0.07523424178361893
1771525763396902100,32.35090209960938,-0.4133222997188568,0.20080219209194183,0.004660528618842363
1771525763406904800,32.36090478515625,-0.44421494007110596,0.21038956940174103,0.045140545815229416
1771525763416907300,32.3709072265625,-0.4378233551979065,0.18908429145812988,0.06218476593494415
1771525763426910000,32.380909912109374,-0.40799596905708313,0.13475584983825684,0.04727107286453247
1771525763436912400,32.390912353515624,-0.35153698921203613,0.0516652874648571,0.005725792143493891
1771525763446915000,32.4009150390625,-0.2769685387611389,-0.03994738683104515,-0.009187898598611355
1771525763456917500,32.41091748046875,-0.2066611498594284,-0.08575372397899628,0.03235738351941109
1771525763466920200,32.42092016601563,-0.15446323156356812,-0.10918952524662018,0.07922898232936859
1771525763476922600,32.43092260742188,-0.12037479132413864,-0.0846884623169899,0.12183953076601028
1771525763486925300,32.44092529296875,-0.0894821435213089,-0.013315795920789242,0.18788588047027588
1771525763496927700,32.450927734375,-0.06285055726766586,0.06657897680997849,0.24647536873817444
1771525763506930400,32.46093041992187,-0.038349490612745285,0.14327795803546906,0.26032379269599915
1771525763516932900,32.47093286132812,-0.019174745306372643,0.21465063095092773,0.23795326054096222
1771525763526935600,32.480935546875,-0.0031957910396158695,0.2732401192188263,0.1964079886674881
1771525763536938000,32.49093798828125,0.019174745306372643,0.3158506751060486,0.15060164034366608
1771525763546940400,32.5009404296875,0.0564589723944664,0.3339601457118988,0.07603318989276886
1771525763556943000,32.510943115234376,0.11078742146492004,0.33609068393707275,-0.024101590737700462
1771525763566945500,32.520945556640626,0.1597895473241806,0.3488738536834717,-0.11677952855825424
1771525763576948200,32.5309482421875,0.2077264040708542,0.3669833242893219,-0.17643429338932037
1771525763586950700,32.54095068359375,0.24820642173290253,0.3850927948951721,-0.20093534886837006
1771525763596953300,32.55095336914062,0.2684464454650879,0.4032022953033447,-0.22117535769939423
1771525763606955800,32.56095581054687,0.2673811614513397,0.4522044062614441,-0.23928484320640564
1771525763616958500,32.57095849609375,0.253532737493515,0.523577094078064,-0.23715431988239288
1771525763626961000,32.5809609375,0.23435799777507782,0.5928192138671875,-0.269112229347229
1771525763636963600,32.590963623046875,0.21411798894405365,0.6322339773178101,-0.31917962431907654
1771525763646966000,32.600966064453125,0.20453062653541565,0.6354297399520874,-0.325571209192276
1771525763656968700,32.61096875,0.18748639523983002,0.5789707899093628,-0.269112229347229
1771525763666971100,32.62097119140625,0.1555284857749939,0.475640207529068,-0.16258586943149567
1771525763676973800,32.63097387695313,0.10652636736631393,0.37870121002197266,-0.039015281945466995
1771525763686976300,32.64097631835938,0.06072002649307251,0.30839383602142334,0.05153212696313858
1771525763696979000,32.65097900390625,0.011717899702489376,0.2721748650074005,0.005725792143493891
1771525763706981400,32.6609814453125,-0.03941475600004196,0.26684853434562683,-0.20093534886837006
1771525763716983800,32.67098388671875,-0.058589499443769455,0.26578328013420105,-0.4896217882633209
1771525763726986500,32.680986572265624,-0.01597895473241806,0.24234747886657715,-0.7261103391647339
1771525763736989000,32.690989013671874,0.07350318878889084,0.2253032624721527,-0.821984052658081
1771525763746991600,32.70099169921875,0.18429060280323029,0.2402169555425644,-0.7346324324607849
1771525763756994000,32.710994140625,0.26951169967651367,0.3009369671344757,-0.5450155138969421
1771525763766996700,32.72099682617188,0.2929475009441376,0.38722333312034607,-0.344745934009552
1771525763776999200,32.73099926757813,0.2354232668876648,0.4990760087966919,-0.1700427085161209
1771525763787001900,32.741001953125,0.1310274302959442,0.6066676378250122,-0.06138581782579422
1771525763797004300,32.75100439453125,0.014913691207766533,0.6801708340644836,-0.07203845679759979
1771525763807007000,32.76100708007812,-0.08522108942270279,0.7131940126419067,-0.16684691607952118
1771525763817009400,32.77100952148437,-0.1597895473241806,0.6972150802612305,-0.30533120036125183
1771525763827012000,32.78101220703125,-0.19600850343704224,0.6258423924446106,-0.4235754609107971
1771525763837014500,32.7910146484375,-0.21731378138065338,0.4745749533176422,-0.5098618268966675
1771525763847017000,32.801016845703124,-0.2258358895778656,0.24234747886657715,-0.5535376071929932
1771525763857019400,32.811019287109374,-0.20559588074684143,-0.0282294861972332,-0.5141228437423706
1771525763887027000,32.84102685546875,-0.1693769246339798,-0.4191812574863434,0.05898897349834442
1771525763897029400,32.851029296875,-0.17683376371860504,-0.40213701128959656,0.25606274604797363
1771525763907032000,32.86103198242188,-0.17257271707057953,-0.3392864763736725,0.3689807057380676
1771525763917034500,32.87103442382813,-0.15659375488758087,-0.24234747886657715,0.3838943839073181
1771525763927037000,32.88103686523438,-0.12996216118335724,-0.12410321086645126,0.3572627902030945
1771525763937039600,32.89103955078125,-0.08309056609869003,-0.013315795920789242,0.29334697127342224
1771525763947042000,32.9010419921875,-0.023435799404978752,0.07936213910579681,0.2241048365831375
1771525763957044500,32.91104443359375,0.03728422895073891,0.14434322714805603,0.17936377227306366
1771525763967047000,32.921046875,0.08522108942270279,0.18908429145812988,0.15166690945625305
1771525763977049600,32.931049560546874,0.10865689069032669,0.22743378579616547,0.14314480125904083
1771525763987052000,32.941052001953125,0.12357058376073837,0.2348906397819519,0.13888375461101532
1771525763997054500,32.951054443359375,0.13741901516914368,0.19973693788051605,0.12503531575202942
1771525764007057000,32.961056884765625,0.14807164669036865,0.1454084813594818,0.11864373832941055
1771525764017059600,32.9710595703125,0.15446323156356812,0.11132004857063293,0.11225215345621109
1771525764027062000,32.98106201171875,0.16831165552139282,0.08042740821838379,0.1069258376955986
1771525764037064400,32.991064453125,0.1928127259016037,0.05699160322546959,0.11544794589281082
1771525764047067000,33.00106689453125,0.21305273473262787,0.04953476041555405,0.13781848549842834
1771525764057069600,33.01106958007812,0.2258358895778656,0.01651158556342125,0.14207953214645386
1771525764067072000,33.02107202148437,0.23755379021167755,-0.03675159439444542,0.11544794589281082
1771525764077074400,33.03107446289062,0.245010644197464,-0.07829687744379044,0.0930774137377739
1771525764087077000,33.0410771484375,0.24820642173290253,-0.09640636295080185,0.06964161247015
1771525764097079600,33.05107958984375,0.23648852109909058,-0.08788424730300903,0.053662657737731934
1771525764107082000,33.06108203125,0.21944430470466614,-0.0751010850071907,0.05792371183633804
1771525764117084400,33.07108447265625,0.18748639523983002,-0.07297056168317795,0.06325002759695053
1771525764127087000,33.081087158203125,0.13741901516914368,-0.07403582334518433,0.05792371183633804
1771525764137089500,33.091089599609376,0.08735162019729614,-0.09001477807760239,0.06325002759695053
1771525764147092000,33.101092041015626,0.045806337147951126,-0.11877689510583878,0.08242477476596832
1771525764157094400,33.111094482421876,0.008522109128534794,-0.1464737504720688,0.11225215345621109
1771525764167097000,33.12109716796875,-0.014913691207766533,-0.15606112778186798,0.15060164034366608
1771525764177099500,33.131099609375,-0.010652636177837849,-0.15286533534526825,0.18788588047027588
1771525764187102000,33.14110205078125,0.01597895473241806,-0.13475584983825684,0.18149429559707642
1771525764197104400,33.1511044921875,0.038349490612745285,-0.08255793154239655,0.10159952193498611
1771525764207107000,33.16110717773437,0.02450106292963028,-0.0516652874648571,-0.07310371845960617
1771525764217109500,33.17110961914062,-0.022370535880327225,-0.0708400309085846,-0.30959224700927734
1771525764227112000,33.18111181640625,-0.06711161136627197,-0.18482324481010437,-0.5194491744041443
1771525764237114600,33.19111450195312,-0.09161267429590225,-0.3669833242893219,-0.616388201713562
1771525764247117000,33.201116943359374,-0.09587372839450836,-0.5715139508247375,-0.5950828790664673
1771525764257119500,33.211119384765624,-0.09161267429590225,-0.6705834865570068,-0.4107922911643982
1771525764267122000,33.221121826171874,-0.08735162019729614,-0.6301034688949585,-0.07736477255821228
1771525764277124600,33.23112451171875,-0.11185268312692642,-0.4596612751483917,0.2635195851325989
1771525764287127000,33.241126953125,-0.1789642870426178,-0.22849905490875244,0.4265049397945404
1771525764297129500,33.25112939453125,-0.26098960638046265,-0.038882121443748474,0.40093860030174255
1771525764307132000,33.2611318359375,-0.30253487825393677,0.03675159439444542,0.24647536873817444
1771525764317134600,33.27113452148438,-0.28549066185951233,-0.017576850950717926,0.005725792143493891
1771525764327137000,33.28113696289063,-0.23648852109909058,-0.14966954290866852,-0.22437115013599396
1771525764337139500,33.29113940429688,-0.1981390416622162,-0.28389275074005127,-0.35539859533309937
1771525764347142000,33.30114184570313,-0.18642114102840424,-0.3850927948951721,-0.392682820558548
1771525764357144600,33.31114453125,-0.1970737725496292,-0.44900861382484436,-0.3830954432487488
1771525764367147000,33.32114697265625,-0.22903168201446533,-0.4575307369232178,-0.3298322558403015
1771525764377149400,33.3311494140625,-0.2673811614513397,-0.41598546504974365,-0.22543641924858093
1771525764387152000,33.34115185546875,-0.29827383160591125,-0.35526543855667114,-0.10399636626243591
1771525764397154600,33.351154541015624,-0.30892646312713623,-0.297741174697876,-0.008122635073959827
1771525764407157000,33.361156982421875,-0.30786117911338806,-0.24554327130317688,0.07816372066736221
1771525764417159400,33.371159423828125,-0.2950780391693115,-0.21358536183834076,0.12397005409002304
1771525764427162000,33.381162109375,-0.2833601236343384,-0.19441060721874237,0.13249216973781586
1771525764437164500,33.39116455078125,-0.27057695388793945,-0.18056218326091766,0.14314480125904083
1771525764447167000,33.4011669921875,-0.24714116752147675,-0.1784316599369049,0.16658060252666473
1771525764457169700,33.41116967773438,-0.2119874656200409,-0.18908429145812988,0.18362481892108917
1771525764467172000,33.42117211914063,-0.17044217884540558,-0.19973693788051605,0.18362481892108917
1771525764477174800,33.4311748046875,-0.12357058376073837,-0.19014956057071686,0.18469008803367615
1771525764487177200,33.44117724609375,-0.06924213469028473,-0.1592569202184677,0.2006690353155136
1771525764497180000,33.451179931640624,-0.014913691207766533,-0.11025478690862656,0.2251701056957245
1771525764507182300,33.461182373046874,0.02769685536623001,-0.058056868612766266,0.24541011452674866
1771525764517185000,33.47118505859375,0.058589499443769455,0.0037284228019416332,0.2624543309211731
1771525764527187500,33.4811875,0.07243792712688446,0.08255793154239655,0.2763027548789978
1771525764537190100,33.49119018554688,0.08202529698610306,0.14008216559886932,0.2667153775691986
1771525764557195000,33.51119506835938,0.08841688185930252,0.17310534417629242,0.21345220506191254
1771525764567197700,33.52119775390625,0.08522108942270279,0.17736639082431793,0.1687111258506775
1771525764577200000,33.5312001953125,0.11504847556352615,0.17097482085227966,0.1165132075548172
1771525764587202800,33.54120288085937,0.17150744795799255,0.17949692904949188,0.0834900364279747
1771525764597205200,33.55120532226562,0.23329274356365204,0.20080219209194183,0.07070687413215637
1771525764607208000,33.5612080078125,0.2780338227748871,0.23702116310596466,0.06325002759695053
1771525764617210400,33.57121044921875,0.2972085475921631,0.26684853434562683,0.04407528415322304
1771525764637215500,33.59121557617188,0.2503369450569153,0.31798118352890015,-0.019840534776449203
1771525764647218200,33.60121826171875,0.2066611498594284,0.36059173941612244,-0.04966791719198227
1771525764657220600,33.611220703125,0.17683376371860504,0.3765707015991211,-0.07310371845960617
1771525764667223300,33.62122338867187,0.18109482526779175,0.33715593814849854,-0.08056056499481201
1771525764677225700,33.63122583007812,0.2024000883102417,0.2487390637397766,-0.06351634114980698
1771525764687228400,33.641228515625,0.21518325805664062,0.15286533534526825,-0.012383690103888512
1771525764697230800,33.65123095703125,0.19494324922561646,0.09640636295080185,0.03555317223072052
1771525764707233300,33.6612333984375,0.12783163785934448,0.08894951641559601,0.007856319658458233
1771525764717236000,33.671236083984375,0.046871598809957504,0.1038632020354271,-0.13382373750209808
1771525764727238400,33.68123828125,-0.008522109128534794,0.10599373281002045,-0.3596596419811249
1771525764737241000,33.691240966796876,-0.02450106292963028,0.09108003973960876,-0.5918871164321899
1771525764747243500,33.701243408203126,0.010652636177837849,0.059122130274772644,-0.7186535000801086
1771525764757246200,33.71124609375,0.08628635853528976,0.04527370631694794,-0.6952176690101624
1771525764767248600,33.72124853515625,0.16831165552139282,0.09214530140161514,-0.5194491744041443
1771525764777251300,33.73125122070312,0.20346535742282867,0.1784316599369049,-0.28189539909362793
1771525764787253800,33.74125366210937,0.1502021700143814,0.29454538226127625,-0.06351634114980698
1771525764797256400,33.75125634765625,0.03621896356344223,0.39787596464157104,0.06218476593494415
1771525764807259000,33.7612587890625,-0.09374319761991501,0.4234423041343689,0.05898897349834442
1771525764817261600,33.771261474609375,-0.1832253485918045,0.3478085696697235,-0.04434159770607948
1771525764827264000,33.781263916015625,-0.22903168201446533,0.1933453530073166,-0.18602167069911957
1771525764837266400,33.791266357421875,-0.2503369450569153,0.026098959147930145,-0.31385329365730286
1771525764847268900,33.801268798828126,-0.2780338227748871,-0.08575372397899628,-0.35646384954452515
1771525764857271600,33.811271484375,-0.3185138404369354,-0.1826927214860916,-0.3213101327419281
1771525764867274000,33.82127392578125,-0.3526022732257843,-0.26578328013420105,-0.25206801295280457
1771525764877276400,33.8312763671875,-0.38775596022605896,-0.3424822688102722,-0.1380847990512848
1771525764887279000,33.84127905273437,-0.4133222997188568,-0.4138549268245697,-0.01664474420249462
1771525764897281500,33.85128149414062,-0.4367581009864807,-0.4575307369232178,0.09094688296318054
1771525764907284000,33.86128393554687,-0.44847598671913147,-0.44474756717681885,0.19534271955490112
1771525764917286400,33.87128637695312,-0.45806336402893066,-0.3904191255569458,0.2912164330482483
1771525764927289000,33.8812890625,-0.4569981098175049,-0.31372013688087463,0.3455449044704437
1771525764947294000,33.9012939453125,-0.4378233551979065,-0.15712638199329376,0.3146522343158722
1771525764957296400,33.91129638671875,-0.40799596905708313,-0.09640636295080185,0.275237500667572
1771525764967299000,33.921299072265626,-0.36005911231040955,-0.04953476041555405,0.23688800632953644
1771525764977301500,33.931301513671876,-0.30253487825393677,-0.025033695623278618,0.2102564126253128
1771525764987304000,33.941303955078126,-0.23755379021167755,-0.037816859781742096,0.2006690353155136
1771525764997306400,33.95130639648438,-0.18535587191581726,-0.054861076176166534,0.19960378110408783
1771525765007309000,33.96130908203125,-0.1363537460565567,-0.08149266988039017,0.1964079886674881
1771525765017311500,33.9713115234375,-0.08628635853528976,-0.12410321086645126,0.18469008803367615
1771525765027314000,33.98131396484375,-0.046871598809957504,-0.1688442826271057,0.15699322521686554
1771525765037316400,33.99131640625,-0.0021305272821336985,-0.2071937769651413,0.15273217856884003
1771525765047319000,34.00131909179687,0.0330231711268425,-0.211454838514328,0.17190691828727722
1771525765057321500,34.01132153320312,0.04900212585926056,-0.19228008389472961,0.21132168173789978
1771525765067324000,34.02132397460937,0.05539371073246002,-0.14966954290866852,0.26032379269599915
1771525765077326600,34.03132666015625,0.07563371956348419,-0.12090742588043213,0.2997385561466217
1771525765087329000,34.0413291015625,0.10865689069032669,-0.11451584100723267,0.32956594228744507
1771525765097331500,34.05133154296875,0.1555284857749939,-0.11558110266923904,0.36258912086486816
1771525765107334000,34.061333984375,0.2077264040708542,-0.1272990107536316,0.38815543055534363
1771525765117336600,34.07133666992188,0.24607589840888977,-0.1464737504720688,0.3998733460903168
1771525765127339000,34.08133911132813,0.26525065302848816,-0.16138744354248047,0.36152383685112
1771525765137341400,34.09134155273438,0.26418536901474,-0.18908429145812988,0.2912164330482483
1771525765147344000,34.10134375,0.2503369450569153,-0.22956430912017822,0.2006690353155136
1771525765157346600,34.1113466796875,0.22264009714126587,-0.2583264410495758,0.11118689179420471
1771525765167349000,34.12134887695313,0.19068218767642975,-0.24554327130317688,0.05898897349834442
1771525765177351400,34.13135131835938,0.1693769246339798,-0.20506325364112854,0.0504668653011322
1771525765187353900,34.14135375976562,0.1693769246339798,-0.17097482085227966,0.08455529808998108
1771525765197356500,34.1513564453125,0.20026956498622894,-0.14327795803546906,0.1399490088224411
1771525765207359000,34.16135888671875,0.2396843135356903,-0.13262532651424408,0.1591237634420395
1771525765217361400,34.171361328125,0.245010644197464,-0.10918952524662018,0.07603318989276886
1771525765227364000,34.181364013671875,0.17150744795799255,-0.09640636295080185,-0.10825742036104202
1771525765237366500,34.191366455078125,0.07882951200008392,-0.16777902841567993,-0.37457332015037537
1771525765247369000,34.201368896484375,0.005326318088918924,-0.3062632977962494,-0.616388201713562
1771525765257371400,34.211371337890625,-0.02450106292963028,-0.43409493565559387,-0.7143924236297607
1771525765267374000,34.2213740234375,-0.018109481781721115,-0.5161202549934387,-0.6749776601791382
1771525765277376500,34.23137646484375,-0.004261054564267397,-0.4990760087966919,-0.5024049878120422
1771525765287379000,34.24137890625,-0.01597895473241806,-0.40746334195137024,-0.2083922028541565
1771525765297381400,34.25138134765625,-0.07776424288749695,-0.27963170409202576,0.07603318989276886
1771525765307384000,34.26138403320312,-0.17576849460601807,-0.12516847252845764,0.24114905297756195
1771525765317386500,34.27138647460937,-0.2812296152114868,-0.002663159044459462,0.2475406378507614
1771525765327389000,34.28138891601562,-0.33662331104278564,0.026098959147930145,0.11544794589281082
1771525765337391400,34.29139135742187,-0.3249054253101349,-0.017576850950717926,-0.10719215124845505
1771525765347394000,34.30139404296875,-0.2577938139438629,-0.09960214793682098,-0.32770171761512756
1771525765357396500,34.311396484375,-0.1789642870426178,-0.1592569202184677,-0.447011262178421
1771525765367399000,34.32139892578125,-0.122505322098732,-0.17630113661289215,-0.46938177943229675
1771525765377401600,34.331401611328126,-0.09161267429590225,-0.17097482085227966,-0.4299670457839966
1771525765387404000,34.341404052734376,-0.08309056609869003,-0.15286533534526825,-0.3543333113193512
1771525765397406500,34.351406494140626,-0.09480846673250198,-0.10599373281002045,-0.25845959782600403
1771525765407409000,34.361408935546876,-0.11824426054954529,-0.04740423336625099,-0.14341111481189728
1771525765417411600,34.37141162109375,-0.1363537460565567,-0.006924213841557503,-0.04221107065677643
1771525765427414000,34.3814140625,-0.1406148076057434,-0.009054740890860558,0.005725792143493891
1771525765437416400,34.39141650390625,-0.13209268450737,-0.034621067345142365,0.012117373757064342
1771525765447419000,34.4014189453125,-0.122505322098732,-0.0516652874648571,0.016378428786993027
1771525765457421600,34.41142163085937,-0.10439583659172058,-0.06764423847198486,0.04407528415322304
1771525765467424000,34.42142407226562,-0.07669898122549057,-0.07829687744379044,0.08668582886457443
1771525765477426400,34.43142651367187,-0.05326318368315697,-0.08149266988039017,0.12397005409002304
1771525765487428900,34.44142895507812,-0.03515370190143585,-0.09001477807760239,0.1495363861322403
1771525765497431600,34.451431640625,-0.017044218257069588,-0.08255793154239655,0.17616797983646393
1771525765507434000,34.46143408203125,0,-0.04740423336625099,0.20493009686470032
1771525765517436400,34.4714365234375,0.017044218257069588,-0.009054740890860558,0.23582273721694946
1771525765527439000,34.481439208984376,0.030892645940184593,0.013315795920789242,0.2656501233577728
1771525765537441500,34.49144165039063,0.03728422895073891,0.04740423336625099,0.28802067041397095
1771525765547444000,34.50144384765625,0.03941475600004196,0.07403582334518433,0.28802067041397095
1771525765557446400,34.5114462890625,0.04793686419725418,0.08149266988039017,0.27310696244239807
1771525765567449000,34.52144897460938,0.05965476483106613,0.08362319320440292,0.24647536873817444
1771525765577451500,34.53145141601563,0.07669898122549057,0.07616634666919708,0.1825595498085022
1771525765587454000,34.54145385742188,0.11078742146492004,0.0655137151479721,0.11970899999141693
1771525765597456400,34.55145629882813,0.16192007064819336,0.07297056168317795,0.0834900364279747
1771525765607459000,34.561458984375,0.2024000883102417,0.0942758321762085,0.07283740490674973
1771525765617461500,34.57146142578125,0.21518325805664062,0.1464737504720688,0.09094688296318054
1771525765637466600,34.591466552734374,0.20559588074684143,0.2785664498806,0.12716585397720337
1771525765647469000,34.601468994140625,0.19494324922561646,0.3201117217540741,0.12077426165342331
1771525765657471700,34.6114716796875,0.188551664352417,0.3201117217540741,0.10266478359699249
1771525765667474200,34.62147412109375,0.19387798011302948,0.2828274965286255,0.0930774137377739
1771525765677476900,34.63147680664063,0.19600850343704224,0.23915168642997742,0.10799109935760498
1771525765687479300,34.64147924804688,0.18961693346500397,0.21358536183834076,0.11438268423080444
1771525765697481700,34.65148168945313,0.16298533976078033,0.19228008389472961,0.12503531575202942
1771525765707484400,34.661484375,0.122505322098732,0.20293273031711578,0.15699322521686554
1771525765717486800,34.67148681640625,0.06498108059167862,0.2306295782327652,0.17190691828727722
1771525765727489500,34.68148950195312,-0.0031957910396158695,0.22423799335956573,0.0834900364279747
1771525765737492000,34.691491943359374,-0.058589499443769455,0.21038956940174103,-0.08056056499481201
1771525765747494700,34.70149462890625,-0.07882951200008392,0.19973693788051605,-0.22863221168518066
1771525765757497000,34.7114970703125,-0.03515370190143585,0.14008216559886932,-0.3404848873615265
1771525765767499800,34.72149975585938,0.07243792712688446,0.07723161578178406,-0.36498594284057617
1771525765777502200,34.73150219726563,0.19920429587364197,0.07723161578178406,-0.24993747472763062
1771525765787505000,34.7415048828125,0.28868645429611206,0.1315600574016571,-0.08056056499481201
1771525765797507300,34.75150732421875,0.2908169627189636,0.2263685166835785,0.03981423005461693
1771525765817512400,34.77151245117187,0.09054741263389587,0.42131176590919495,0.06964161247015
1771525765827515100,34.78151513671875,-0.01597895473241806,0.4149201810359955,-0.056059498339891434
1771525765837517600,34.791517578125,-0.07456845790147781,0.34567806124687195,-0.2169143110513687
1771525765847520000,34.80152001953125,-0.10120004415512085,0.23915168642997742,-0.3543333113193512
1771525765857522700,34.811522705078126,-0.10865689069032669,0.11984215676784515,-0.41824913024902344
1771525765877527800,34.83152783203125,-0.13209268450737,-0.10066741704940796,-0.34155014157295227
1771525765887530200,34.8415302734375,-0.16618113219738007,-0.16777902841567993,-0.24887222051620483
1771525765897533000,34.85153295898437,-0.20026956498622894,-0.21038956940174103,-0.11997532099485397
1771525765907535400,34.86153540039062,-0.22477063536643982,-0.2583264410495758,0.0153131652623415
1771525765917538000,34.8715380859375,-0.24181485176086426,-0.3009369671344757,0.13142690062522888
1771525765927540500,34.88154052734375,-0.26525065302848816,-0.31798118352890015,0.21238693594932556
1771525765937543200,34.891543212890625,-0.2833601236343384,-0.297741174697876,0.2475406378507614
1771525765947545600,34.901545654296875,-0.28868645429611206,-0.23169484734535217,0.26458486914634705
1771525765957548300,34.91154833984375,-0.2769685387611389,-0.1315600574016571,0.26458486914634705
1771525765967550700,34.92155078125,-0.253532737493515,-0.03142527863383293,0.25499749183654785
1771525765977553200,34.93155322265625,-0.2162485122680664,0.04740423336625099,0.24541011452674866
1771525765987555600,34.9415556640625,-0.16618113219738007,0.09214530140161514,0.2475406378507614
1771525765997558300,34.95155834960938,-0.1129179447889328,0.1038632020354271,0.2571280002593994
1771525766007560700,34.96156079101563,-0.0703074038028717,0.08255793154239655,0.23688800632953644
1771525766017563100,34.97156323242187,-0.03515370190143585,0.046338967978954315,0.20279955863952637
1771525766027565800,34.98156591796875,-0.0021305272821336985,0.006924213841557503,0.17190691828727722
1771525766037568300,34.991568359375,0.02769685536623001,-0.02396843209862709,0.1399490088224411
1771525766047570700,35.00157080078125,0.05539371073246002,-0.053795814514160156,0.11118689179420471
1771525766057573000,35.01157299804687,0.08202529698610306,-0.07190529257059097,0.09627319872379303
1771525766067575800,35.021575927734375,0.10652636736631393,-0.0708400309085846,0.09840372949838638
1771525766077578200,35.031578125,0.13315795361995697,-0.05592634156346321,0.1069258376955986
1771525766087580700,35.04158056640625,0.16085481643676758,-0.03568633273243904,0.11544794589281082
1771525766097583000,35.0515830078125,0.19387798011302948,-0.01970737800002098,0.12503531575202942
1771525766107585800,35.061585693359376,0.22690115869045258,-0.018642114475369453,0.1261005848646164
1771525766117588200,35.071588134765626,0.25566327571868896,-0.027164222672581673,0.11438268423080444
1771525766127590700,35.08159057617188,0.26418536901474,-0.03249054029583931,0.08135951310396194
1771525766137593000,35.09159301757813,0.2503369450569153,-0.03994738683104515,0.04407528415322304
1771525766147595800,35.101595703125,0.23222747445106506,-0.06018739566206932,0.006791055668145418
1771525766157598200,35.11159814453125,0.21731378138065338,-0.07616634666919708,-0.018775271251797676
1771525766167600600,35.1216005859375,0.20985694229602814,-0.06764423847198486,-0.0070573715493083
1771525766177603000,35.13160302734375,0.20346535742282867,-0.04953476041555405,0.03874896466732025
1771525766187605800,35.14160571289062,0.19387798011302948,-0.03568633273243904,0.08668582886457443
1771525766197608200,35.15160815429687,0.19920429587364197,-0.058056868612766266,0.12397005409002304
1771525766207610600,35.161610595703124,0.22796641290187836,-0.0985368862748146,0.12929637730121613
1771525766217613300,35.17161328125,0.24181485176086426,-0.09108003973960876,0.061119500547647476
1771525766227615700,35.18161572265625,0.2024000883102417,-0.06444845348596573,-0.11784479022026062
1771525766237618200,35.1916181640625,0.13848426938056946,-0.1081242561340332,-0.3830954432487488
1771525766247620600,35.20162060546875,0.11078742146492004,-0.23595589399337769,-0.5908218622207642
1771525766257623300,35.21162329101563,0.12996216118335724,-0.3712443709373474,-0.6494113206863403
1771525766267625700,35.22162573242188,0.16831165552139282,-0.4745749533176422,-0.5812344551086426
1771525766277628200,35.23162817382813,0.19174745678901672,-0.5150549411773682,-0.3777691125869751
1771525766287630600,35.24163061523438,0.16405059397220612,-0.4575307369232178,-0.08269108831882477
1771525766297633300,35.25163330078125,0.06711161136627197,-0.3009369671344757,0.20279955863952637
1771525766307635700,35.2616357421875,-0.061785291880369186,-0.10705899447202682,0.35832804441452026
1771525766317638100,35.27163818359375,-0.18216007947921753,0.05699160322546959,0.3370227813720703
1771525766327640600,35.281640625,-0.23755379021167755,0.1411474347114563,0.19321219623088837
1771525766337643300,35.291643310546874,-0.21518325805664062,0.1272990107536316,-0.0294279083609581
1771525766347645700,35.301645751953124,-0.13209268450737,0.025033695623278618,-0.24248063564300537
1771525766357648100,35.311648193359375,-0.04793686419725418,-0.11238531768321991,-0.3969438672065735
1771525766367650800,35.32165087890625,-0.004261054564267397,-0.23276010155677795,-0.47470811009407043
1771525766377653200,35.3316533203125,-0.011717899702489376,-0.3094590902328491,-0.4853607416152954
1771525766387655700,35.34165576171875,-0.05965476483106613,-0.33715593814849854,-0.4352933466434479
1771525766397658000,35.351658203125,-0.11398320645093918,-0.3062632977962494,-0.31811434030532837
1771525766407660800,35.36166088867188,-0.16298533976078033,-0.211454838514328,-0.1423458606004715
1771525766417663200,35.37166333007813,-0.19920429587364197,-0.09001477807760239,0.01850895583629608
1771525766427665700,35.38166577148438,-0.2119874656200409,0.010120004415512085,0.11118689179420471
1771525766437668000,35.39166821289062,-0.20346535742282867,0.07829687744379044,0.14634059369564056
1771525766447670800,35.4016708984375,-0.17044217884540558,0.09640636295080185,0.14740586280822754
1771525766457673200,35.41167309570312,-0.12570111453533173,0.07829687744379044,0.12183953076601028
1771525766467675600,35.42167553710937,-0.0894821435213089,0.06870950758457184,0.10479531437158585
1771525766477678000,35.43167797851562,-0.0703074038028717,0.053795814514160156,0.10799109935760498
1771525766487680800,35.4416806640625,-0.05965476483106613,0.017576850950717926,0.1261005848646164
1771525766497683200,35.45168310546875,-0.054328445345163345,-0.027164222672581673,0.14207953214645386
1771525766507685600,35.461685546875,-0.050067391246557236,-0.0708400309085846,0.15699322521686554
1771525766517688300,35.471688232421876,-0.0564589723944664,-0.08149266988039017,0.17829850316047668
1771525766527690800,35.481690673828126,-0.07563371956348419,-0.07190529257059097,0.19427745044231415
1771525766537693200,35.491693115234376,-0.09161267429590225,-0.029294749721884727,0.20279955863952637
1771525766547695600,35.50169555664063,-0.09800425171852112,0.03142527863383293,0.22303956747055054
1771525766557698300,35.5116982421875,-0.09587372839450836,0.10705899447202682,0.23156169056892395
1771525766567700700,35.52170068359375,-0.09374319761991501,0.1933453530073166,0.21238693594932556
1771525766577703200,35.531703125,-0.08841688185930252,0.28389275074005127,0.19853851199150085
1771525766587705600,35.54170556640625,-0.07456845790147781,0.35100436210632324,0.18788588047027588
1771525766597708300,35.55170825195312,-0.04900212585926056,0.36911386251449585,0.16551533341407776
1771525766607710700,35.56171069335937,0,0.33182963728904724,0.16231954097747803
1771525766617713200,35.57171313476562,0.06498108059167862,0.2732401192188263,0.17829850316047668
1771525766627715600,35.581715576171874,0.12357058376073837,0.22317273914813995,0.17403744161128998
1771525766647720700,35.601720703125,0.1736379712820053,0.2583264410495758,0.1346226930618286
1771525766657723100,35.61172314453125,0.17257271707057953,0.29454538226127625,0.11118689179420471
1771525766667725800,35.62172583007813,0.16831165552139282,0.30413275957107544,0.06964161247015
1771525766677728300,35.63172827148438,0.1597895473241806,0.29880645871162415,0.025965800508856773
1771525766687730700,35.64173071289063,0.14913691580295563,0.29348012804985046,-0.02197106182575226
1771525766697733000,35.65173315429688,0.15872427821159363,0.2402169555425644,-0.10080057382583618
1771525766707735800,35.66173583984375,0.17470324039459229,0.17630113661289215,-0.203065887093544
1771525766717738200,35.67173828125,0.15339796245098114,0.154995858669281,-0.31917962431907654
1771525766727740700,35.68174072265625,0.08841688185930252,0.15180006623268127,-0.48429548740386963
1771525766737743000,35.6917431640625,0.030892645940184593,0.11345057934522629,-0.676042914390564
1771525766747745800,35.701745849609374,0.030892645940184593,0.06977476924657822,-0.7612640261650085
1771525766757748200,35.711748291015624,0.08309056609869003,0.03568633273243904,-0.6483460664749146
1771525766767750700,35.721750732421874,0.13848426938056946,0.015446322970092297,-0.3958786129951477
1771525766777753000,35.731753173828125,0.15233269333839417,0.01970737800002098,-0.08908267319202423
1771525766787755800,35.741755859375,0.10013478249311447,0.04740423336625099,0.18469008803367615
1771525766797758200,35.75175830078125,-0.0074568456038832664,0.07723161578178406,0.32956594228744507
1771525766807760600,35.7617607421875,-0.13528847694396973,0.09534109383821487,0.3242396116256714
1771525766817763000,35.77176318359375,-0.2396843135356903,0.13049480319023132,0.18575534224510193
1771525766827765800,35.78176586914063,-0.29933908581733704,0.18695376813411713,-0.04860265180468559
1771525766837768200,35.79176831054688,-0.27909907698631287,0.20399798452854156,-0.2968090772628784
1771525766847770600,35.8017705078125,-0.20026956498622894,0.17097482085227966,-0.4960133731365204
1771525766857773300,35.81177319335937,-0.11398320645093918,0.12836426496505737,-0.600409209728241
1771525766867775700,35.82177563476562,-0.05113265663385391,0.08042740821838379,-0.6408892273902893
1771525766877778200,35.83177807617187,-0.0330231711268425,0.02396843209862709,-0.6259755492210388
1771525766887780600,35.84178051757812,-0.05326318368315697,-0.061252661049366,-0.5524723529815674
1771525766897783300,35.851783203125,-0.09374319761991501,-0.1464737504720688,-0.41292282938957214
1771525766907785700,35.86178564453125,-0.1459411233663559,-0.21465063095092773,-0.23289325833320618
1771525766917788200,35.8717880859375,-0.20453062653541565,-0.25619590282440186,-0.07736477255821228
1771525766927790600,35.88179052734375,-0.26098960638046265,-0.2540653645992279,0.05259739235043526
1771525766937793300,35.891793212890626,-0.28549066185951233,-0.2348906397819519,0.1591237634420395
1771525766947795700,35.901795654296876,-0.27909907698631287,-0.19441060721874237,0.23688800632953644
1771525766957798100,35.911798095703126,-0.2599243223667145,-0.1411474347114563,0.2720417082309723
1771525766967800600,35.92180053710938,-0.22690115869045258,-0.09108003973960876,0.2635195851325989
1771525766977803300,35.93180322265625,-0.18002955615520477,-0.050600022077560425,0.2390185296535492
1771525766987805700,35.9418056640625,-0.13741901516914368,-0.018642114475369453,0.21238693594932556
1771525766997808000,35.95180810546875,-0.08415582776069641,0.017576850950717926,0.1687111258506775
1771525767007810800,35.96181079101562,-0.018109481781721115,0.02396843209862709,0.09946899116039276
1771525767017813200,35.97181323242187,0.05219791829586029,0.011185267940163612,0.04727107286453247
1771525767027815700,35.98181567382812,0.11611373722553253,-0.0037284228019416332,0.03235738351941109
1771525767037818000,35.99181811523437,0.16831165552139282,-0.017576850950717926,0.030226856470108032
1771525767047820800,36.00182080078125,0.2024000883102417,-0.01970737800002098,0.012117373757064342
1771525767057823200,36.0118232421875,0.24394537508487701,-0.03142527863383293,0.017443692311644554
1771525767067825700,36.02182568359375,0.2929475009441376,-0.053795814514160156,0.03981423005461693
1771525767077828000,36.031828125,0.3302317261695862,-0.07723161578178406,0.061119500547647476
1771525767087830800,36.04183081054688,0.3653854429721832,-0.1177116334438324,0.09520793706178665
1771525767097833200,36.05183325195313,0.3962780833244324,-0.1645832359790802,0.14207953214645386
1771525767107835600,36.06183569335938,0.4154528081417084,-0.17949692904949188,0.22197431325912476
1771525767117838000,36.07183813476563,0.42077913880348206,-0.1688442826271057,0.2954775094985962
1771525767127840800,36.0818408203125,0.4154528081417084,-0.1411474347114563,0.33915331959724426
1771525767137843200,36.09184326171875,0.41225701570510864,-0.1272990107536316,0.34980595111846924
1771525767147845600,36.101845703125,0.4143875539302826,-0.15286533534526825,0.3231743574142456
1771525767157848300,36.11184838867187,0.41225701570510864,-0.22956430912017822,0.2624543309211731
1771525767167850800,36.121850830078124,0.4048001766204834,-0.3211769759654999,0.19534271955490112
1771525767177853200,36.131853271484374,0.3866907060146332,-0.3914843797683716,0.15166690945625305
1771525767187855600,36.141855712890624,0.3632549047470093,-0.4234423041343689,0.15166690945625305
1771525767197858300,36.1518583984375,0.3398191034793854,-0.4138549268245697,0.18362481892108917
1771525767207860700,36.16186083984375,0.32810118794441223,-0.3818970024585724,0.23582273721694946
1771525767217863400,36.17186352539063,0.3344927728176117,-0.37337490916252136,0.2954775094985962
1771525767227865900,36.18186596679688,0.3536675274372101,-0.3808317482471466,0.32530489563941956
1771525767237868500,36.19186865234375,0.34621068835258484,-0.37337490916252136,0.2624543309211731
1771525767247871000,36.20187109375,0.29401275515556335,-0.3755054473876953,0.06644582003355026
1771525767257873700,36.21187377929687,0.22903168201446533,-0.42983388900756836,-0.21371851861476898
1771525767287881200,36.241881103515624,0.10546109825372696,-0.8090677261352539,-0.713327169418335
1771525767297883600,36.251883544921874,0.122505322098732,-0.8740488290786743,-0.5237102508544922
1771525767307886300,36.26188623046875,0.12996216118335724,-0.8101329803466797,-0.15939007699489594
1771525767317888800,36.271888671875,0.07243792712688446,-0.6013413071632385,0.2241048365831375
1771525767327891500,36.28189135742188,-0.046871598809957504,-0.3392864763736725,0.4605933725833893
1771525767337894000,36.29189379882813,-0.18002955615520477,-0.14860427379608154,0.5032039284706116
1771525767347896600,36.301896484375,-0.2812296152114868,-0.07723161578178406,0.38709017634391785
1771525767357899000,36.31189892578125,-0.3153180480003357,-0.11132004857063293,0.15486270189285278
1771525767367901700,36.32190161132812,-0.25566327571868896,-0.22210747003555298,-0.10399636626243591
1771525767377904000,36.33190405273437,-0.13954953849315643,-0.3563306927680969,-0.3063964545726776
1771525767387906800,36.34190673828125,-0.023435799404978752,-0.456465482711792,-0.42251017689704895
1771525767397909200,36.3519091796875,0.05113265663385391,-0.4948149621486664,-0.46831652522087097
1771525767407912000,36.361911865234376,0.066046342253685,-0.46924862265586853,-0.4629902243614197
1771525767417914400,36.371914306640626,0.03621896356344223,-0.4127896726131439,-0.4193144142627716
1771525767427917000,36.3819169921875,-0.014913691207766533,-0.3147853910923004,-0.3298322558403015
1771525767437919500,36.39191943359375,-0.07776424288749695,-0.17310534417629242,-0.19134798645973206
1771525767447922200,36.40192211914062,-0.13209268450737,-0.050600022077560425,-0.04434159770607948
1771525767457924600,36.41192456054687,-0.15872427821159363,0.015446322970092297,0.07070687413215637
1771525767467927000,36.42192700195312,-0.15872427821159363,0.030360013246536255,0.12823110818862915
1771525767477929700,36.4319296875,-0.14913691580295563,0.020772641524672508,0.1452753245830536
1771525767487932200,36.44193212890625,-0.14274533092975616,-0.009054740890860558,0.12929637730121613
1771525767497934600,36.4519345703125,-0.1363537460565567,-0.050600022077560425,0.08562056720256805
1771525767507937300,36.461937255859375,-0.12144005298614502,-0.08894951641559601,0.05153212696313858
1771525767517939700,36.471939697265626,-0.10652636736631393,-0.09321057051420212,0.049401599913835526
1771525767537944800,36.49194482421875,-0.07350318878889084,-0.011185267940163612,0.13142690062522888
1771525767547947300,36.501947265625,-0.054328445345163345,0.020772641524672508,0.17190691828727722
1771525767557949700,36.51194970703125,-0.029827382415533066,0.037816859781742096,0.20386482775211334
1771525767567952100,36.5219521484375,0.005326318088918924,0.03142527863383293,0.2432795912027359
1771525767577954800,36.53195483398437,0.038349490612745285,0.0037284228019416332,0.26991117000579834
1771525767587957200,36.54195727539062,0.05539371073246002,-0.00798947736620903,0.27310696244239807
1771525767597959700,36.55195971679687,0.05965476483106613,0.005858949851244688,0.26991117000579834
1771525767607962000,36.56196215820312,0.046871598809957504,0.05273054912686348,0.25925853848457336
1771525767617964800,36.57196484375,0.042610544711351395,0.09747162461280823,0.23688800632953644
1771525767627967200,36.58196728515625,0.05752423778176308,0.13049480319023132,0.19960378110408783
1771525767647972000,36.60197216796875,0.11930952966213226,0.16564849019050598,0.11225215345621109
1771525767657974800,36.611974853515626,0.1555284857749939,0.154995858669281,0.061119500547647476
1771525767667977200,36.62197729492188,0.1832253485918045,0.14966954290866852,0.01850895583629608
1771525767677979600,36.63197973632813,0.1981390416622162,0.15819165110588074,-0.0070573715493083
1771525767687982000,36.64198217773438,0.20985694229602814,0.17523586750030518,-0.019840534776449203
1771525767697984800,36.65198486328125,0.22264009714126587,0.19441060721874237,-0.02197106182575226
1771525767707987200,36.6619873046875,0.25140222907066345,0.1933453530073166,-0.026232117787003517
1771525767717989600,36.67198974609375,0.2822948694229126,0.1976063996553421,-0.024101590737700462
1771525767727992300,36.68199243164062,0.2961432933807373,0.21038956940174103,-0.015579480677843094
1771525767737994800,36.69199487304687,0.2972085475921631,0.23276010155677795,0.001464737462811172
1771525767747997200,36.7019970703125,0.2972085475921631,0.23702116310596466,0.02383527345955372
1771525767757999600,36.71199951171875,0.2769685387611389,0.2583264410495758,0.061119500547647476
1771525767768002300,36.722002197265624,0.24607589840888977,0.28495803475379944,0.12183953076601028
1771525767778004700,36.732004638671874,0.21305273473262787,0.2956106662750244,0.1452753245830536
1771525767788007200,36.742007080078125,0.16192007064819336,0.2998717129230499,0.09627319872379303
1771525767798009600,36.752009521484375,0.10865689069032669,0.3020022511482239,-0.02516685426235199
1771525767808012300,36.76201220703125,0.06498108059167862,0.2732401192188263,-0.18815219402313232
1771525767818014700,36.7720146484375,0.06711161136627197,0.18056218326091766,-0.36179015040397644
1771525767828017200,36.78201708984375,0.11611373722553253,0.04101264849305153,-0.4768386483192444
1771525767838019600,36.79201953125,0.18109482526779175,-0.06870950758457184,-0.5237102508544922
1771525767848022300,36.80202221679688,0.22796641290187836,-0.1645832359790802,-0.5343628525733948
1771525767858024700,36.81202465820313,0.22690115869045258,-0.22210747003555298,-0.5354281663894653
1771525767878029800,36.83202978515625,0.1651158630847931,-0.12836426496505737,-0.5844302773475647
1771525767888032300,36.8420322265625,0.12996216118335724,-0.027164222672581673,-0.6430197358131409
1771525767898034700,36.85203466796875,0.034088436514139175,0.11025478690862656,-0.7111966609954834
1771525767908037000,36.862037109375,-0.04474107176065445,0.29028433561325073,-0.7229145169258118
1771525767918039800,36.872039794921875,-0.046871598809957504,0.42024651169776917,-0.7090660929679871
1771525767928042200,36.882042236328125,-0.010652636177837849,0.47777074575424194,-0.7122619152069092
1771525767938044700,36.892044677734376,0.01597895473241806,0.3254380524158478,-0.721849262714386
1771525767948047000,36.902047119140626,-0.022370535880327225,-0.015446322970092297,-0.6909566521644592
1771525767958049800,36.9120498046875,-0.054328445345163345,-0.23808641731739044,-0.6494113206863403
1771525767968052200,36.92205224609375,-0.0703074038028717,-0.43942126631736755,-0.5503418445587158
1771525767978054700,36.9320546875,-0.09054741263389587,-0.6301034688949585,-0.41292282938957214
1771525767988057000,36.94205712890625,-0.11078742146492004,-0.7430213689804077,-0.24674169719219208
1771525767998059800,36.95205981445312,-0.13315795361995697,-0.67484450340271,-0.06458161026239395
1771525768008062200,36.96206225585937,-0.19387798011302948,-0.5512739419937134,0.14207953214645386
1771525768018064600,36.97206469726562,-0.30892646312713623,-0.39681071043014526,0.3093259334564209
1771525768028067300,36.9820673828125,-0.4175833463668823,-0.19228008389472961,0.44354915618896484
1771525768038069800,36.99206982421875,-0.4942823350429535,-0.005858949851244688,0.5532712936401367
1771525768048072200,37.002072265625,-0.5688507556915283,0.12942953407764435,0.6129260659217834
1771525768058074600,37.01207470703125,-0.5976129174232483,0.2071937769651413,0.6161218881607056
1771525768068077300,37.022077392578126,-0.5944170951843262,0.24554327130317688,0.5660544633865356
1771525768078079700,37.032079833984376,-0.5624592304229736,0.20932430028915405,0.47124600410461426
1771525768088082200,37.04208227539063,-0.48256441950798035,0.14434322714805603,0.33915331959724426
1771525768098084600,37.05208471679688,-0.4048001766204834,0.06018739566206932,0.1676458716392517
1771525768108087300,37.06208740234375,-0.3334275186061859,-0.053795814514160156,-0.015579480677843094
1771525768118089700,37.07208984375,-0.24288010597229004,-0.1315600574016571,-0.1561942845582962
1771525768128092200,37.08209204101563,-0.16298533976078033,-0.20825904607772827,-0.24780695140361786
1771525768138094600,37.09209448242188,-0.11824426054954529,-0.2775011658668518,-0.2882869839668274
1771525768148097300,37.10209716796875,-0.10972215235233307,-0.3105243444442749,-0.2893522381782532
1771525768158099700,37.112099609375,-0.11930952966213226,-0.29028433561325073,-0.2318280041217804
1771525768168102100,37.12210205078125,-0.14274533092975616,-0.24341274797916412,-0.15832480788230896
1771525768178104800,37.132104736328124,-0.15126743912696838,-0.20080219209194183,-0.09653951972723007
1771525768188107300,37.142107177734374,-0.14381058514118195,-0.1688442826271057,-0.07416898012161255
1771525768198109700,37.152109619140624,-0.12357058376073837,-0.14753901958465576,-0.09014793485403061
1771525768208112000,37.162112060546875,-0.09480846673250198,-0.11664637178182602,-0.09653951972723007
1771525768218114800,37.17211474609375,-0.06072002649307251,-0.1038632020354271,-0.06564687192440033
1771525768228117200,37.1821171875,-0.023435799404978752,-0.09214530140161514,-0.0070573715493083
1771525768238119700,37.19211962890625,0.004261054564267397,-0.08042740821838379,0.05153212696313858
1771525768248122000,37.2021220703125,0.021305272355675697,-0.04101264849305153,0.09414267539978027
1771525768258124800,37.21212475585938,0.02769685536623001,0.002663159044459462,0.11438268423080444
1771525768268127200,37.22212719726563,0.050067391246557236,0.03675159439444542,0.1452753245830536
1771525768278129700,37.23212963867188,0.06391581892967224,0.015446322970092297,0.1261005848646164
1771525768288132000,37.24213208007812,0.09800425171852112,-0.0282294861972332,0.09733846783638
1771525768298134800,37.252134765625,0.1459411233663559,-0.0708400309085846,0.0930774137377739
1771525768308137200,37.26213720703125,0.18961693346500397,-0.14327795803546906,0.09520793706178665
1771525768318139600,37.2721396484375,0.23648852109909058,-0.21997694671154022,0.11970899999141693
1771525768328142300,37.282142333984375,0.2822948694229126,-0.2817622423171997,0.1442100703716278
1771525768338144800,37.292144775390625,0.3004043400287628,-0.3190464675426483,0.15699322521686554
1771525768348147200,37.302147216796875,0.2918822467327118,-0.33715593814849854,0.14634059369564056
1771525768358149600,37.312149658203126,0.25672852993011475,-0.32650330662727356,0.11757847666740417
1771525768368152300,37.32215234375,0.20133483409881592,-0.30306750535964966,0.08029424399137497
1771525768378154800,37.33215478515625,0.14807164669036865,-0.26045694947242737,0.05898897349834442
1771525768388157200,37.3421572265625,0.11185268312692642,-0.23915168642997742,0.05685844644904137
1771525768398159600,37.35215966796875,0.06924213469028473,-0.24767379462718964,0.06644582003355026
1771525768408162300,37.36216235351562,0.025566328316926956,-0.24660852551460266,0.08988162130117416
1771525768418164700,37.37216479492187,-0.0074568456038832664,-0.22956430912017822,0.1165132075548172
1771525768428167200,37.38216723632812,-0.04367581009864807,-0.18908429145812988,0.13781848549842834
1771525768438169600,37.39216967773437,-0.07669898122549057,-0.14860427379608154,0.1495363861322403
1771525768448172300,37.40217236328125,-0.10120004415512085,-0.11025478690862656,0.13888375461101532
1771525768458174700,37.4121748046875,-0.12996216118335724,-0.06870950758457184,0.12716585397720337
1771525768468177200,37.42217724609375,-0.15872427821159363,-0.022903168573975563,0.09414267539978027
1771525768478179600,37.4321796875,-0.1789642870426178,0.00798947736620903,0.03555317223072052
1771525768488182300,37.442182373046876,-0.1928127259016037,0.027164222672581673,-0.056059498339891434
1771525768498184700,37.452184814453126,-0.19174745678901672,0.03142527863383293,-0.15512901544570923
1771525768508187100,37.46218725585938,-0.1789642870426178,0.033555805683135986,-0.24674169719219208
1771525768518189800,37.47218994140625,-0.15233269333839417,0.005858949851244688,-0.3106575012207031
1771525768528192300,37.48219213867188,-0.12463584542274475,-0.0282294861972332,-0.3394196331501007
1771525768538194700,37.49219458007813,-0.1033305749297142,-0.053795814514160156,-0.32876700162887573
1771525768548197000,37.50219702148438,-0.09161267429590225,-0.0708400309085846,-0.29467856884002686
1771525768558199800,37.51219970703125,-0.0894821435213089,-0.07616634666919708,-0.24461115896701813
1771525768568202200,37.5222021484375,-0.10013478249311447,-0.06977476924657822,-0.16365112364292145
1771525768578204700,37.53220458984375,-0.12144005298614502,-0.061252661049366,-0.07736477255821228
1771525768588207000,37.54220703125,-0.14913691580295563,-0.0655137151479721,-0.0070573715493083
1771525768598209800,37.552209716796874,-0.17576849460601807,-0.06338318437337875,0.03555317223072052
1771525768608212200,37.562212158203124,-0.19494324922561646,-0.0751010850071907,0.06857634335756302
1771525768618214700,37.572214599609374,-0.21092219650745392,-0.0985368862748146,0.10479531437158585
1771525768628217000,37.582217041015625,-0.2215748429298401,-0.12942953407764435,0.1537974327802658
1771525768648222200,37.60222216796875,-0.23329274356365204,-0.17204007506370544,0.27310696244239807
1771525768658224600,37.612224609375,-0.24074958264827728,-0.17736639082431793,0.30186909437179565
1771525768668227300,37.62222729492188,-0.24288010597229004,-0.15286533534526825,0.3008038103580475
1771525768678229800,37.63222973632813,-0.24607589840888977,-0.12623374164104462,0.27843329310417175
1771525768688232200,37.64223217773438,-0.2503369450569153,-0.10918952524662018,0.2347574681043625
1771525768698234600,37.65223461914063,-0.253532737493515,-0.09747162461280823,0.18895113468170166
1771525768708237300,37.6622373046875,-0.2599243223667145,-0.1038632020354271,0.14634059369564056
1771525768718239700,37.67223974609375,-0.2716422379016876,-0.12303794920444489,0.09840372949838638
1771525768728242200,37.6822421875,-0.2727074921131134,-0.12836426496505737,0.04727107286453247
1771525768738244600,37.69224462890625,-0.26098960638046265,-0.14434322714805603,-0.009187898598611355
1771525768748247300,37.702247314453125,-0.25246748328208923,-0.16245271265506744,-0.08908267319202423
1771525768758249700,37.712249755859375,-0.23861905932426453,-0.17630113661289215,-0.1796300858259201
1771525768768252200,37.722252197265625,-0.22477063536643982,-0.18162745237350464,-0.24993747472763062
1771525768778254600,37.732254638671876,-0.2024000883102417,-0.17204007506370544,-0.28509119153022766
1771525768788257300,37.74225732421875,-0.1597895473241806,-0.18695376813411713,-0.2786996066570282
1771525768798259700,37.752259765625,-0.12357058376073837,-0.267913818359375,-0.25845959782600403
1771525768808262100,37.76226220703125,-0.08309056609869003,-0.3254380524158478,-0.2265016883611679
1771525768818264800,37.77226489257812,-0.04900212585926056,-0.3712443709373474,-0.17749954760074615
1771525768828267300,37.78226733398437,-0.021305272355675697,-0.3797664940357208,-0.12104058265686035
1771525768838269700,37.79226977539062,0.025566328316926956,-0.3339601457118988,-0.03795001655817032
1771525768848272100,37.80227221679687,0.038349490612745285,-0.343547523021698,0.04833633825182915
1771525768858274800,37.81227490234375,0.023435799404978752,-0.3296990990638733,0.11864373832941055
1771525768868277200,37.82227734375,0.005326318088918924,-0.26471802592277527,0.17403744161128998
1771525768878279700,37.83227978515625,-0.038349490612745285,-0.17097482085227966,0.20386482775211334
1771525768888282000,37.8422822265625,-0.10120004415512085,-0.08042740821838379,0.22197431325912476
1771525768898284800,37.852284912109376,-0.16192007064819336,0.0037284228019416332,0.21771325170993805
1771525768908287200,37.862287353515626,-0.20559588074684143,0.053795814514160156,0.1910816729068756
1771525768918289700,37.87228955078125,-0.23435799777507782,0.06764423847198486,0.14634059369564056
1771525768928292000,37.8822919921875,-0.24607589840888977,0.038882121443748474,0.07496792823076248
1771525768938294800,37.89229467773438,-0.25246748328208923,0.01438105944544077,-0.008122635073959827
1771525768948297200,37.90229711914063,-0.24820642173290253,0.00798947736620903,-0.05819002538919449
1771525768958299600,37.91229956054688,-0.21944430470466614,-0.011185267940163612,-0.09227846562862396
1771525768968302000,37.92230200195313,-0.17257271707057953,-0.058056868612766266,-0.1327584832906723
1771525768978304800,37.9323046875,-0.12783163785934448,-0.10492847114801407,-0.16897743940353394
1771525768988307200,37.94230712890625,-0.10120004415512085,-0.1645832359790802,-0.20732693374156952
1771525768998309600,37.9523095703125,-0.09161267429590225,-0.22849905490875244,-0.25206801295280457
1771525769008312300,37.96231225585937,-0.11185268312692642,-0.26152223348617554,-0.27550381422042847
1771525769018314800,37.972314697265624,-0.17044217884540558,-0.20932430028915405,-0.25845959782600403
1771525769028317200,37.982317138671874,-0.21305273473262787,-0.07723161578178406,-0.16791218519210815
1771525769038319600,37.992319580078124,-0.20133483409881592,0.046338967978954315,-0.035819489508867264
1771525769048322300,38.002322265625,-0.18535587191581726,0.12516847252845764,0.08881635963916779
1771525769058324700,38.01232470703125,-0.16085481643676758,0.17310534417629242,0.16977639496326447
1771525769068327200,38.0223271484375,-0.14807164669036865,0.19441060721874237,0.20812588930130005
1771525769078329600,38.03232958984375,-0.12783163785934448,0.19867166876792908,0.22943115234375
1771525769088332300,38.04233227539063,-0.09161267429590225,0.16138744354248047,0.21238693594932556
1771525769098334700,38.05233471679688,-0.066046342253685,0.09640636295080185,0.15699322521686554
1771525769108337200,38.06233715820313,-0.04474107176065445,0.009054740890860558,0.10905636847019196
1771525769118339600,38.07233959960938,-0.02024000883102417,-0.07190529257059097,0.07496792823076248
1771525769128342300,38.08234228515625,-0.005326318088918924,-0.12197268754243851,0.045140545815229416
1771525769138344700,38.0923447265625,0.010652636177837849,-0.15180006623268127,0.014247900806367397
1771525769148347100,38.10234716796875,0.017044218257069588,-0.14753901958465576,0.001464737462811172
1771525769158349800,38.112349853515624,0.02876211889088154,-0.08362319320440292,0.0035952648613601923
1771525769178354700,38.132354736328125,0.050067391246557236,0.06338318437337875,0.025965800508856773
1771525769188357000,38.142357177734375,0.05219791829586029,0.10066741704940796,0.016378428786993027
1771525769198359800,38.15235986328125,0.05539371073246002,0.10066741704940796,-0.019840534776449203
1771525769208362200,38.1623623046875,0.05539371073246002,0.08681898564100266,-0.07203845679759979
1771525769218364700,38.17236474609375,0.04474107176065445,0.05699160322546959,-0.10080057382583618
1771525769228367000,38.1823671875,0.03728422895073891,0.03249054029583931,-0.10506162792444229
1771525769238369800,38.19236987304687,0.018109481781721115,0.022903168573975563,-0.09653951972723007
1771525769248372200,38.20237231445312,-0.009587372653186321,0.03994738683104515,-0.08695214241743088
1771525769258374700,38.21237475585937,-0.026631591841578484,0.04740423336625099,-0.0624510794878006
1771525769268377000,38.22237719726562,-0.03728422895073891,0.04314317926764488,-0.04008054360747337
1771525769278379800,38.2323798828125,-0.04900212585926056,0.033555805683135986,-0.013448953628540039
1771525769288382200,38.24238232421875,-0.05752423778176308,0.0005326318205334246,0.016378428786993027
1771525769298384600,38.25238452148437,-0.058589499443769455,-0.002663159044459462,0.021704746410250664
1771525769308387300,38.26238720703125,-0.06498108059167862,0.03249054029583931,0.001464737462811172
1771525769318389800,38.2723896484375,-0.06498108059167862,0.06870950758457184,-0.031558435410261154
1771525769328392200,38.28239208984375,-0.061785291880369186,0.07297056168317795,-0.06777740269899368
1771525769338394600,38.29239453125,-0.06285055726766586,0.08575372397899628,-0.10506162792444229
1771525769348397300,38.30239721679688,-0.07137266546487808,0.0985368862748146,-0.11358373612165451
1771525769358399700,38.31239965820313,-0.08096003532409668,0.1177116334438324,-0.11358373612165451
1771525769368402200,38.32240209960938,-0.07882951200008392,0.1272990107536316,-0.08801741153001785
1771525769388407300,38.3424072265625,-0.050067391246557236,0.09001477807760239,-0.047537390142679214
1771525769398409700,38.35240966796875,-0.034088436514139175,0.059122130274772644,-0.031558435410261154
1771525769408412200,38.362412109375,-0.025566328316926956,0.010120004415512085,-0.023036325350403786
1771525769418414600,38.37241455078125,-0.04048001766204834,-0.005858949851244688,-0.014514217153191566
1771525769428417300,38.38241723632812,-0.0564589723944664,-0.004793686326593161,0.0003994738799519837
1771525769438419700,38.392419677734374,-0.08628635853528976,0.027164222672581673,0.02383527345955372
1771525769448422100,38.402422119140624,-0.12144005298614502,0.06338318437337875,0.04620581120252609
1771525769458424800,38.4124248046875,-0.15233269333839417,0.09960214793682098,0.07177213579416275
1771525769468427300,38.42242724609375,-0.16405059397220612,0.13049480319023132,0.09946899116039276
1771525769478429700,38.4324296875,-0.1597895473241806,0.14221268892288208,0.13249216973781586
1771525769488432000,38.44243212890625,-0.1310274302959442,0.12303794920444489,0.1399490088224411
1771525769498434800,38.45243481445313,-0.08841688185930252,0.07403582334518433,0.12716585397720337
1771525769508437200,38.46243725585938,-0.045806337147951126,0.006924213841557503,0.09520793706178665
1771525769518439700,38.47243969726563,-0.010652636177837849,-0.058056868612766266,0.04833633825182915
1771525769528442000,38.48244213867188,0.010652636177837849,-0.09321057051420212,-0.011318426579236984
1771525769538444800,38.49244482421875,0.019174745306372643,-0.10705899447202682,-0.06458161026239395
1771525769548447200,38.502447265625,0.018109481781721115,-0.08681898564100266,-0.08695214241743088
1771525769558449700,38.51244970703125,0.013848427683115005,-0.0655137151479721,-0.09867004305124283
1771525769568452000,38.5224521484375,-0.008522109128534794,-0.022903168573975563,-0.09014793485403061
1771525769578454800,38.532454833984374,-0.03195790946483612,0.018642114475369453,-0.06032055243849754
1771525769588457200,38.542457275390625,-0.054328445345163345,0.050600022077560425,-0.010253162123262882
1771525769598459600,38.552459716796875,-0.06817687302827835,0.058056868612766266,0.025965800508856773
1771525769608462300,38.56246240234375,-0.08096003532409668,0.046338967978954315,0.03768370300531387
1771525769618464800,38.57246484375,-0.08628635853528976,0.042077913880348206,0.029161592945456505
1771525769628467200,38.58246728515625,-0.08096003532409668,0.04527370631694794,0.017443692311644554
1771525769638469600,38.5924697265625,-0.06924213469028473,0.03994738683104515,0.0035952648613601923
1771525769648472300,38.60247241210938,-0.04793686419725418,0.029294749721884727,-0.012383690103888512
1771525769658474800,38.61247485351562,-0.019174745306372643,0.002663159044459462,-0.031558435410261154
1771525769668477200,38.62247729492187,0.009587372653186321,-0.0282294861972332,-0.034754227846860886
1771525769698484700,38.65248461914062,0.06285055726766586,-0.09214530140161514,0.0270310640335083
1771525769708487200,38.66248706054687,0.08202529698610306,-0.09640636295080185,0.030226856470108032
1771525769718489600,38.67248950195312,0.08096003532409668,-0.13795164227485657,0.029161592945456505
1771525769728492300,38.6824921875,0.10226531326770782,-0.15393058955669403,0.011052110232412815
1771525769738494700,38.69249462890625,0.122505322098732,-0.14221268892288208,-0.009187898598611355
1771525769748497200,38.7024970703125,0.1129179447889328,-0.14860427379608154,-0.027297381311655045
1771525769758499600,38.71249951171875,0.10439583659172058,-0.16138744354248047,-0.04434159770607948
1771525769768502300,38.72250219726563,0.0894821435213089,-0.15393058955669403,-0.050733182579278946
1771525769778504700,38.73250463867188,0.07350318878889084,-0.13262532651424408,-0.052863709628582
1771525769788507100,38.74250708007813,0.054328445345163345,-0.1081242561340332,-0.04647212475538254
1771525769798509800,38.752509765625,0.042610544711351395,-0.07403582334518433,-0.03368896245956421
1771525769808512300,38.76251220703125,0.04048001766204834,-0.04740423336625099,-0.012383690103888512
1771525769818514700,38.7725146484375,0.045806337147951126,-0.015446322970092297,0.0003994738799519837
1771525769828517000,38.78251708984375,0.05539371073246002,-0.0015978955198079348,0.001464737462811172
1771525769838519800,38.79251977539062,0.06498108059167862,-0.021837905049324036,-0.01771000772714615
1771525769848522200,38.80252221679687,0.06817687302827835,-0.058056868612766266,-0.034754227846860886
1771525769858524700,38.812524658203124,0.05965476483106613,-0.08681898564100266,-0.04647212475538254
1771525769868527900,38.82252783203125,0.045806337147951126,-0.12623374164104462,-0.052863709628582
1771525769878530800,38.83253076171875,0.04048001766204834,-0.13262532651424408,-0.059255290776491165
1771525769888533200,38.842533203125,0.0330231711268425,-0.13262532651424408,-0.059255290776491165
1771525769898535700,38.85253564453125,0.029827382415533066,-0.12942953407764435,-0.05392897129058838
1771525769908538000,38.8625380859375,0.04474107176065445,-0.14434322714805603,-0.05819002538919449
1771525769918540800,38.872540771484374,0.021305272355675697,-0.12197268754243851,-0.03688475489616394
1771525769928543200,38.882543212890624,-0.009587372653186321,-0.062317922711372375,0.0025300011038780212
1771525769938545700,38.892545654296875,-0.03195790946483612,-0.038882121443748474,0.04407528415322304
1771525769948548000,38.902548095703125,-0.041545283049345016,-0.030360013246536255,0.07283740490674973
1771525769958550800,38.91255078125,-0.04900212585926056,-0.015446322970092297,0.08988162130117416
1771525769968553200,38.92255322265625,-0.050067391246557236,0.00798947736620903,0.07816372066736221
1771525769978555600,38.9325556640625,-0.03621896356344223,0.03249054029583931,0.05153212696313858
1771525769988558000,38.94255810546875,-0.019174745306372643,0.034621067345142365,0.025965800508856773
1771525769998560800,38.95256079101563,-0.005326318088918924,0.00798947736620903,0.012117373757064342
1771525770008563200,38.96256323242188,0.0021305272821336985,-0.03249054029583931,0.0153131652623415
1771525770018565600,38.97256567382812,0.0074568456038832664,-0.053795814514160156,0.02383527345955372
1771525770028568300,38.982568359375,0.017044218257069588,-0.06018739566206932,0.02383527345955372
1771525770038570800,38.99257080078125,0.025566328316926956,-0.050600022077560425,0.0035952648613601923
1771525770048573200,39.0025732421875,0.03515370190143585,-0.026098959147930145,-0.027297381311655045
1771525770058575600,39.01257568359375,0.04367581009864807,-0.01970737800002098,-0.04966791719198227
1771525770068578300,39.022578369140625,0.04793686419725418,-0.027164222672581673,-0.052863709628582
1771525770078580700,39.032580810546875,0.05326318368315697,-0.06018739566206932,-0.03688475489616394
1771525770088583200,39.042583251953126,0.058589499443769455,-0.10705899447202682,-0.009187898598611355
1771525770098585600,39.052585693359376,0.05965476483106613,-0.14966954290866852,0.014247900806367397
1771525770108588300,39.06258837890625,0.03195790946483612,-0.15819165110588074,0.04301001876592636
1771525770118590700,39.0725908203125,0.0031957910396158695,-0.1464737504720688,0.07283740490674973
1771525770128593200,39.08259326171875,-0.02450106292963028,-0.11025478690862656,0.09094688296318054
1771525770138595600,39.092595703125,-0.054328445345163345,-0.0516652874648571,0.08988162130117416
1771525770148598300,39.10259838867187,-0.07350318878889084,0.015446322970092297,0.08988162130117416
1771525770158600700,39.1126005859375,-0.07456845790147781,0.06657897680997849,0.11544794589281082
1771525770168603100,39.12260302734375,-0.06072002649307251,0.0655137151479721,0.1346226930618286
1771525770178605800,39.13260571289062,-0.04367581009864807,0.026098959147930145,0.1346226930618286
1771525770188608300,39.14260815429687,-0.022370535880327225,0.005858949851244688,0.12716585397720337
1771525770198610700,39.15261059570312,-0.004261054564267397,-0.006924213841557503,0.10266478359699249
1771525770208613000,39.162613037109374,0.010652636177837849,-0.025033695623278618,0.05579318478703499
1771525770218615800,39.17261572265625,0.014913691207766533,-0.042077913880348206,0.0003994738799519837
1771525770228618200,39.1826181640625,0.025566328316926956,-0.0516652874648571,-0.047537390142679214
1771525770238620700,39.19262060546875,0.029827382415533066,-0.07616634666919708,-0.07203845679759979
1771525770248623000,39.202623046875,0.026631591841578484,-0.08255793154239655,-0.08056056499481201
1771525770258625800,39.21262573242188,0.02450106292963028,-0.07190529257059097,-0.08269108831882477
1771525770268628200,39.22262817382813,0.02450106292963028,-0.059122130274772644,-0.08375635743141174
1771525770278630700,39.23263061523438,0.022370535880327225,-0.053795814514160156,-0.07949529588222504
1771525770288633000,39.24263305664063,0.017044218257069588,-0.06657897680997849,-0.07203845679759979
1771525770298635800,39.2526357421875,0.009587372653186321,-0.0655137151479721,-0.06777740269899368
1771525770308638200,39.26263818359375,0,-0.04101264849305153,-0.06351634114980698
1771525770318640600,39.272640625,-0.0074568456038832664,-0.01225053146481514,-0.056059498339891434
1771525770328643000,39.28264306640625,-0.009587372653186321,0.017576850950717926,-0.050733182579278946
1771525770338645800,39.292645751953124,-0.0021305272821336985,0.030360013246536255,-0.043276336044073105
1771525770348648200,39.302648193359374,0.0021305272821336985,0.011185267940163612,-0.04114580899477005
1771525770358650600,39.312650634765625,-0.0010652636410668492,-0.015446322970092297,-0.03688475489616394
1771525770368653000,39.322653076171875,-0.018109481781721115,-0.03249054029583931,-0.0294279083609581
1771525770378655500,39.332655517578125,-0.03728422895073891,-0.03568633273243904,-0.02516685426235199
1771525770388658000,39.342657958984375,-0.05752423778176308,-0.02396843209862709,-0.035819489508867264
1771525770398660600,39.35266064453125,-0.07350318878889084,-0.004793686326593161,-0.04860265180468559
1771525770408663000,39.3626630859375,-0.08096003532409668,0.020772641524672508,-0.04114580899477005
1771525770418665500,39.37266552734375,-0.0798947736620903,0.04420844092965126,-0.03688475489616394
1771525770428668000,39.38266796875,-0.06924213469028473,0.05273054912686348,-0.04434159770607948
1771525770438670300,39.39267041015625,-0.04900212585926056,0.04527370631694794,-0.054994236677885056
1771525770448672800,39.4026728515625,-0.026631591841578484,0.05699160322546959,-0.0624510794878006
1771525770458675200,39.41267529296875,0.0010652636410668492,0.07297056168317795,-0.06032055243849754
1771525770468677600,39.422677734375,0.034088436514139175,0.050600022077560425,-0.05712476372718811
1771525770478680000,39.43268017578125,0.06285055726766586,0.006924213841557503,-0.050733182579278946
1771525770488682500,39.4426826171875,0.08522108942270279,-0.046338967978954315,-0.04434159770607948
1771525770498685000,39.45268481445312,0.10013478249311447,-0.09214530140161514,-0.04647212475538254
1771525770508687400,39.46268725585937,0.10546109825372696,-0.10279794037342072,-0.06138581782579422
1771525770518689800,39.47268969726562,0.09480846673250198,-0.10705899447202682,-0.09334372729063034
1771525770528692200,39.48269213867187,0.1129179447889328,-0.18482324481010437,-0.15086796879768372
1771525770538694700,39.49269458007812,0.12570111453533173,-0.2551306486129761,-0.19667430222034454
1771525770548697000,39.50269702148437,0.05326318368315697,-0.2487390637397766,-0.17749954760074615
1771525770558699800,39.51269970703125,0.008522109128534794,-0.2071937769651413,-0.12636689841747284
1771525770568702200,39.5227021484375,0.006391582079231739,-0.1358211189508438,-0.08056056499481201
1771525770578704600,39.53270458984375,0.04900212585926056,-0.06870950758457184,-0.07843003422021866
1771525770588707000,39.54270703125,0.11185268312692642,-0.06018739566206932,-0.14021532237529755
1771525770598709500,39.55270947265625,0.17576849460601807,-0.08788424730300903,-0.24035011231899261
1771525770608712000,39.5627119140625,0.22796641290187836,-0.14966954290866852,-0.34155014157295227
1771525770618715400,39.57271533203125,0.2716422379016876,-0.24554327130317688,-0.4246407151222229
1771525770628718000,39.582718017578124,0.2727074921131134,-0.3424822688102722,-0.4672512710094452
1771525770648723200,39.60272314453125,0.17044217884540558,-0.38296228647232056,-0.37457332015037537
1771525770658725600,39.6127255859375,0.11611373722553253,-0.3392864763736725,-0.269112229347229
1771525770668728000,39.62272802734375,0.06924213469028473,-0.3254380524158478,-0.18389113247394562
1771525770678730500,39.63273046875,0.021305272355675697,-0.3158506751060486,-0.13915006816387177
1771525770688733200,39.64273315429688,-0.009587372653186321,-0.2956106662750244,-0.11251847445964813
1771525770698735600,39.65273559570313,-0.023435799404978752,-0.27110961079597473,-0.09760478138923645
1771525770718740500,39.67274047851563,-0.03621896356344223,-0.13901691138744354,-0.07736477255821228
1771525770728743200,39.6827431640625,-0.030892645940184593,-0.0751010850071907,-0.050733182579278946
1771525770738745600,39.69274560546875,-0.025566328316926956,-0.017576850950717926,-0.010253162123262882
1771525770748748000,39.702748046875,-0.02769685536623001,0.030360013246536255,0.053662657737731934
1771525770758750700,39.712750732421874,-0.04048001766204834,0.08894951641559601,0.1165132075548172
1771525770778755600,39.732755615234375,-0.09800425171852112,0.20825904607772827,0.21345220506191254
1771525770788758000,39.742758056640625,-0.12889690697193146,0.27537065744400024,0.2336922138929367
1771525770808763000,39.762762939453125,-0.15765902400016785,0.3243727684020996,0.219843789935112
1771525770818765300,39.772765380859376,-0.13528847694396973,0.3254380524158478,0.21132168173789978
1771525770828767700,39.782767822265626,-0.0990695208311081,0.2956106662750244,0.1910816729068756
1771525770838770200,39.792770263671876,-0.0894821435213089,0.2913496196269989,0.1399490088224411
1771525770848772600,39.80277270507813,-0.05539371073246002,0.2924148738384247,0.13249216973781586
1771525770858775000,39.81277514648438,-0.030892645940184593,0.2551306486129761,0.11970899999141693
1771525770868690000,39.82268994140625,-0.022370535880327225,0.21038956940174103,0.08562056720256805
1771525770878611700,39.83261181640625,-0.019174745306372643,0.19228008389472961,0.049401599913835526
1771525770888543500,39.84254345703125,-0.010652636177837849,0.1880190372467041,0.02383527345955372
1771525770898487800,39.85248779296875,-0.019174745306372643,0.1826927214860916,-0.008122635073959827
1771525770908446200,39.8624462890625,-0.03195790946483612,0.16671375930309296,-0.04114580899477005
1771525770918420200,39.87242016601562,-0.03515370190143585,0.14860427379608154,-0.054994236677885056
1771525770928409900,39.882409912109374,-0.004261054564267397,0.12303794920444489,-0.07843003422021866
1771525770938415600,39.89241552734375,0.013848427683115005,0.08149266988039017,-0.08375635743141174
1771525770948436200,39.90243627929687,0.006391582079231739,0.0942758321762085,-0.054994236677885056
1771525770958470400,39.91247045898437,0.03515370190143585,0.1177116334438324,0.01318263728171587
1771525770968516900,39.92251684570312,0.03195790946483612,0.11984215676784515,0.0834900364279747
1771525770978572800,39.93257275390625,0.018109481781721115,0.1038632020354271,0.163384810090065
1771525770988635600,39.9426357421875,0.042610544711351395,0.10705899447202682,0.1772332340478897
1771525770998703400,39.95270336914062,0.03728422895073891,0.13369058072566986,0.15805849432945251
1771525771008772400,39.9627724609375,0.0564589723944664,0.13262532651424408,0.14101427793502808
1771525771018815500,39.9728154296875,0.10226531326770782,0.17736639082431793,0.1442100703716278
1771525771028818000,39.98281787109375,0.15765902400016785,0.22849905490875244,0.18895113468170166
1771525771038820400,39.9928203125,0.2716422379016876,0.21891167759895325,0.26884591579437256
1771525771048823000,40.002822998046874,0.43036651611328125,0.12303794920444489,0.35513225197792053
1771525771058825500,40.012825439453124,0.5805686712265015,-0.06870950758457184,0.4083954393863678
1771525771068828000,40.022827880859374,0.7041392922401428,-0.2498043179512024,0.40626493096351624
1771525771078830300,40.032830322265625,0.7680550813674927,-0.3339601457118988,0.30293434858322144
1771525771088833000,40.0428330078125,0.8021435141563416,-0.3850927948951721,0.163384810090065
1771525771098835500,40.05283544921875,0.7989477515220642,-0.37444016337394714,0.08455529808998108
1771525771108838000,40.062837890625,0.7360971570014954,-0.39361491799354553,0.1165132075548172
1771525771118840800,40.0728408203125,0.590156078338623,-0.5587307810783386,0.3199785649776459
1771525771128843000,40.08284301757813,0.3941475450992584,-0.5651223659515381,0.5500755310058594
1771525771138845000,40.092844970703126,0.23435799777507782,-0.43942126631736755,0.7162566184997559
1771525771148846800,40.102846923828125,0.122505322098732,-0.3190464675426483,0.7460840344429016
1771525771158848800,40.11284887695312,0.09693899005651474,-0.16245271265506744,0.631035566329956
1771525771168851000,40.12285083007812,0.13741901516914368,-0.0516652874648571,0.46272388100624084
1771525771188855300,40.14285522460938,0.377103328704834,0.11451584100723267,0.15060164034366608
1771525771198857700,40.15285766601563,0.4378233551979065,0.276435911655426,0.07283740490674973
1771525771208860200,40.16286010742188,0.42077913880348206,0.4319643974304199,0.08562056720256805
1771525771218862600,40.17286254882813,0.34514543414115906,0.5544697046279907,0.17510271072387695
1771525771228865300,40.182865234375,0.25246748328208923,0.6972150802612305,0.27949854731559753
1771525771238868000,40.19286791992187,0.20559588074684143,0.7856319546699524,0.3008038103580475
1771525771248870700,40.20287060546875,0.23222747445106506,0.8463519811630249,0.2347574681043625
1771525771258873300,40.212873291015626,0.28975170850753784,0.9028109312057495,0.13142690062522888
1771525771268876300,40.22287622070313,0.34088435769081116,0.909202516078949,0.07496792823076248
1771525771278879000,40.23287890625,0.32597067952156067,0.8953540921211243,0.08135951310396194
1771525771288882000,40.2428818359375,0.253532737493515,0.8783098459243774,0.13249216973781586
1771525771298884600,40.252884521484376,0.14381058514118195,0.863396167755127,0.19853851199150085
1771525771308887600,40.26288745117188,0.04367581009864807,0.8580698370933533,0.26032379269599915
1771525771318890200,40.27289013671875,-0.02450106292963028,0.879375159740448,0.2475406378507614
1771525771328892700,40.282892578125,-0.02876211889088154,0.9315730333328247,0.1261005848646164
1771525771338895000,40.29289501953125,0.03728422895073891,1.0157288312911987,-0.09867004305124283
1771525771348897500,40.3028974609375,0.18535587191581726,1.0871015787124634,-0.3639206886291504
1771525771358900000,40.31289990234375,0.045806337147951126,1.2309120893478394,-0.5215796828269958
1771525771368806400,40.322806396484374,-0.04793686419725418,1.2799142599105835,-0.6664555668830872
1771525771378720500,40.332720458984376,-0.08202529698610306,1.2064111232757568,-0.7314366698265076
1771525771388645600,40.34264575195313,-0.05113265663385391,1.1222552061080933,-0.7474156022071838
1771525771398584000,40.352583984375,-0.0010652636410668492,1.1329078674316406,-0.737828254699707
1771525771408538400,40.362538330078124,-0.01597895473241806,1.1765836477279663,-0.6472808122634888
1771525771418509300,40.37250927734375,-0.014913691207766533,1.180844783782959,-0.5269060134887695
1771525771428497700,40.38249755859375,-0.012783164158463478,1.1424952745437622,-0.43103229999542236
1771525771438503400,40.39250341796875,0.0074568456038832664,1.1392995119094849,-0.37563860416412354
1771525771448525800,40.40252587890625,0.0330231711268425,1.2330427169799805,-0.3916175365447998
1771525771458563000,40.41256298828125,0.06711161136627197,1.3289164304733276,-0.42144492268562317
1771525771468613600,40.422613525390624,0.10013478249311447,1.3353079557418823,-0.35113751888275146
1771525771478674400,40.43267431640625,0.012783164158463478,1.393897533416748,-0.10612688958644867
1771525771488743400,40.44274340820313,-0.0074568456038832664,1.2607395648956299,0.11012163013219833
1771525771498817300,40.4528173828125,-0.06924213469028473,1.1787142753601074,0.36791542172431946
1771525771508893000,40.46289282226562,-0.14274533092975616,1.076448917388916,0.5681849718093872
1771525771518940200,40.472940185546875,-0.20026956498622894,1.0274467468261719,0.7002776861190796
1771525771528942600,40.482942626953125,-0.24820642173290253,0.9731183648109436,0.7620629668235779
1771525771538945000,40.492945068359376,-0.28868645429611206,0.8932235836982727,0.7791072130203247
1771525771548947700,40.50294775390625,-0.3110569715499878,0.7952193021774292,0.7759113907814026
1771525771558950100,40.5129501953125,-0.32703593373298645,0.7440866827964783,0.7460840344429016
1771525771568952600,40.52295263671875,-0.33555805683135986,0.7898929715156555,0.6683197617530823
1771525771578955000,40.532955078125,-0.2972085475921631,0.8889625072479248,0.5958818197250366
1771525771598960000,40.55296020507812,-0.0894821435213089,1.106276273727417,0.5703155398368835
1771525771608962600,40.56296264648437,0.029827382415533066,1.0082720518112183,0.48083338141441345
1771525771618965000,40.57296508789062,0.14807164669036865,0.787762463092804,0.29760801792144775
1771525771628967700,40.5829677734375,0.253532737493515,0.6950845122337341,0.12823110818862915
1771525771638970000,40.59297021484375,0.2162485122680664,0.7089329361915588,0.005725792143493891
1771525771648972500,40.60297265625,0.13422322273254395,0.510793924331665,0.021704746410250664
1771525771658975000,40.61297509765625,0.09587372839450836,0.18695376813411713,0.20173430442810059
1771525771678980000,40.63297998046875,0.06817687302827835,-0.9123983383178711,0.2102564126253128
1771525771688982500,40.642982421875,0.011717899702489376,-1.1275815963745117,0.02383527345955372
1771525771698985000,40.65298486328125,-0.06072002649307251,-0.976314127445221,-0.10399636626243591
1771525771718990000,40.67298999023438,-0.07350318878889084,-0.6844319105148315,-0.19241324067115784
1771525771748997400,40.70299731445313,0.10972215235233307,-0.1645832359790802,-0.40440070629119873
1771525771758999800,40.71299975585937,0.1981390416622162,0.09640636295080185,-0.57058185338974
1771525771779004700,40.73300463867187,0.4197138845920563,0.3147853910923004,-0.8305061459541321
1771525771789007000,40.74300708007812,0.552871823310852,0.335025429725647,-0.8858999013900757
1771525771799009500,40.75300952148437,0.6189181804656982,0.37444016337394714,-0.872051477432251
1771525771819014700,40.7730146484375,0.6157223582267761,0.2487390637397766,-0.9583377838134766
1771525771829017000,40.78301708984375,0.5507413148880005,0.0985368862748146,-1.0169273614883423
1771525771869023200,40.823023193359376,0.4761728346347809,0.11345057934522629,-1.1607378721237183
1771525771889021700,40.84302172851562,0.46871599555015564,0.1315600574016571,-0.9892304539680481
1771525771899021800,40.85302172851563,0.4133222997188568,0.18162745237350464,-0.8443545699119568
1771525771909022200,40.86302221679688,0.33129698038101196,0.13795164227485657,-0.6888260841369629
1771525771919023600,40.873023681640625,0.20346535742282867,0.006924213841557503,-0.5396891832351685
1771525771929025500,40.88302563476562,0.05113265663385391,-0.1411474347114563,-0.3820301592350006
1771525771939028000,40.89302807617187,-0.08415582776069641,-0.19547587633132935,-0.2179795652627945
1771525771969039400,40.923039306640625,-0.07563371956348419,-0.33715593814849854,0.20279955863952637
1771525771979044000,40.93304418945313,0,-0.2828274965286255,0.28375959396362305
1771525771999054600,40.9530546875,0.09054741263389587,-0.0015978955198079348,0.25499749183654785
1771525772009059800,40.963059814453125,0.09054741263389587,0.10918952524662018,0.1452753245830536
1771525772019064800,40.97306494140625,0.06391581892967224,0.17523586750030518,0.02277000993490219
1771525772029067300,40.9830673828125,0.054328445345163345,0.19121482968330383,-0.05712476372718811
1771525772039070000,40.99307006835937,0.05113265663385391,0.18162745237350464,-0.09121319651603699
1771525772049072400,41.003072265625,0.03195790946483612,0.12836426496505737,-0.09653951972723007
1771525772059074800,41.01307470703125,-0.004261054564267397,0.058056868612766266,-0.07416898012161255
1771525772069077200,41.0230771484375,-0.0330231711268425,-0.020772641524672508,-0.03368896245956421
1771525772079080000,41.033079833984374,-0.05752423778176308,-0.13369058072566986,0.01318263728171587
1771525772099084800,41.053084716796874,-0.08841688185930252,-0.354200154542923,0.10479531437158585
1771525772109087200,41.063087158203125,-0.09587372839450836,-0.3765707015991211,0.14740586280822754
1771525772128973000,41.08297314453125,-0.15659375488758087,-0.20506325364112854,0.19427745044231415
1771525772138925600,41.09292553710937,-0.18429060280323029,-0.06764423847198486,0.18788588047027588
1771525772168840200,41.12284008789062,-0.2545980215072632,0.017576850950717926,-0.031558435410261154
1771525772198853400,41.152853271484375,-0.1310274302959442,0.08255793154239655,-0.1849564015865326
1771525772208878600,41.16287866210938,-0.05539371073246002,0.1784316599369049,-0.2179795652627945
1771525772228952300,41.18295239257812,0.13528847694396973,0.4362254738807678,-0.23715431988239288
1771525772269127200,41.223127197265626,0.04048001766204834,0.1592569202184677,0.5032039284706116
1771525772279129600,41.233129638671876,-0.046871598809957504,0.3946801722049713,0.6182523965835571
1771525772289132000,41.24313208007813,-0.1310274302959442,0.6087981462478638,0.6779071688652039
1771525772299134500,41.25313452148438,-0.16405059397220612,0.7099981904029846,0.6938861012458801
1771525772309137000,41.26313696289063,-0.1693769246339798,0.5480781197547913,0.7151913642883301
1771525772319139300,41.27313940429688,-0.1416800618171692,0.2167811542749405,0.7162566184997559
1771525772329142000,41.28314208984375,-0.06072002649307251,-0.1880190372467041,0.682168185710907
1771525772339144400,41.29314453125,0.03728422895073891,-0.5161202549934387,0.606534481048584
1771525772349147000,41.30314697265625,0.1129179447889328,-0.766457200050354,0.47550705075263977
1771525772359149300,41.3131494140625,0.14487585425376892,-0.9827057123184204,0.342349112033844
1771525772369148200,41.32314819335937,0.16085481643676758,-1.1297121047973633,0.26458486914634705
1771525772389146000,41.34314599609375,0.22264009714126587,-0.9571393728256226,0.14207953214645386
1771525772399146000,41.35314599609375,0.26525065302848816,-0.6546044945716858,0.06538055837154388
1771525772409146400,41.363146484375,0.29933908581733704,-0.27963170409202576,-0.019840534776449203
1771525772419147500,41.3731474609375,0.3185138404369354,0.10173267871141434,-0.07203845679759979
1771525772429149400,41.3831494140625,0.31744855642318726,0.3723096549510956,-0.09334372729063034
1771525772439151900,41.39315185546875,0.30360013246536255,0.5789707899093628,-0.09121319651603699
1771525772449155000,41.403155029296876,0.28016433119773865,0.7355645298957825,-0.0997353047132492
1771525772459159000,41.413158935546875,0.2354232668876648,0.8090677261352539,-0.12636689841747284
1771525772469163300,41.423163330078125,0.16724638640880585,0.8388951420783997,-0.1561942845582962
1771525772479168300,41.43316821289063,0.07456845790147781,0.8410256505012512,-0.1753690242767334
1771525772489173200,41.44317333984375,-0.02024000883102417,0.8282424807548523,-0.18176060914993286
1771525772499178800,41.4531787109375,-0.07137266546487808,0.8378298282623291,-0.17430377006530762
1771525772529192000,41.48319189453125,0.3387538492679596,0.8410256505012512,-0.3266364634037018
1771525772539194400,41.4931943359375,0.6732466220855713,0.7259771823883057,-0.5514070987701416
1771525772549196800,41.50319677734375,0.6455497741699219,0.7430213689804077,-0.6568682193756104
1771525772569201700,41.52320166015625,0.42610546946525574,0.6854971647262573,-0.7815040349960327
1771525772579204000,41.5332041015625,0.27909907698631287,0.6087981462478638,-0.7346324324607849
1771525772589206500,41.54320654296875,0.1406148076057434,0.49588021636009216,-0.6568682193756104
1771525772619213800,41.5732138671875,0.0798947736620903,0.3424822688102722,-0.30426591634750366
1771525772639219000,41.59321899414063,0.24181485176086426,0.3446127772331238,-0.20093534886837006
1771525772649221400,41.60322143554688,0.3195790946483612,0.21465063095092773,-0.2169143110513687
1771525772669226200,41.62322631835937,0.309991717338562,-0.10492847114801407,-0.1945437788963318
1771525772679228700,41.63322875976562,0.309991717338562,-0.18695376813411713,-0.146606907248497
1771525772689231000,41.64323120117187,0.2822948694229126,-0.2583264410495758,-0.11464899778366089
1771525772699233500,41.65323364257812,0.18216007947921753,-0.2743053734302521,0.05153212696313858
1771525772709236000,41.66323608398437,0.10226531326770782,-0.20399798452854156,0.14101427793502808
1771525772719238400,41.67323828125,0.023435799404978752,-0.1699095517396927,0.163384810090065
1771525772729240800,41.68324072265625,-0.0564589723944664,-0.16777902841567993,0.1452753245830536
1771525772739243300,41.6932431640625,-0.022370535880327225,-0.08788424730300903,0.09201214462518692
1771525772749245700,41.70324560546875,0.13528847694396973,-0.022903168573975563,0.05898897349834442
1771525772759248100,41.713248046875,0.2311622053384781,0.042077913880348206,0.0035952648613601923
1771525772779253000,41.7332529296875,0.2066611498594284,-0.06977476924657822,-0.17217323184013367
1771525772789255400,41.74325537109375,0.1832253485918045,-0.22956430912017822,-0.24248063564300537
1771525772799258000,41.753258056640625,0.18002955615520477,-0.26471802592277527,-0.2733732759952545
1771525772809260500,41.763260498046876,0.18216007947921753,-0.1411474347114563,-0.279764860868454
1771525772819263000,41.773262939453126,0.1789642870426178,0.06338318437337875,-0.2510027587413788
1771525772829265400,41.783265380859376,0.16192007064819336,0.30839383602142334,-0.14980269968509674
1771525772839267800,41.793267822265626,0.15233269333839417,0.5523391962051392,-0.05819002538919449
1771525772849270500,41.8032705078125,0.13528847694396973,0.6514087319374084,-0.013448953628540039
1771525772859273000,41.81327294921875,0.08735162019729614,0.6087981462478638,-0.010253162123262882
1771525772869272300,41.82327221679687,0.04474107176065445,0.4660528302192688,-0.04540686309337616
1771525772889271300,41.84327124023437,0,0.11451584100723267,-0.09334372729063034
1771525772899271700,41.85327172851562,-0.004261054564267397,0.005858949851244688,-0.10080057382583618
1771525772909272300,41.86327221679687,-0.0021305272821336985,-0.042077913880348206,-0.05392897129058838
1771525772919274000,41.87327392578125,0.0074568456038832664,-0.005858949851244688,0.03129211813211441
1771525772929276000,41.88327587890625,0.01597895473241806,0.08042740821838379,0.10905636847019196
1771525772939278600,41.89327856445313,0.005326318088918924,0.13262532651424408,0.1537974327802658
1771525772949282000,41.90328198242187,-0.029827382415533066,0.13262532651424408,0.1687111258506775
1771525772959285800,41.91328564453125,-0.07776424288749695,0.09108003973960876,0.15805849432945251
1771525772969290000,41.9232900390625,-0.12463584542274475,0.020772641524672508,0.11970899999141693
1771525772979294700,41.933294677734374,-0.18429060280323029,-0.05699160322546959,0.061119500547647476
1771525772989299500,41.943299560546876,-0.24181485176086426,-0.10492847114801407,0.006791055668145418
1771525772999304700,41.9533046875,-0.2620548605918884,-0.11558110266923904,-0.026232117787003517
1771525773009309700,41.963309814453126,-0.24607589840888977,-0.09640636295080185,-0.043276336044073105
1771525773019314200,41.97331420898438,-0.2162485122680664,-0.06338318437337875,-0.04966791719198227
1771525773029316600,41.98331665039063,-0.1981390416622162,-0.020772641524672508,-0.05712476372718811
1771525773039319000,41.99331909179688,-0.18748639523983002,0.02396843209862709,-0.06884266436100006
1771525773049321500,42.00332153320313,-0.18642114102840424,0.07936213910579681,-0.08269108831882477
1771525773059324200,42.01332421875,-0.188551664352417,0.12090742588043213,-0.10186583548784256
1771525773069326600,42.02332666015625,-0.17044217884540558,0.1272990107536316,-0.13062795996665955
1771525773079329000,42.0333291015625,-0.13209268450737,0.0942758321762085,-0.15512901544570923
1771525773089331500,42.04333154296875,-0.09374319761991501,0.03994738683104515,-0.18708692491054535
1771525773099334100,42.053334228515624,-0.07137266546487808,-0.01225053146481514,-0.2169143110513687
1771525773109336600,42.063336669921874,-0.06924213469028473,-0.050600022077560425,-0.23289325833320618
1771525773119335200,42.07333520507812,-0.07243792712688446,-0.042077913880348206,-0.23715431988239288
1771525773139333000,42.0933330078125,-0.04900212585926056,-0.011185267940163612,-0.18815219402313232
1771525773149332700,42.10333276367187,-0.03515370190143585,-0.015446322970092297,-0.16791218519210815
1771525773159333000,42.1133330078125,-0.0330231711268425,-0.025033695623278618,-0.15939007699489594
1771525773169334000,42.123333984375,-0.026631591841578484,-0.022903168573975563,-0.16045533120632172
1771525773179335700,42.13333569335938,0.03195790946483612,-0.21571588516235352,-0.2733732759952545
1771525773189338400,42.14333837890625,0.1033305749297142,-0.3062632977962494,-0.23289325833320618
1771525773199341300,42.15334130859375,0.12570111453533173,-0.24660852551460266,-0.1806953400373459
1771525773209345300,42.16334521484375,0.05752423778176308,-0.1038632020354271,-0.02516685426235199
1771525773219349800,42.173349853515624,-0.03621896356344223,0.058056868612766266,0.11118689179420471
1771525773229354500,42.1833544921875,-0.11930952966213226,0.16564849019050598,0.18575534224510193
1771525773239359700,42.19335986328125,-0.15233269333839417,0.16351796686649323,0.18149429559707642
1771525773249365200,42.203365234375,-0.13848426938056946,0.10599373281002045,0.12823110818862915
1771525773259371000,42.21337109375,-0.07882951200008392,0.034621067345142365,0.04407528415322304
1771525773269376500,42.22337646484375,-0.006391582079231739,-0.020772641524672508,-0.04008054360747337
1771525773279379000,42.23337890625,0.05219791829586029,-0.042077913880348206,-0.12636689841747284
1771525773289381600,42.243381591796876,0.07882951200008392,-0.04420844092965126,-0.21371851861476898
1771525773299384000,42.253384033203126,0.07776424288749695,-0.08575372397899628,-0.30959224700927734
1771525773309386500,42.263386474609376,0.054328445345163345,-0.11238531768321991,-0.3532680571079254
1771525773319389000,42.27338891601563,0.045806337147951126,-0.1038632020354271,-0.36179015040397644
1771525773329391600,42.2833916015625,0.04367581009864807,-0.059122130274772644,-0.32770171761512756
1771525773339394000,42.29339404296875,0.04474107176065445,-0.01970737800002098,-0.27656906843185425
1771525773349396500,42.303396484375,0.05965476483106613,-0.015446322970092297,-0.23715431988239288
1771525773359399000,42.31339892578125,0.07456845790147781,-0.03568633273243904,-0.2222406268119812
1771525773369397800,42.32339770507812,0.07243792712688446,-0.050600022077560425,-0.20519641041755676
1771525773389395500,42.3433955078125,0.023435799404978752,-0.06444845348596573,-0.11145320534706116
1771525773399395300,42.35339526367188,-0.01597895473241806,0.013315795920789242,-0.0294279083609581
1771525773409395500,42.3633955078125,-0.061785291880369186,0.1315600574016571,0.06538055837154388
1771525773419396600,42.37339672851562,-0.09161267429590225,0.24341274797916412,0.1442100703716278
1771525773429398300,42.383398193359376,-0.10120004415512085,0.30839383602142334,0.1772332340478897
1771525773439400700,42.39340063476563,-0.10226531326770782,0.32650330662727356,0.16977639496326447
1771525773449404000,42.40340380859375,-0.08628635853528976,0.287088543176651,0.13781848549842834
1771525773459407600,42.41340771484375,-0.066046342253685,0.18056218326091766,0.07070687413215637
1771525773469412000,42.423412109375,-0.05326318368315697,0.05699160322546959,-0.02090579830110073
1771525773479417000,42.4334169921875,-0.038349490612745285,-0.022903168573975563,-0.10612688958644867
1771525773489422300,42.44342236328125,-0.023435799404978752,-0.03994738683104515,-0.17110797762870789
1771525773499427800,42.453427734375,-0.018109481781721115,-0.0005326318205334246,-0.18282587826251984
1771525773509433300,42.463433349609375,-0.019174745306372643,0.08681898564100266,-0.14980269968509674
1771525773519438800,42.47343896484375,-0.03941475600004196,0.1699095517396927,-0.11784479022026062
1771525773529441500,42.483441650390624,-0.06817687302827835,0.20932430028915405,-0.08482161909341812
1771525773539444000,42.49344384765625,-0.10652636736631393,0.26471802592277527,0.03555317223072052
1771525773549446700,42.50344677734375,-0.13422322273254395,0.44048652052879333,0.19321219623088837
1771525773559449000,42.513448974609375,-0.1129179447889328,0.532099187374115,0.26032379269599915
1771525773569451500,42.523451416015625,-0.06285055726766586,0.5171855092048645,0.2677806615829468
1771525773579454200,42.5334541015625,-0.005326318088918924,0.41598546504974365,0.22836589813232422
1771525773589456600,42.54345654296875,0.026631591841578484,0.26684853434562683,0.15166690945625305
1771525773599459000,42.553458984375,0.03195790946483612,0.1411474347114563,0.0834900364279747
1771525773609461500,42.56346142578125,0.050067391246557236,0.07936213910579681,0.04301001876592636
1771525773619460400,42.57346044921875,0.05326318368315697,0.0751010850071907,0.001464737462811172
1771525773639458000,42.5934580078125,0.09374319761991501,0.0015978955198079348,-0.027297381311655045
1771525773649457700,42.60345776367188,0.122505322098732,-0.06338318437337875,-0.027297381311655045
1771525773659458000,42.6134580078125,0.13741901516914368,-0.1272990107536316,-0.018775271251797676
1771525773669459200,42.62345922851563,0.1406148076057434,-0.18482324481010437,0.0003994738799519837
1771525773679460900,42.6334609375,0.1033305749297142,-0.1933453530073166,0.04407528415322304
1771525773689463300,42.64346337890625,0.04048001766204834,-0.19547587633132935,0.06538055837154388
1771525773699466800,42.653466796875,-0.0074568456038832664,-0.1699095517396927,0.08668582886457443
1771525773709470500,42.66347045898438,-0.017044218257069588,-0.10066741704940796,0.11438268423080444
1771525773719475000,42.67347485351563,-0.008522109128534794,-0.011185267940163612,0.14740586280822754
1771525773729480000,42.68347998046875,0.0021305272821336985,0.058056868612766266,0.18042902648448944
1771525773739485200,42.69348510742188,0.014913691207766533,0.0985368862748146,0.20812588930130005
1771525773749490400,42.703490478515626,0.026631591841578484,0.10066741704940796,0.23262694478034973
1771525773759496200,42.71349609375,0.03728422895073891,0.08575372397899628,0.2518016993999481
1771525773769501700,42.72350170898437,0.054328445345163345,0.059122130274772644,0.2475406378507614
1771525773779504000,42.73350415039062,0.061785291880369186,0.04101264849305153,0.21877852082252502
1771525773789506800,42.7435068359375,0.04900212585926056,0.02396843209862709,0.1495363861322403
1771525773799509200,42.75350927734375,0.019174745306372643,0.0005326318205334246,0.07496792823076248
1771525773809511700,42.76351171875,-0.012783164158463478,-0.013315795920789242,0.0270310640335083
1771525773819514000,42.77351416015625,-0.03515370190143585,-0.009054740890860558,0.01318263728171587
1771525773829516800,42.783516845703126,-0.045806337147951126,0.006924213841557503,0.025965800508856773
1771525773839519200,42.793519287109376,-0.042610544711351395,0.03249054029583931,0.03555317223072052
1771525773849521700,42.803521728515626,-0.017044218257069588,0.04314317926764488,0.03235738351941109
1771525773859524400,42.8135244140625,0.01597895473241806,0.010120004415512085,-0.0070573715493083
1771525773869523000,42.82352294921875,0.030892645940184593,-0.07616634666919708,-0.0762995108962059
1771525773889521000,42.84352099609375,0.02024000883102417,-0.23169484734535217,-0.17643429338932037
1771525773899520500,42.8535205078125,0.011717899702489376,-0.22210747003555298,-0.1753690242767334
1771525773909521000,42.86352099609375,0.0010652636410668492,-0.1699095517396927,-0.14980269968509674
1771525773919521800,42.87352172851563,-0.022370535880327225,-0.11877689510583878,-0.11145320534706116
1771525773929523700,42.883523681640625,-0.08415582776069641,-0.053795814514160156,-0.052863709628582
1771525773939526100,42.893526123046875,-0.10120004415512085,0.062317922711372375,0.001464737462811172
1771525773949529300,42.903529296875,-0.058589499443769455,0.11558110266923904,0.0153131652623415
1771525773959533000,42.913532958984376,-0.005326318088918924,0.07190529257059097,-0.0070573715493083
1771525773969537500,42.92353759765625,0.045806337147951126,-0.020772641524672508,-0.05819002538919449
1771525773979542500,42.93354248046875,0.08096003532409668,-0.10599373281002045,-0.11251847445964813
1771525773989547800,42.9435478515625,0.09480846673250198,-0.15180006623268127,-0.1561942845582962
1771525773999553300,42.95355322265625,0.07882951200008392,-0.17204007506370544,-0.1753690242767334
1771525774009558800,42.96355883789062,0.054328445345163345,-0.1592569202184677,-0.16045533120632172
1771525774019564500,42.973564453125,0.045806337147951126,-0.1038632020354271,-0.12104058265686035
1771525774029567000,42.98356689453125,0.041545283049345016,-0.021837905049324036,-0.07736477255821228
1771525774039569700,42.99356958007812,0.04474107176065445,0.033555805683135986,-0.04647212475538254
1771525774049572000,43.00357202148437,0.05539371073246002,0.034621067345142365,-0.04221107065677643
1771525774059574500,43.013574462890624,0.05965476483106613,-0.01438105944544077,-0.06777740269899368
1771525774079579600,43.03357958984375,0.06924213469028473,-0.10599373281002045,-0.09334372729063034
1771525774089582000,43.04358203125,0.0798947736620903,-0.09108003973960876,-0.06671213358640671
1771525774109587200,43.06358715820313,0.04793686419725418,0.04846949502825737,0.03768370300531387
1771525774119585800,43.07358569335938,-0.0074568456038832664,0.10918952524662018,0.07816372066736221
1771525774139584000,43.093583984375,-0.09267793595790863,0.09960214793682098,0.10479531437158585
1771525774149583600,43.10358349609375,-0.09267793595790863,0.053795814514160156,0.08135951310396194
1771525774159584000,43.113583984375,-0.066046342253685,0.01651158556342125,0.05153212696313858
1771525774169585200,43.12358520507812,-0.022370535880327225,-0.011185267940163612,0.03448791056871414
1771525774179586800,43.1335869140625,0.022370535880327225,-0.042077913880348206,0.00892158318310976
1771525774189589200,43.14358935546875,0.046871598809957504,-0.062317922711372375,-0.026232117787003517
1771525774199592400,43.15359252929687,0.05219791829586029,-0.058056868612766266,-0.03688475489616394
1771525774209596400,43.16359643554687,0.045806337147951126,-0.022903168573975563,-0.02516685426235199
1771525774219600600,43.1736005859375,0.026631591841578484,0.03249054029583931,0.005725792143493891
1771525774229605600,43.183605712890625,0.004261054564267397,0.09321057051420212,0.045140545815229416
1771525774239610600,43.19361059570313,-0.013848427683115005,0.13475584983825684,0.07496792823076248
1771525774249616100,43.2036162109375,-0.01597895473241806,0.14327795803546906,0.07709845900535583
1771525774259622000,43.213621826171874,-0.004261054564267397,0.11238531768321991,0.03874896466732025
1771525774269627400,43.22362744140625,0.013848427683115005,0.04740423336625099,-0.019840534776449203
1771525774279630000,43.23363012695312,0.02876211889088154,-0.013315795920789242,-0.06564687192440033
1771525774289632500,43.243632568359374,0.038349490612745285,-0.026098959147930145,-0.08162582665681839
1771525774299635200,43.25363525390625,0.030892645940184593,-0.0037284228019416332,-0.07523424178361893
1771525774309637600,43.2636376953125,0.0074568456038832664,0.010120004415512085,-0.056059498339891434
1771525774319640000,43.27364013671875,-0.02450106292963028,0.006924213841557503,-0.027297381311655045
1771525774329642800,43.28364282226563,-0.05113265663385391,0.013315795920789242,0.014247900806367397
1771525774359650000,43.31365014648438,-0.0010652636410668492,0.1081242561340332,0.08029424399137497
1771525774369652700,43.32365283203125,0.017044218257069588,0.12516847252845764,0.06218476593494415
1771525774379655200,43.3336552734375,0.026631591841578484,0.12197268754243851,0.028096329420804977
1771525774389657600,43.34365771484375,0.026631591841578484,0.10705899447202682,0.00892158318310976
1771525774399660000,43.35365991210937,0.022370535880327225,0.05699160322546959,-0.003861580742523074
1771525774409662700,43.363662841796874,0.018109481781721115,-0.009054740890860558,-0.015579480677843094
1771525774419665200,43.3736650390625,0.025566328316926956,-0.04420844092965126,-0.03795001655817032
1771525774429667600,43.38366748046875,0.029827382415533066,-0.03994738683104515,-0.05712476372718811
1771525774439670000,43.393669921875,0.019174745306372643,-0.009054740890860558,-0.050733182579278946
1771525774449672700,43.403672607421875,0.0010652636410668492,0.03994738683104515,-0.031558435410261154
1771525774459675100,43.413675048828125,-0.012783164158463478,0.09214530140161514,-0.012383690103888512
1771525774469677600,43.423677490234375,-0.022370535880327225,0.12836426496505737,0.011052110232412815
1771525774479680000,43.433679931640626,-0.02769685536623001,0.13369058072566986,0.01957421936094761
1771525774489682700,43.4436826171875,-0.038349490612745285,0.12410321086645126,0.0153131652623415
1771525774499685000,43.45368505859375,-0.050067391246557236,0.10492847114801407,0.009986846707761288
1771525774509687600,43.4636875,-0.05219791829586029,0.08575372397899628,0.011052110232412815
1771525774519690200,43.47369018554687,-0.038349490612745285,0.06764423847198486,0.011052110232412815
1771525774529692700,43.48369262695312,-0.021305272355675697,0.0516652874648571,-0.0017310534603893757
1771525774539695000,43.49369506835937,-0.009587372653186321,0.033555805683135986,-0.0070573715493083
1771525774549697500,43.50369750976562,-0.0010652636410668492,0.018642114475369453,0.001464737462811172
1771525774559700200,43.5137001953125,0.0010652636410668492,0.026098959147930145,0.006791055668145418
1771525774569702700,43.52370263671875,-0.013848427683115005,0.03249054029583931,0.0025300011038780212
1771525774579705000,43.533705078125,-0.02769685536623001,0.042077913880348206,0.0025300011038780212
1771525774589707500,43.54370751953125,-0.017044218257069588,0.04420844092965126,0.0153131652623415
1771525774599710200,43.553710205078126,0.009587372653186321,0.03249054029583931,0.025965800508856773
1771525774609712600,43.563712646484376,0.02450106292963028,0.015446322970092297,0.006791055668145418
1771525774619712000,43.5737119140625,0.017044218257069588,-0.004793686326593161,-0.0294279083609581
1771525774639711000,43.5937109375,0.02024000883102417,-0.013315795920789242,-0.024101590737700462
1771525774649711400,43.60371142578125,0.026631591841578484,-0.025033695623278618,-0.012383690103888512
1771525774659712000,43.6137119140625,0.012783164158463478,-0.021837905049324036,-0.013448953628540039
1771525774669713700,43.623713623046875,-0.004261054564267397,-0.011185267940163612,-0.014514217153191566
1771525774679715600,43.63371557617187,-0.010652636177837849,-0.0015978955198079348,-0.0017310534603893757
1771525774689718300,43.64371826171875,-0.010652636177837849,-0.004793686326593161,0.02383527345955372
1771525774699721700,43.6537216796875,-0.018109481781721115,-0.020772641524672508,0.03981423005461693
1771525774709725400,43.66372534179688,-0.034088436514139175,-0.00798947736620903,0.04620581120252609
1771525774719729700,43.67372973632813,-0.03728422895073891,0.0282294861972332,0.06751108169555664
1771525774729734400,43.683734375,-0.013848427683115005,0.061252661049366,0.08881635963916779
1771525774739739400,43.693739501953125,0.010652636177837849,0.0751010850071907,0.10053425282239914
1771525774749744400,43.70374438476563,0.023435799404978752,0.059122130274772644,0.05792371183633804
1771525774759749600,43.71374951171875,0.025566328316926956,0.01970737800002098,0.0153131652623415
1771525774769754400,43.72375439453125,0.03195790946483612,-0.017576850950717926,-0.004926844500005245
1771525774779757000,43.73375708007813,0.03195790946483612,-0.027164222672581673,-0.012383690103888512
1771525774789759500,43.74375952148438,0.014913691207766533,-0.013315795920789242,0.0003994738799519837
1771525774799762200,43.75376220703125,-0.011717899702489376,0.015446322970092297,0.021704746410250664
1771525774809764600,43.7637646484375,-0.03621896356344223,0.04527370631694794,0.03448791056871414
1771525774819767300,43.773767333984374,-0.06285055726766586,0.038882121443748474,0.025965800508856773
1771525774829769700,43.783769775390624,-0.07776424288749695,0.027164222672581673,0.02277000993490219
1771525774839772400,43.7937724609375,-0.06817687302827835,0.013315795920789242,0.001464737462811172
1771525774849774800,43.80377490234375,-0.03195790946483612,-0.02396843209862709,-0.027297381311655045
1771525774859777500,43.81377758789063,0.011717899702489376,-0.0751010850071907,-0.05819002538919449
1771525774869780000,43.82378002929688,0.03941475600004196,-0.11132004857063293,-0.08375635743141174
1771525774879782400,43.83378247070313,0.04900212585926056,-0.11345057934522629,-0.08695214241743088
1771525774889785000,43.84378515625,0.03941475600004196,-0.08362319320440292,-0.0624510794878006
1771525774899787500,43.85378759765625,0.009587372653186321,-0.03249054029583931,-0.02197106182575226
1771525774909790200,43.86379028320312,-0.026631591841578484,0.01651158556342125,0.017443692311644554
1771525774919792600,43.87379272460937,-0.05113265663385391,0.037816859781742096,0.0366184376180172
1771525774929795300,43.88379541015625,-0.06072002649307251,0.03675159439444542,0.03129211813211441
1771525774939797800,43.8937978515625,-0.05326318368315697,0.021837905049324036,0.021704746410250664
1771525774949800400,43.903800537109376,-0.030892645940184593,0.00798947736620903,0.01318263728171587
1771525774959803000,43.913802978515626,-0.008522109128534794,-0.01225053146481514,-0.004926844500005245
1771525774969805600,43.9238056640625,0.010652636177837849,-0.03994738683104515,-0.031558435410261154
1771525774979808000,43.93380810546875,0.022370535880327225,-0.04953476041555405,-0.054994236677885056
1771525774989810700,43.94381079101562,0.02024000883102417,-0.04101264849305153,-0.05819002538919449
1771525774999813000,43.95381323242187,0.004261054564267397,-0.027164222672581673,-0.039015281945466995
1771525775009815800,43.96381591796875,-0.013848427683115005,-0.00798947736620903,-0.011318426579236984
1771525775019818200,43.973818359375,-0.02876211889088154,0.002663159044459462,0.012117373757064342
1771525775029821000,43.983821044921875,-0.042610544711351395,0.015446322970092297,0.020639482885599136
1771525775039823400,43.9938232421875,-0.054328445345163345,0.025033695623278618,0.0153131652623415
1771525775049825800,44.00382568359375,-0.06285055726766586,0.022903168573975563,0.020639482885599136
1771525775069831000,44.023830810546876,-0.0564589723944664,0.19654114544391632,0.10159952193498611
1771525775079833600,44.03383349609375,-0.04793686419725418,0.2636527419090271,0.09627319872379303
1771525775089836000,44.0438359375,-0.030892645940184593,0.25726115703582764,0.05579318478703499
1771525775099838700,44.05383862304687,-0.006391582079231739,0.1688442826271057,-0.012383690103888512
1771525775119843800,44.07384375,0.012783164158463478,-0.18695376813411713,-0.1615206003189087
