time,seconds_elapsed,z,y,x
1772467503958700000,0.137699951171875,0,0,0
1772467503968700400,0.147700439453125,0.023534178733825684,-0.009163856506347656,0.02048952877521515
1772467503978701000,0.157701171875,0.10489654541015625,-0.034338951110839844,0.05024854838848114
1772467503988702200,0.1677021484375,0.13689982891082764,-0.09356021881103516,0.04634532332420349
1772467503998704000,0.1777041015625,0.0922766923904419,-0.1435108184814453,0.027090758085250854
1772467504008707300,0.187707275390625,0.04393494129180908,-0.15935039520263672,0.020273268222808838
1772467504018711000,0.1977109375,0.0625605583190918,-0.12435150146484375,-0.009270265698432922
1772467504028716300,0.20771630859375,0.0644838809967041,-0.06299400329589844,0.03571687638759613
1772467504038722300,0.217722412109375,0.07199549674987793,-0.022317886352539062,0.0846223458647728
1772467504048729300,0.227729248046875,0.11100447177886963,0.005181312561035156,0.04761771112680435
1772467504058737200,0.237737060546875,0.09211528301239014,0.012622833251953125,0.014721743762493134
1772467504068746000,0.24774609375,-0.007539868354797363,0.03706073760986328,0.042340025305747986
1772467504078755300,0.25775537109375,-0.11782348155975342,0.04672813415527344,0.037667930126190186
1772467504088766000,0.267765869140625,-0.16447198390960693,0.02510547637939453,-0.02413744479417801
1772467504098776800,0.27777685546875,-0.1164546012878418,0.014248847961425781,-0.059777989983558655
1772467504108787700,0.28778759765625,-0.06825459003448486,0.017739295959472656,-0.012810833752155304
1772467504118795500,0.29779541015625,-0.02355027198791504,0.08425712585449219,0.058476634323596954
1772467504128801500,0.307801513671875,0.009251832962036133,0.17908096313476562,0.053614646196365356
1772467504138807600,0.3178076171875,0.003963947296142578,0.19690990447998047,0.00430896133184433
1772467504148813300,0.327813232421875,0.008154511451721191,0.1779918670654297,-0.00985632836818695
1772467504158819300,0.3378193359375,-0.03322708606719971,0.15583133697509766,-0.054432131350040436
1772467504168825300,0.347825439453125,-0.026588916778564453,0.116668701171875,-0.0962575376033783
1772467504178831000,0.3578310546875,0.0580754280090332,0.03814697265625,-0.08111501485109329
1772467504188837000,0.367837158203125,0.11718416213989258,-0.01880645751953125,-0.010989174246788025
1772467504198843100,0.377843017578125,0.09669291973114014,-0.05984020233154297,-0.04433080554008484
1772467504208849200,0.38784912109375,0.017201662063598633,-0.04872703552246094,-0.05330165475606918
1772467504218855000,0.39785498046875,-0.09248900413513184,-0.04255199432373047,-0.020520932972431183
1772467504228861000,0.40786083984375,-0.10765719413757324,0.037491798400878906,-0.026823177933692932
1772467504238867000,0.417866943359375,-0.10587680339813232,0.1336374282836914,-0.02931828796863556
1772467504248872700,0.427872802734375,-0.05960869789123535,0.1066732406616211,-0.022132590413093567
1772467504258878700,0.437878662109375,0.0074803829193115234,0.011336326599121094,0.013338804244995117
1772467504268884700,0.447884765625,0.050518155097961426,-0.020904541015625,0.002210065722465515
1772467504278890500,0.457890380859375,0.004820585250854492,0.05448722839355469,0.01038224995136261
1772467504298903000,0.477903076171875,-0.05619168281555176,-0.02689647674560547,-0.010805949568748474
1772467504308908500,0.487908447265625,-0.03581345081329346,-0.08584022521972656,0.05328366160392761
1772467504318914300,0.497914306640625,0.01662898063659668,-0.07336235046386719,0.05127447843551636
1772467504328920000,0.507920166015625,0.002674579620361328,-0.028669357299804688,0.03532502055168152
1772467504338925800,0.51792578125,-0.029794812202453613,-0.05043601989746094,0.02819579839706421
1772467504348931600,0.527931640625,0.05530977249145508,-0.053046226501464844,-0.0032923370599746704
1772467504358937300,0.537937255859375,0.08705747127532959,-0.008931159973144531,0.05869495868682861
1772467504368943000,0.547943115234375,0.03954958915710449,0.09006118774414062,0.10051459074020386
1772467504378949000,0.55794921875,-0.0010086297988891602,0.2193317413330078,0.06151624023914337
1772467504398961000,0.5779609375,0.06695163249969482,0.014124870300292969,0.021977290511131287
1772467504408967200,0.58796728515625,0.18232905864715576,-0.13136768341064453,0.06704831123352051
1772467504418973200,0.59797314453125,0.15116751194000244,-0.1802988052368164,0.1296347975730896
1772467504428979200,0.607979248046875,0.004555106163024902,-0.10656452178955078,0.10731852054595947
1772467504438985200,0.617985107421875,-0.1193610429763794,-0.07675838470458984,-0.05954490602016449
1772467504448991500,0.627991455078125,-0.09945249557495117,-0.03831005096435547,-0.07331223785877228
1772467504458997500,0.63799755859375,-0.019045114517211914,-0.010004997253417969,-0.016708701848983765
1772467504469003500,0.64800341796875,0.06928420066833496,0.017729759216308594,0.04757075011730194
1772467504479009800,0.658009765625,0.047696471214294434,0.11545467376708984,0.05865900218486786
1772467504489016000,0.66801611328125,-0.04438948631286621,0.16448974609375,-0.038508713245391846
1772467504499022000,0.67802197265625,-0.07880330085754395,0.03412055969238281,-0.13329781591892242
1772467504509028000,0.688028076171875,-0.07979071140289307,-0.09389400482177734,-0.10883679986000061
1772467504519034000,0.6980341796875,-0.05183124542236328,-0.12572860717773438,-0.05167761445045471
1772467504529040100,0.7080400390625,-0.004709362983703613,-0.03484630584716797,-0.06609272956848145
1772467504539046000,0.7180458984375,-0.0012526512145996094,0.012212753295898438,-0.023506462574005127
1772467504549052000,0.728052001953125,-0.003294825553894043,0.03507804870605469,0.013691484928131104
1772467504559058000,0.738057861328125,-0.0019472837448120117,0.06721305847167969,0.012395516037940979
1772467504569064000,0.74806396484375,-0.0019649267196655273,0.0660867691040039,-0.0406523197889328
1772467504579069700,0.758069580078125,0.007123112678527832,0.08387088775634766,-0.03138825297355652
1772467504589075700,0.76807568359375,0.03480255603790283,0.040169715881347656,-0.012432947754859924
1772467504599081700,0.778081787109375,0.0335773229598999,-0.021602630615234375,0.011056765913963318
1772467504609087500,0.78808740234375,0.017530202865600586,-0.006882667541503906,0.010642781853675842
1772467504619093500,0.798093505859375,-0.0036858320236206055,0.012427330017089844,-0.022835910320281982
1772467504629099500,0.808099609375,-0.005820870399475098,0.03143024444580078,-0.018362179398536682
1772467504639105300,0.818105224609375,0.001200556755065918,0.02191925048828125,0.02381230890750885
1772467504649111300,0.828111328125,-0.0017099380493164062,0.022060394287109375,0.03273521363735199
1772467504659117300,0.838117431640625,0.0238800048828125,0.017455101013183594,0.041372150182724
1772467504669123000,0.848123046875,0.048944830894470215,0.017648696899414062,0.05901347100734711
1772467504679129000,0.858129150390625,0.03582155704498291,0.036690711975097656,0.06674055010080338
1772467504689123800,0.868123779296875,0.07040238380432129,0.036507606506347656,0.05056960880756378
1772467504699119400,0.878119384765625,0.08668947219848633,0.03612518310546875,0.04369731247425079
1772467504709116200,0.8881162109375,0.04230999946594238,0.02619171142578125,0.10313451290130615
1772467504719114500,0.898114501953125,0.06551659107208252,0.049228668212890625,0.10115817934274673
1772467504729115000,0.908114990234375,0.037366271018981934,0.015236854553222656,0.04780345410108566
1772467504739117000,0.918116943359375,-0.07067418098449707,0.02424335479736328,0.03288048505783081
1772467504749121300,0.928121337890625,-0.11663353443145752,0.04268360137939453,0.037194423377513885
1772467504759127600,0.93812744140625,-0.049428701400756836,0.05151176452636719,-0.010035261511802673
1772467504769135900,0.948135986328125,0.0025349855422973633,0.00368499755859375,-0.04258468747138977
1772467504779145700,0.958145751953125,-0.002458930015563965,-0.02458477020263672,-0.02302984893321991
1772467504789157400,0.968157470703125,-0.04104268550872803,-0.01458740234375,-0.00842585414648056
1772467504799170300,0.97817041015625,0.005466341972351074,-0.02824687957763672,-0.055378615856170654
1772467504809184000,0.98818408203125,0.01874828338623047,-0.07473373413085938,-0.0689951702952385
1772467504819198200,0.9981982421875,-0.024899959564208984,-0.0827484130859375,-0.017110250890254974
1772467504829213000,1.008212890625,-0.08706521987915039,-0.010509490966796875,0.05750051885843277
1772467504839225000,1.01822509765625,-0.08800327777862549,-0.019336700439453125,-0.014967471361160278
1772467504849230800,1.02823095703125,-0.03232431411743164,-0.018622398376464844,-0.030202269554138184
1772467504859236900,1.03823681640625,-0.052701473236083984,-0.0038309097290039062,0.025434665381908417
1772467504869243000,1.048242919921875,-0.09196579456329346,0.0013742446899414062,0.05720643699169159
1772467504879248600,1.05824853515625,-0.0837860107421875,-0.031119346618652344,-0.010101951658725739
1772467504889140200,1.06814013671875,0.02286064624786377,-0.03477954864501953,-0.05827660858631134
1772467504899040800,1.078040771484375,0.05247950553894043,-0.010148048400878906,0.04456310719251633
1772467504908954000,1.0879541015625,-0.018088340759277344,0.00010395050048828125,0.09933295845985413
1772467504918883800,1.0978837890625,-0.06474947929382324,0.05271625518798828,0.021933645009994507
1772467504928832300,1.107832275390625,-0.03561234474182129,0.08097267150878906,-0.006576254963874817
1772467504938800600,1.117800537109375,-0.0019521713256835938,0.047509193420410156,0.0654909610748291
1772467504948790000,1.1277900390625,0.03636610507965088,0.03806877136230469,0.043319590389728546
1772467504958800100,1.137800048828125,0.060622215270996094,0.03808307647705078,-0.01563803106546402
1772467504968829700,1.14782958984375,0.047202229499816895,-0.013759613037109375,-0.03538326174020767
1772467504978877400,1.15787744140625,0.019773364067077637,-0.1118021011352539,-0.03595878928899765
1772467504988940500,1.1679404296875,0.049596548080444336,-0.09055233001708984,-0.013432219624519348
1772467504999016400,1.178016357421875,0.0840369462966919,-0.07444381713867188,-0.03887456655502319
1772467505009101600,1.1881015625,0.05198109149932861,-0.06802558898925781,-0.03144189715385437
1772467505019192600,1.198192626953125,0.0015091896057128906,-0.038158416748046875,-0.029623746871948242
1772467505029285600,1.20828564453125,-0.03891909122467041,0.057166099548339844,-0.009440422058105469
1772467505039344000,1.21834423828125,-0.05532264709472656,0.14622116088867188,-0.032547980546951294
1772467505049350100,1.22835009765625,-0.052802324295043945,0.15377330780029297,0.010197415947914124
1772467505059356200,1.238356201171875,-0.04592573642730713,0.16126155853271484,0.06658506393432617
1772467505069362200,1.248362060546875,-0.010921120643615723,0.16392135620117188,0.023343563079833984
1772467505079368000,1.258367919921875,0.0010876655578613281,0.1616230010986328,0.004572153091430664
1772467505089370000,1.2683701171875,-0.014518141746520996,0.10271358489990234,0.015109524130821228
1772467505109375000,1.288375,-0.08589839935302734,-0.1521167755126953,-0.0049896687269210815
1772467505119378200,1.298378173828125,-0.05766797065734863,-0.13516616821289062,-0.055290430784225464
1772467505129382000,1.3083818359375,-0.04957222938537598,-0.07126712799072266,-0.05841901898384094
1772467505139386400,1.318386474609375,-0.0567704439163208,-0.05062389373779297,-0.010149076581001282
1772467505149391600,1.3283916015625,0.0015484094619750977,-0.016109466552734375,0.013260886073112488
1772467505159397600,1.338397705078125,0.07331967353820801,0.0460205078125,0.012255340814590454
1772467505169404200,1.348404052734375,0.09301865100860596,0.07398223876953125,0.020555436611175537
1772467505179411500,1.358411376953125,0.08025658130645752,0.05895519256591797,0.0434567928314209
1772467505189419500,1.36841943359375,0.05409860610961914,0.011126518249511719,0.05218644440174103
1772467505199427800,1.378427734375,0.024277925491333008,-0.003055572509765625,0.065700963139534
1772467505209436400,1.3884365234375,-0.018238306045532227,0.011087417602539062,0.06103159487247467
1772467505219445200,1.3984453125,-0.06431388854980469,0.03904247283935547,0.037961989641189575
1772467505229454300,1.408454345703125,-0.10040855407714844,-0.032318115234375,0.000624343752861023
1772467505239463400,1.41846337890625,-0.032340049743652344,-0.11192131042480469,-0.01863342523574829
1772467505249469400,1.428469482421875,0.03467762470245361,-0.17139339447021484,0.008476480841636658
1772467505259475500,1.438475341796875,0.08214223384857178,-0.21583271026611328,0.006078764796257019
1772467505269481200,1.448481201171875,0.03074824810028076,-0.17493152618408203,0.06947746127843857
1772467505279487200,1.4584873046875,-0.0716702938079834,-0.11585426330566406,0.042869776487350464
1772467505289489400,1.468489501953125,-0.08783328533172607,-0.048308372497558594,-0.04013840854167938
1772467505309494300,1.488494384765625,0.030995726585388184,-0.02463054656982422,0.008545786142349243
1772467505319497500,1.49849755859375,0.051900267601013184,-0.038857460021972656,0.0295402854681015
1772467505329501200,1.508501220703125,0.05023229122161865,-0.0154266357421875,-0.01119185984134674
1772467505339505700,1.518505615234375,0.05903351306915283,-0.006691932678222656,-0.02702682465314865
1772467505349510700,1.5285107421875,0.04487311840057373,-0.017061233520507812,0.014591239392757416
1772467505359516700,1.5385166015625,0.00760042667388916,-0.050830841064453125,0.02282796800136566
1772467505369523200,1.548523193359375,0.013313531875610352,-0.03223609924316406,0.0073803141713142395
1772467505379530500,1.558530517578125,0.03306126594543457,0.02843761444091797,0.011788859963417053
1772467505389538300,1.568538330078125,0.0526958703994751,0.01744556427001953,0.01230950653553009
1772467505399546600,1.578546630859375,0.08673012256622314,-0.0028905868530273438,-0.006244942545890808
1772467505409555500,1.588555419921875,0.08814108371734619,-0.013629913330078125,0.017840169370174408
1772467505419564300,1.598564208984375,0.08504068851470947,-0.019515037536621094,-0.0006983056664466858
1772467505429573400,1.608573486328125,0.05363881587982178,0.017091751098632812,-0.010037370026111603
1772467505439582500,1.61858251953125,0.023050427436828613,0.029497146606445312,-0.01956077665090561
1772467505449588700,1.628588623046875,0.0021924972534179688,0.05115318298339844,-0.03843739628791809
1772467505459594500,1.638594482421875,-0.004778504371643066,0.09139537811279297,-0.0002918839454650879
1772467505469600500,1.6486005859375,0.006907105445861816,0.08864784240722656,-0.01926329731941223
1772467505479606500,1.6586064453125,0.05074489116668701,0.1660909652709961,-0.03912750631570816
1772467505489608700,1.668608642578125,0.06447422504425049,0.22831153869628906,-0.026352904736995697
1772467505509613300,1.68861328125,0.1123206615447998,0.07451152801513672,-0.011778540909290314
1772467505519616500,1.698616455078125,0.10926806926727295,0.0255279541015625,-0.019744589924812317
1772467505529620500,1.708620361328125,0.07310616970062256,-0.008478164672851562,-0.04666483402252197
1772467505539625000,1.718625,-0.0006325244903564453,-0.022995948791503906,-0.035910576581954956
1772467505549630000,1.7286298828125,-0.00845324993133545,0.04769420623779297,-0.03986039757728577
1772467505559636000,1.738635986328125,0.0015549659729003906,0.09385871887207031,-0.03955891728401184
1772467505569642500,1.748642578125,-0.02729344367980957,0.11589336395263672,0.012747466564178467
1772467505579649800,1.75864990234375,-0.04715454578399658,0.05768013000488281,0.03171616047620773
1772467505589657600,1.76865771484375,-0.029520273208618164,-0.037138938903808594,0.003675982356071472
1772467505599666000,1.778666015625,0.06817567348480225,-0.10688304901123047,-0.00006154179573059082
1772467505609674500,1.788674560546875,0.13630151748657227,-0.1378459930419922,0.05788744240999222
1772467505619683600,1.79868359375,0.15691733360290527,-0.17312240600585938,0.08680559694766998
1772467505629692400,1.8086923828125,0.12610340118408203,-0.1749715805053711,0.05905715376138687
1772467505639701500,1.818701416015625,0.101523756980896,-0.15813064575195312,0.02734491229057312
1772467505649707800,1.828707763671875,0.11193728446960449,-0.1371469497680664,0.02906908094882965
1772467505659713800,1.8387138671875,0.06259453296661377,-0.14033889770507812,0.09723442792892456
1772467505669719800,1.8487197265625,-0.01806938648223877,-0.1200723648071289,0.07057475298643112
1772467505679725600,1.8587255859375,-0.1016916036605835,-0.11904525756835938,-0.007417690008878708
1772467505689727700,1.868727783203125,-0.1604834794998169,-0.12272262573242188,-0.023189689964056015
1772467505709732600,1.888732666015625,-0.08074915409088135,-0.09195327758789062,0.011118248105049133
1772467505719735800,1.89873583984375,0.019898295402526855,-0.08659934997558594,-0.004673067480325699
1772467505729739500,1.908739501953125,0.016501903533935547,-0.015621185302734375,0.026823174208402634
1772467505739744000,1.918743896484375,-0.03351485729217529,0.0023145675659179688,0.024953708052635193
1772467505749749000,1.9287490234375,-0.06406867504119873,-0.00826263427734375,-0.024517066776752472
1772467505759755000,1.938755126953125,-0.06627285480499268,0.000244140625,-0.055147506296634674
1772467505769761500,1.948761474609375,-0.02626657485961914,0.03219127655029297,-0.057305242866277695
1772467505779768800,1.958768798828125,0.03180742263793945,0.07775115966796875,-0.012730935588479042
1772467505789776600,1.968776611328125,0.0847158432006836,0.08480358123779297,-0.01139632798731327
1772467505799785000,1.978784912109375,0.09047400951385498,0.06335735321044922,-0.042622603476047516
1772467505809793800,1.988793701171875,0.07280123233795166,0.061074256896972656,-0.016439346596598625
1772467505819802600,1.998802734375,0.050309062004089355,0.09186077117919922,-0.061697572469711304
1772467505829811700,2.008811767578125,0.013455986976623535,0.14107418060302734,-0.01694352552294731
1772467505839820800,2.01882080078125,-0.02901625633239746,0.18972206115722656,-0.0007831640541553497
1772467505849827000,2.0288271484375,0.007636547088623047,0.218994140625,-0.0651416927576065
1772467505859832800,2.038832763671875,0.05729568004608154,0.18194293975830078,-0.07671579718589783
1772467505869838800,2.0488388671875,0.08197355270385742,0.09381580352783203,-0.03096531704068184
1772467505879844900,2.058844970703125,0.09641575813293457,0.007224082946777344,0.0001852453569881618
1772467505889847000,2.068846923828125,0.09628725051879883,-0.03080463409423828,-0.06838260591030121
1772467505919854800,2.098854736328125,-0.22705674171447754,0.08297061920166016,-0.01470743678510189
1772467505929858800,2.10885888671875,-0.14683973789215088,0.1433858871459961,-0.019883885979652405
1772467505939863300,2.11886328125,-0.031920671463012695,0.16068172454833984,-0.0149046890437603
1772467505949868500,2.12886865234375,0.033180952072143555,0.11190319061279297,0.023650234565138817
1772467505959874300,2.138874267578125,0.05000889301300049,0.00274658203125,0.015053716488182545
1772467505969881000,2.148881103515625,0.005650043487548828,-0.07167530059814453,0.011205805465579033
1772467505979888000,2.15888818359375,-0.04237163066864014,-0.1260690689086914,0.054642122238874435
1772467505989896000,2.16889599609375,-0.027768850326538086,-0.21732330322265625,0.017645690590143204
1772467505999904300,2.178904296875,0.016473054885864258,-0.2696561813354492,0.03261738270521164
1772467506009913000,2.1889130859375,0.02373480796813965,-0.1895122528076172,0.06081990525126457
1772467506019922000,2.198921875,0.008045315742492676,-0.03548431396484375,0.054778456687927246
1772467506029931000,2.208930908203125,-0.011684179306030273,0.06411457061767578,0.029189718887209892
1772467506039939800,2.21893994140625,-0.04019629955291748,0.14787769317626953,0.060089658945798874
1772467506049946000,2.228946044921875,-0.029751062393188477,0.16418838500976562,0.08180349320173264
1772467506059952000,2.2389521484375,-0.004338264465332031,0.14709854125976562,0.08025605976581573
1772467506069958100,2.248958251953125,0.016552448272705078,0.0878133773803711,0.046316154301166534
1772467506079964000,2.2589638671875,0.0285947322845459,0.015240669250488281,0.026558514684438705
1772467506089966000,2.268966064453125,0.04125010967254639,-0.05154705047607422,-0.007759314030408859
1772467506109971000,2.288970947265625,0.001325845718383789,-0.1020059585571289,0.03966724872589111
1772467506119974100,2.29897412109375,0.015349149703979492,-0.08222675323486328,0.03618887811899185
1772467506129977900,2.308977783203125,0.0530858039855957,-0.0204620361328125,-0.04262346774339676
1772467506139982300,2.318982421875,0.06685447692871094,0.06849384307861328,-0.04973185434937477
1772467506149987600,2.328987548828125,0.06617105007171631,0.10419178009033203,-0.08520783483982086
1772467506159993600,2.33899365234375,0.06550455093383789,0.06867122650146484,-0.1252218633890152
1772467506170000100,2.349000244140625,0.04642605781555176,0.0054264068603515625,-0.11751434952020645
1772467506180007400,2.35900732421875,0.037589430809020996,-0.07097053527832031,-0.10955081880092621
1772467506190015200,2.36901513671875,-0.004267692565917969,-0.09897041320800781,-0.10624854266643524
1772467506200023600,2.3790234375,-0.05104970932006836,-0.06985092163085938,-0.0888194739818573
1772467506210032000,2.3890322265625,-0.060800790786743164,0.015517234802246094,-0.07185202836990356
1772467506220041000,2.399041015625,-0.015407443046569824,0.05732917785644531,-0.04988701641559601
1772467506230050000,2.409050048828125,0.04786098003387451,0.06551456451416016,0.019393473863601685
1772467506240059100,2.41905908203125,0.04435575008392334,0.07352447509765625,0.08406172692775726
1772467506250065400,2.4290654296875,0.04591691493988037,0.038969993591308594,0.07867731899023056
1772467506260071200,2.4390712890625,0.05205690860748291,-0.027956008911132812,0.07907353341579437
1772467506270077200,2.4490771484375,0.019715547561645508,-0.032444000244140625,0.11292172223329544
1772467506280083200,2.459083251953125,-0.008292913436889648,-0.02259063720703125,0.10004200041294098
1772467506290085400,2.46908544921875,0.01524496078491211,-0.04575061798095703,0.06428870558738708
1772467506310090200,2.48909033203125,0.02236151695251465,0.035251617431640625,0.055149588733911514
1772467506320093200,2.49909326171875,0.05337882041931152,0.0019407272338867188,0.06279459595680237
1772467506330097000,2.509096923828125,0.056030869483947754,-0.03558826446533203,0.08000936359167099
1772467506340101400,2.519101318359375,0.04471230506896973,-0.04897880554199219,0.05448134243488312
1772467506350106600,2.529106689453125,-0.008897185325622559,-0.062127113342285156,0.03371237963438034
1772467506360112400,2.5391123046875,-0.052703022956848145,-0.06555557250976562,0.03156990557909012
1772467506370119200,2.549119140625,-0.0545191764831543,-0.026368141174316406,0.05711154267191887
1772467506380126500,2.55912646484375,-0.00532376766204834,-0.03949546813964844,0.010330833494663239
1772467506390134300,2.56913427734375,-0.018566131591796875,-0.005249977111816406,0.07181544601917267
1772467506400142600,2.579142578125,-0.03660225868225098,0.0190582275390625,0.0994650274515152
1772467506410151200,2.589151123046875,0.011784553527832031,-0.004155158996582031,0.037133656442165375
1772467506420160300,2.59916015625,0.06488645076751709,-0.012984275817871094,0.06485743075609207
1772467506430169300,2.60916943359375,0.10850036144256592,-0.05946540832519531,0.12031814455986023
1772467506440178400,2.619178466796875,0.13336777687072754,-0.10530376434326172,0.14191074669361115
1772467506460190500,2.6391904296875,0.2271404266357422,-0.16677474975585938,0.12308266758918762
1772467506470196200,2.6491962890625,0.2496967315673828,-0.16445159912109375,0.17242181301116943
1772467506480202200,2.6592021484375,0.2218097448348999,-0.13890552520751953,0.16888901591300964
1772467506490208300,2.669208251953125,0.17165637016296387,-0.0762472152709961,0.1462073177099228
1772467506500214000,2.679214111328125,0.10421383380889893,-0.06654167175292969,0.14741119742393494
1772467506510220000,2.689219970703125,0.08497631549835205,-0.11820793151855469,0.18192356824874878
1772467506520226000,2.69922607421875,0.10331606864929199,-0.1454010009765625,0.1830318123102188
1772467506530232000,2.709232177734375,0.16301822662353516,-0.09668350219726562,0.13178783655166626
1772467506540237800,2.71923779296875,0.1975785493850708,-0.06280326843261719,0.12818463146686554
1772467506550243800,2.729243896484375,0.24077939987182617,-0.07182979583740234,0.16693660616874695
1772467506560249900,2.739249755859375,0.25971150398254395,-0.08070659637451172,0.19585871696472168
1772467506570255600,2.749255615234375,0.2924473285675049,-0.06589508056640625,0.14960096776485443
1772467506580261600,2.75926171875,0.3712124824523926,-0.13600444793701172,0.1090756431221962
1772467506590267600,2.769267578125,0.37764525413513184,-0.15778541564941406,0.2137129306793213
1772467506610279400,2.789279541015625,0.44404709339141846,-0.10245418548583984,0.18845900893211365
1772467506620285400,2.799285400390625,0.4435354471206665,-0.17643260955810547,0.17976485192775726
1772467506630291200,2.809291259765625,0.4718775749206543,-0.18336105346679688,0.21875526010990143
1772467506640297200,2.819297119140625,0.4715876579284668,-0.18548965454101562,0.24852421879768372
1772467506650303200,2.82930322265625,0.3949538469314575,-0.22980213165283203,0.27361494302749634
1772467506660309200,2.839309326171875,0.3510485887527466,-0.3296346664428711,0.27042654156684875
1772467506670315000,2.84931494140625,0.31167304515838623,-0.4606132507324219,0.2015397846698761
1772467506680321000,2.859321044921875,0.28614330291748047,-0.5892572402954102,0.1955883651971817
1772467506690327000,2.8693271484375,0.3313426971435547,-0.7251243591308594,0.1620282232761383
1772467506700332800,2.879332763671875,0.4601377248764038,-0.7785978317260742,0.07607333362102509
1772467506710338800,2.8893388671875,0.581998348236084,-0.7463846206665039,0.008298233151435852
1772467506720344800,2.8993447265625,0.7779026031494141,-0.7006750106811523,-0.12220355123281479
1772467506730350600,2.9093505859375,0.9063727855682373,-0.5759420394897461,-0.2256506085395813
1772467506740356600,2.919356689453125,0.8839682340621948,-0.3641204833984375,-0.25066331028938293
1772467506750362600,2.929362548828125,0.6788409948348999,-0.03346443176269531,-0.19758450984954834
1772467506760368400,2.939368408203125,0.4518493413925171,0.4097414016723633,-0.13783594965934753
1772467506770374400,2.94937451171875,0.2732027769088745,0.7330389022827148,-0.16480080783367157
1772467506780380400,2.95938037109375,0.1277397871017456,1.0043792724609375,-0.07842221856117249
1772467506790386400,2.969386474609375,0.07136189937591553,1.1492729187011719,-0.11444751918315887
1772467506800392200,2.97939208984375,0.0651928186416626,1.1462249755859375,-0.06787236034870148
1772467506810398200,2.989398193359375,0.1375361680984497,0.9222040176391602,-0.09095600247383118
1772467506820404200,2.999404296875,0.17917442321777344,0.6503458023071289,-0.0653323233127594
1772467506830410000,3.009409912109375,0.2242065668106079,0.28896522521972656,-0.07210338115692139
1772467506840416000,3.019416015625,0.4145399332046509,-0.09936714172363281,-0.06346167623996735
1772467506850422000,3.029422119140625,0.6212472915649414,-0.36363792419433594,0.04960450530052185
1772467506860427800,3.039427734375,0.7023807764053345,-0.5529422760009766,0.07795485854148865
1772467506870433800,3.049433837890625,0.7030056715011597,-0.6639184951782227,-0.11906793713569641
1772467506880439800,3.059439697265625,0.7098370790481567,-0.7308988571166992,-0.4695338010787964
1772467506890445600,3.069445556640625,0.7372912168502808,-0.7358407974243164,-0.6473737955093384
1772467506900451600,3.07945166015625,0.7610210180282593,-0.5760765075683594,-0.5860322713851929
1772467506910457600,3.08945751953125,0.7856426239013672,-0.26374244689941406,-0.4777194857597351
1772467506920463600,3.099463623046875,0.7595319747924805,0.052593231201171875,-0.4822511672973633
1772467506930469400,3.109469482421875,0.603272557258606,0.39642333984375,-0.4600570499897003
1772467506940475400,3.119475341796875,0.483931303024292,0.6589412689208984,-0.419838011264801
1772467506950481400,3.1294814453125,0.4153742790222168,0.7707653045654297,-0.41721785068511963
1772467506960487200,3.139487060546875,0.3731670379638672,0.7673435211181641,-0.4507460594177246
1772467506970493200,3.1494931640625,0.3662118911743164,0.6506271362304688,-0.3932737708091736
1772467506980499200,3.159499267578125,0.37920212745666504,0.5167722702026367,-0.28786230087280273
1772467506990505000,3.1695048828125,0.41628098487854004,0.39434337615966797,-0.18189607560634613
1772467507000511000,3.179510986328125,0.3817260265350342,0.39165210723876953,-0.0038507580757141113
1772467507010517000,3.18951708984375,0.3371138572692871,0.2761402130126953,-0.01360824704170227
1772467507020523000,3.19952294921875,0.30616116523742676,0.04970836639404297,-0.01106637716293335
1772467507030528800,3.20952880859375,0.4207580089569092,-0.3188333511352539,0.004026204347610474
1772467507040534800,3.21953466796875,0.669879674911499,-0.7896089553833008,0.040736258029937744
1772467507050540800,3.229540771484375,0.894373893737793,-1.2030057907104492,0.07060566544532776
1772467507060546600,3.239546630859375,0.9996261596679688,-1.5389366149902344,0.030414819717407227
1772467507070552600,3.249552490234375,1.047675371170044,-1.7163991928100586,-0.027915358543395996
1772467507080558600,3.25955859375,1.086158037185669,-1.740591049194336,-0.15764324367046356
1772467507090564400,3.269564453125,1.1295738220214844,-1.5833702087402344,-0.25914478302001953
1772467507100570400,3.2795703125,1.14447021484375,-1.2978219985961914,-0.29386666417121887
1772467507110576400,3.289576416015625,1.1019566059112549,-0.9940605163574219,-0.3622255027294159
1772467507120582100,3.29958203125,1.0785837173461914,-0.7341957092285156,-0.49263161420822144
1772467507130588200,3.309588134765625,1.0696282386779785,-0.4942359924316406,-0.5036719441413879
1772467507140594200,3.31959423828125,1.027292013168335,-0.2598114013671875,-0.44258660078048706
1772467507150600200,3.32960009765625,1.0328280925750732,-0.035671234130859375,-0.4815455973148346
1772467507160606000,3.33960595703125,0.9526412487030029,0.16863727569580078,-0.4821569323539734
1772467507170612000,3.349612060546875,0.7906455993652344,0.2818136215209961,-0.4683261513710022
1772467507180618000,3.359617919921875,0.6325087547302246,0.3567638397216797,-0.4689865708351135
1772467507190623700,3.369623779296875,0.588484525680542,0.38873767852783203,-0.4603918492794037
1772467507200629800,3.379629638671875,0.62021803855896,0.4207906723022461,-0.4235663414001465
1772467507210635800,3.3896357421875,0.6752753257751465,0.4385404586791992,-0.387420117855072
1772467507220641500,3.3996416015625,0.7060723304748535,0.40378665924072266,-0.3372882008552551
1772467507230647600,3.4096474609375,0.8136379718780518,0.22105693817138672,-0.34931647777557373
1772467507250659600,3.42965966796875,0.9014532566070557,0.023751258850097656,-0.3212892413139343
1772467507270671400,3.44967138671875,0.8879053592681885,-0.10086822509765625,-0.42015349864959717
1772467507280677400,3.459677490234375,0.8985476493835449,-0.06703567504882812,-0.44513463973999023
1772467507290683400,3.469683349609375,0.9031918048858643,-0.04736614227294922,-0.46996015310287476
1772467507300689400,3.479689453125,0.9107809066772461,-0.017816543579101562,-0.45122212171554565
1772467507310695400,3.4896953125,0.8920629024505615,0.121978759765625,-0.41340625286102295
1772467507320701400,3.499701416015625,0.9036989212036133,0.28114986419677734,-0.476287305355072
1772467507330707500,3.50970751953125,0.8595578670501709,0.4692268371582031,-0.47757402062416077
1772467507340713500,3.51971337890625,0.8361799716949463,0.657496452331543,-0.4698913097381592
1772467507350719500,3.529719482421875,0.8677434921264648,0.8553466796875,-0.42448508739471436
1772467507360725500,3.5397255859375,0.8589005470275879,1.014948844909668,-0.30750393867492676
1772467507370731300,3.549731201171875,0.8143315315246582,1.069636344909668,-0.2662416100502014
1772467507380737300,3.5597373046875,0.7580175399780273,1.0292844772338867,-0.26770955324172974
1772467507390743300,3.569743408203125,0.7435314655303955,0.9416971206665039,-0.22088439762592316
1772467507400749300,3.579749267578125,0.7045137882232666,0.821202278137207,-0.1442546844482422
1772467507420761300,3.59976123046875,0.47704601287841797,0.43893909454345703,-0.13598451018333435
1772467507430767400,3.609767333984375,0.4184577465057373,0.20592117309570312,-0.22114287316799164
1772467507440773400,3.6197734375,0.44582581520080566,-0.07880687713623047,-0.2936154007911682
1772467507450779400,3.629779296875,0.49144744873046875,-0.24783706665039062,-0.28903400897979736
1772467507460785200,3.63978515625,0.5739495754241943,-0.15337371826171875,-0.14624552428722382
1772467507470791200,3.649791259765625,0.7036781311035156,-0.0064754486083984375,-0.14741382002830505
1772467507480797200,3.659797119140625,0.7674198150634766,0.23052501678466797,-0.053133685141801834
1772467507490803200,3.66980322265625,0.780890941619873,0.48065948486328125,0.03279790282249451
1772467507500809200,3.679809326171875,0.7543802261352539,0.7532730102539062,0.13532350957393646
1772467507510815200,3.689815185546875,0.7166590690612793,1.096034049987793,0.38899344205856323
1772467507520821200,3.6998212890625,0.5916903018951416,1.4226799011230469,0.5945949554443359
1772467507530827300,3.7098271484375,0.4331698417663574,1.7472896575927734,0.6778591871261597
1772467507540833300,3.719833251953125,0.22785329818725586,1.9358320236206055,0.809219479560852
1772467507550839300,3.72983935546875,-0.037694692611694336,2.0313873291015625,0.9863442182540894
1772467507560845000,3.739844970703125,-0.3394620418548584,1.9339275360107422,0.9660720229148865
1772467507570851000,3.74985107421875,-0.6688027381896973,1.4819421768188477,0.7663319110870361
1772467507580857000,3.759857177734375,-0.9800941944122314,0.7248086929321289,0.5535324215888977
1772467507590863000,3.769863037109375,-1.2141005992889404,-0.15914154052734375,0.3531266748905182
1772467507600868900,3.779868896484375,-1.2877882719039917,-0.8631954193115234,0.21879056096076965
1772467507610875000,3.789875,-1.192457914352417,-1.3495559692382812,0.05799487233161926
1772467507620881000,3.799880859375,-1.076623797416687,-1.6761407852172852,-0.045130837708711624
1772467507630886700,3.80988671875,-0.9589554071426392,-1.8292150497436523,-0.024558091536164284
1772467507640892700,3.819892578125,-0.8285986185073853,-1.790513038635254,0.03874540328979492
1772467507650898700,3.829898681640625,-0.5973997116088867,-1.5229501724243164,0.13540664315223694
1772467507660904400,3.839904541015625,-0.4024958610534668,-1.1326322555541992,0.2624170184135437
1772467507670910500,3.849910400390625,-0.30475282669067383,-0.8494052886962891,0.33527469635009766
1772467507680916500,3.85991650390625,-0.33743786811828613,-0.6586151123046875,0.45504629611968994
1772467507690922200,3.869922119140625,-0.5111672878265381,-0.4593353271484375,0.550353467464447
1772467507700928300,3.87992822265625,-0.7659124135971069,-0.1840839385986328,0.6225526928901672
1772467507710934300,3.889934326171875,-1.0269804000854492,0.028939247131347656,0.6639338731765747
1772467507720940300,3.899940185546875,-1.1899141073226929,0.094085693359375,0.6180706024169922
1772467507730946000,3.909946044921875,-1.2317262887954712,0.059660911560058594,0.5758388042449951
1772467507740952000,3.9199521484375,-1.1474581956863403,-0.1124105453491211,0.48378628492355347
1772467507750958000,3.9299580078125,-0.9799097776412964,-0.4362211227416992,0.38862714171409607
1772467507760963800,3.9399638671875,-0.7430003881454468,-0.8733234405517578,0.3030724823474884
1772467507770969900,3.949969970703125,-0.5173723697662354,-1.323312759399414,0.24896299839019775
1772467507780975900,3.959975830078125,-0.37859225273132324,-1.5857820510864258,0.24965715408325195
1772467507790981600,3.969981689453125,-0.33558082580566406,-1.7759571075439453,0.1957850307226181
1772467507800987600,3.979987548828125,-0.220320463180542,-1.7891159057617188,0.1588224321603775
1772467507810993700,3.98999365234375,-0.14122295379638672,-1.7168922424316406,0.16845588386058807
1772467507820999400,3.99999951171875,-0.09870529174804688,-1.5593738555908203,0.16761717200279236
1772467507831005400,4.01000537109375,-0.0979466438293457,-1.3261995315551758,0.18987217545509338
1772467507841011500,4.020011474609375,-0.12500905990600586,-1.1320581436157227,0.22635649144649506
1772467507851017500,4.030017578125,-0.10381412506103516,-1.0197315216064453,0.26841166615486145
1772467507861023200,4.040023193359375,-0.024733781814575195,-0.9030904769897461,0.3348844349384308
1772467507871029200,4.050029296875,0.059851884841918945,-0.7822237014770508,0.3682989180088043
1772467507881035300,4.06003515625,0.11669540405273438,-0.676300048828125,0.41203686594963074
1772467507891041000,4.070041015625,0.13122916221618652,-0.585205078125,0.5097270011901855
1772467507901047000,4.080047119140625,0.08393740653991699,-0.5947427749633789,0.5566998720169067
1772467507911053000,4.090052978515625,0.11785769462585449,-0.6281299591064453,0.5958417654037476
1772467507921058800,4.100058837890625,0.24262738227844238,-0.6280727386474609,0.6185441017150879
1772467507931064800,4.11006494140625,0.33282017707824707,-0.5848302841186523,0.6146329045295715
1772467507941070800,4.12007080078125,0.36385154724121094,-0.4505329132080078,0.6648392677307129
1772467507951076600,4.13007666015625,0.3830382823944092,-0.4592924118041992,0.6157546043395996
1772467507961082600,4.14008251953125,0.5198640823364258,-0.5010089874267578,0.5525936484336853
1772467507971088600,4.150088623046875,0.7086725234985352,-0.509119987487793,0.537115216255188
1772467507981094700,4.1600947265625,0.8985085487365723,-0.45072078704833984,0.5024665594100952
1772467507991100400,4.170100341796875,1.0574440956115723,-0.37891483306884766,0.43955186009407043
1772467508001106400,4.1801064453125,1.0515170097351074,-0.20767879486083984,0.38112080097198486
1772467508011112400,4.190112548828125,1.0385725498199463,0.06757068634033203,0.23095282912254333
1772467508021118200,4.2001181640625,1.042008638381958,0.4323749542236328,0.20873896777629852
1772467508031124200,4.210124267578125,1.0323169231414795,0.7816429138183594,0.16689449548721313
1772467508041130200,4.220130126953125,0.9612636566162109,1.0630054473876953,0.04352220520377159
1772467508051136000,4.230135986328125,0.8661003112792969,1.3437862396240234,-0.042232759296894073
1772467508061142000,4.24014208984375,0.6930253505706787,1.5287904739379883,-0.018948927521705627
1772467508071148000,4.25014794921875,0.45971107482910156,1.594782829284668,-0.08755984157323837
1772467508081154000,4.260154052734375,0.125960111618042,1.728872299194336,-0.10477382689714432
1772467508091159800,4.270159912109375,-0.186537504196167,1.8694887161254883,-0.03206534683704376
1772467508101165800,4.280165771484375,-0.39359164237976074,1.9215421676635742,0.05368011072278023
1772467508111171800,4.290171875,-0.49088478088378906,1.914015769958496,0.277549684047699
1772467508121177600,4.300177490234375,-0.2961544990539551,1.8898601531982422,0.2853996753692627
1772467508131183600,4.31018359375,-0.03135061264038086,1.6955089569091797,0.22227759659290314
1772467508141189600,4.320189697265625,0.14807748794555664,1.4980087280273438,0.3026292324066162
1772467508151195400,4.3301953125,0.44509267807006836,1.5165491104125977,0.43565770983695984
1772467508161201400,4.340201416015625,0.8085834980010986,1.6641559600830078,0.5313624739646912
1772467508171207400,4.35020751953125,1.1360270977020264,1.758218765258789,0.4462292194366455
1772467508181213200,4.360213134765625,1.2587852478027344,1.7549028396606445,0.26592037081718445
1772467508191219200,4.37021923828125,1.0501093864440918,1.7064123153686523,0.18722721934318542
1772467508201225200,4.38022509765625,0.4759650230407715,1.5940971374511719,0.11500828713178635
1772467508211231200,4.390231201171875,-0.17949414253234863,1.4716053009033203,-0.01374075748026371
1772467508221237000,4.400237060546875,-0.7669649124145508,1.4546947479248047,-0.17217771708965302
1772467508231243000,4.410242919921875,-1.1890337467193604,1.515263557434082,-0.3806362450122833
1772467508241249000,4.4202490234375,-1.5241360664367676,1.4052486419677734,-0.5546059012413025
1772467508251254800,4.4302548828125,-1.6958341598510742,1.0438470840454102,-0.6084715127944946
1772467508261260800,4.4402607421875,-1.6074644327163696,0.4312572479248047,-0.6290485262870789
1772467508271266800,4.450266845703125,-1.4187277555465698,-0.28960418701171875,-0.5925461649894714
1772467508281272600,4.4602724609375,-1.2472707033157349,-0.8420534133911133,-0.45535895228385925
1772467508291278600,4.470278564453125,-1.116339921951294,-1.1216154098510742,-0.3127356469631195
1772467508301284600,4.48028466796875,-0.8816447257995605,-1.0576181411743164,-0.20735114812850952
1772467508311290400,4.490290283203125,-0.585533857345581,-0.6607770919799805,-0.08563974499702454
1772467508321296400,4.50029638671875,-0.3126339912414551,-0.2285928726196289,0.015692085027694702
1772467508331302400,4.510302490234375,-0.271881103515625,0.10466384887695312,0.1607535183429718
1772467508341308400,4.520308349609375,-0.47858452796936035,0.42563533782958984,0.31435680389404297
1772467508351314200,4.530314208984375,-0.761777400970459,0.6822700500488281,0.3441445231437683
1772467508361320200,4.5403203125,-0.979665994644165,0.7224063873291016,0.3078141212463379
1772467508371326200,4.550326171875,-1.1003135442733765,0.5326747894287109,0.29133936762809753
1772467508381332000,4.56033203125,-1.158057451248169,0.0803976058959961,0.2666051685810089
1772467508391338000,4.570337890625,-1.1773338317871094,-0.6718301773071289,0.1609492301940918
1772467508401344000,4.580343994140625,-1.1732630729675293,-1.5510292053222656,0.12551304697990417
1772467508411349800,4.590349853515625,-1.102630615234375,-2.2894697189331055,0.16398507356643677
1772467508421355800,4.600355712890625,-0.9269082546234131,-2.830331325531006,0.11343376338481903
1772467508431361800,4.61036181640625,-0.7986774444580078,-3.174220561981201,-0.0709753930568695
1772467508441367600,4.620367431640625,-0.6553666591644287,-3.3790016174316406,-0.21472950279712677
1772467508451373600,4.63037353515625,-0.5252640247344971,-3.469024658203125,-0.2849564552307129
1772467508461379600,4.640379638671875,-0.4227478504180908,-3.368119239807129,-0.29161375761032104
1772467508471385600,4.650385498046875,-0.381946325302124,-3.071744441986084,-0.33480823040008545
1772467508481391400,4.660391357421875,-0.37906432151794434,-2.7092714309692383,-0.4096006155014038
1772467508491397400,4.6703974609375,-0.35643434524536133,-2.338285446166992,-0.4287562370300293
1772467508501403400,4.6804033203125,-0.3674037456512451,-1.9108328819274902,-0.38153108954429626
1772467508511409200,4.6904091796875,-0.3496584892272949,-1.5560731887817383,-0.3202120363712311
1772467508521415200,4.700415283203125,-0.25460219383239746,-1.3123321533203125,-0.21093027293682098
1772467508531421200,4.710421142578125,-0.1729416847229004,-1.0122861862182617,-0.061505675315856934
1772467508541427000,4.720427001953125,-0.22886323928833008,-0.6656570434570312,0.024015218019485474
1772467508551433000,4.730432861328125,-0.34661078453063965,-0.27227115631103516,0.07519739866256714
1772467508561439000,4.74043896484375,-0.4079306125640869,0.048758506774902344,0.04394197463989258
1772467508571444700,4.75044482421875,-0.4665181636810303,0.25498485565185547,-0.11425170302391052
1772467508581450800,4.76045068359375,-0.36547017097473145,0.37079620361328125,-0.22266033291816711
1772467508591456800,4.770456787109375,-0.21529912948608398,0.24365806579589844,-0.19592760503292084
1772467508601462800,4.780462890625,0.0035059452056884766,0.0746316909790039,-0.09672288596630096
1772467508611468500,4.790468505859375,0.2911820411682129,-0.0073223114013671875,-0.1503736823797226
1772467508621474600,4.800474609375,0.47156429290771484,0.0642557144165039,-0.20948384702205658
1772467508641486300,4.820486328125,0.4968404769897461,0.4088172912597656,-0.17100532352924347
1772467508651492400,4.830492431640625,0.5276460647583008,0.6483440399169922,-0.1840522438287735
1772467508661498400,4.840498291015625,0.5655889511108398,0.9405584335327148,-0.11201608180999756
1772467508671504100,4.850504150390625,0.5673184394836426,1.1421031951904297,-0.034587547183036804
1772467508681510100,4.86051025390625,0.5331323146820068,1.2627086639404297,-0.033035099506378174
1772467508691516200,4.87051611328125,0.4874544143676758,1.364567756652832,-0.04137423634529114
1772467508701522000,4.88052197265625,0.3826639652252197,1.5002450942993164,-0.00719335675239563
1772467508711528000,4.89052783203125,0.3676481246948242,1.6503324508666992,0.008271664381027222
1772467508721534000,4.900533935546875,0.4109218120574951,1.7997722625732422,0.08199641108512878
1772467508731540000,4.9105400390625,0.36572933197021484,1.8286705017089844,0.13349901139736176
1772467508741545700,4.920545654296875,0.3251175880432129,1.8083171844482422,-0.00970381498336792
1772467508751551700,4.9305517578125,0.150742769241333,1.6814842224121094,-0.21085691452026367
1772467508761557800,4.940557861328125,-0.010374069213867188,1.5396690368652344,-0.39134302735328674
1772467508771563500,4.9505634765625,-0.07216930389404297,1.292140007019043,-0.6534078121185303
1772467508781569500,4.960569580078125,-0.09332680702209473,1.140167236328125,-0.8556382656097412
1772467508791575600,4.970575439453125,-0.042243242263793945,1.3754920959472656,-0.8430373668670654
1772467508801581300,4.980581298828125,0.05188488960266113,1.9160985946655273,-0.5532495975494385
1772467508811587300,4.99058740234375,0.12249374389648438,2.6321277618408203,-0.14144769310951233
1772467508821593300,5.00059326171875,-0.0006926059722900391,3.3744564056396484,0.3166995942592621
1772467508831599400,5.010599365234375,-0.33638763427734375,3.9040021896362305,0.8760993480682373
1772467508841605000,5.020605224609375,-0.9146158695220947,3.925541877746582,1.0971037149429321
1772467508851611100,5.030611083984375,-1.2563114166259766,3.4066381454467773,0.831171989440918
1772467508861617200,5.0406171875,-1.3367770910263062,2.5441370010375977,0.4631568193435669
1772467508871623000,5.050622802734375,-1.4353148937225342,1.4684772491455078,0.36764636635780334
1772467508881629000,5.06062890625,-1.5126426219940186,0.4776477813720703,0.4581630229949951
1772467508891635000,5.070635009765625,-1.365291953086853,-0.0601654052734375,0.45551159977912903
1772467508901640700,5.080640625,-1.0318286418914795,-0.2130870819091797,0.36598461866378784
1772467508911646700,5.090646728515625,-0.8121964931488037,-0.16407108306884766,0.47778257727622986
1772467508921652700,5.10065283203125,-0.7947952747344971,-0.009820938110351562,0.5479748845100403
1772467508931658500,5.110658447265625,-0.95989990234375,0.08212471008300781,0.5882300138473511
1772467508951670500,5.13067041015625,-1.1160920858383179,-0.3541069030761719,0.3993532955646515
1772467508961676500,5.140676513671875,-1.111294150352478,-0.6332244873046875,0.40670642256736755
1772467508971682300,5.150682373046875,-1.159338355064392,-0.9641237258911133,0.35924601554870605
1772467508981688300,5.160688232421875,-1.221107006072998,-1.3230047225952148,0.2566026449203491
1772467508991694300,5.1706943359375,-1.229179859161377,-1.681283950805664,0.16578125953674316
1772467509001700000,5.1807001953125,-1.1548279523849487,-1.9912362098693848,0.07646726071834564
1772467509011706000,5.1907060546875,-1.127423644065857,-2.3053998947143555,0.10968619585037231
1772467509021712100,5.200712158203125,-1.0945698022842407,-2.5902490615844727,0.06817980110645294
1772467509031718000,5.2107177734375,-1.114909291267395,-2.7785916328430176,0.037441931664943695
1772467509041724000,5.220723876953125,-1.0125727653503418,-2.9324612617492676,0.030911773443222046
1772467509051730000,5.23072998046875,-0.8541157245635986,-2.999600887298584,0.07094228267669678
1772467509061735700,5.240735595703125,-0.7252602577209473,-2.908722400665283,0.15355516970157623
1772467509071741700,5.25074169921875,-0.6061539649963379,-2.712991714477539,0.1277552843093872
1772467509081747700,5.260747802734375,-0.49011659622192383,-2.5040283203125,0.10974708199501038
1772467509091753700,5.270753662109375,-0.3619401454925537,-2.2726049423217773,0.10587969422340393
1772467509101759500,5.280759521484375,-0.27471208572387695,-2.018622875213623,0.135868102312088
1772467509111765500,5.290765625,-0.21546339988708496,-1.6939163208007812,0.13275253772735596
1772467509121771500,5.300771484375,-0.10846114158630371,-1.4321603775024414,0.08214598149061203
1772467509131777300,5.31077734375,0.045291900634765625,-1.194697380065918,0.10747392475605011
1772467509141783300,5.320783203125,0.1874833106994629,-0.9143257141113281,0.23769378662109375
1772467509151789300,5.330789306640625,0.37130188941955566,-0.624791145324707,0.3108600080013275
1772467509161795000,5.340795166015625,0.5360174179077148,-0.39346790313720703,0.309324711561203
1772467509171801000,5.350801025390625,0.4957451820373535,-0.1439189910888672,0.34963685274124146
1772467509181807000,5.36080712890625,0.34591007232666016,0.009369850158691406,0.33644747734069824
1772467509191812900,5.370812744140625,0.26749181747436523,0.12900161743164062,0.3023034334182739
1772467509201819000,5.38081884765625,0.3179163932800293,0.1958761215209961,0.3473890423774719
1772467509211825000,5.390824951171875,0.463606595993042,0.13843536376953125,0.3135918080806732
1772467509221831000,5.400830810546875,0.6823318004608154,0.09493064880371094,0.2039898782968521
1772467509231836700,5.410836669921875,0.7979831695556641,0.19881820678710938,0.166280597448349
1772467509241842700,5.4208427734375,0.7913284301757812,0.41642093658447266,0.10392497479915619
1772467509251848700,5.4308486328125,0.8014976978302002,0.6327228546142578,-0.06464576721191406
1772467509261854500,5.4408544921875,0.7808828353881836,0.9718542098999023,-0.06634029746055603
1772467509271860500,5.450860595703125,0.6330358982086182,1.405165672302246,-0.00041837291792035103
1772467509281866500,5.460866455078125,0.42832326889038086,1.7705345153808594,-0.06711435317993164
1772467509291872300,5.470872314453125,0.32778334617614746,2.0160655975341797,-0.2615205943584442
1772467509301878300,5.480878173828125,0.23034071922302246,2.146984100341797,-0.3364976942539215
1772467509311884300,5.49088427734375,0.11190319061279297,2.115863800048828,-0.4265017807483673
1772467509321890000,5.50089013671875,0.052724599838256836,1.9520597457885742,-0.6186021566390991
1772467509331896000,5.51089599609375,-0.00039458274841308594,1.8566370010375977,-0.7713380455970764
1772467509341902000,5.520902099609375,0.02347278594970703,1.8439464569091797,-0.8479615449905396
1772467509351908000,5.530908203125,0.10521316528320312,1.9471492767333984,-0.7925020456314087
1772467509361913900,5.540913818359375,0.15929341316223145,2.2565479278564453,-0.566148042678833
1772467509371920000,5.550919921875,0.30603551864624023,2.728440284729004,-0.3417719602584839
1772467509381926000,5.56092578125,0.32752251625061035,3.218536376953125,-0.11041512340307236
1772467509391931600,5.570931640625,0.05321335792541504,3.6882429122924805,0.14010438323020935
1772467509401937700,5.580937744140625,-0.45537590980529785,3.8992185592651367,0.06812290102243423
1772467509411943700,5.590943603515625,-1.1610666513442993,3.594698905944824,-0.30317115783691406
1772467509421949400,5.600949462890625,-1.7209652662277222,2.90543270111084,-0.5644728541374207
1772467509431955500,5.61095556640625,-2.175525188446045,1.718348503112793,-0.949662983417511
1772467509441961500,5.62096142578125,-2.2585031986236572,0.37888526916503906,-1.0921080112457275
1772467509451967500,5.630967529296875,-2.041440010070801,-0.668675422668457,-0.9655297994613647
1772467509461973200,5.64097314453125,-1.7389733791351318,-1.4539871215820312,-0.7850816249847412
1772467509471979300,5.650979248046875,-1.446095585823059,-1.834566593170166,-0.5601241588592529
1772467509481985300,5.6609853515625,-1.0559802055358887,-1.6208572387695312,-0.32960760593414307
1772467509491991000,5.670990966796875,-0.5801913738250732,-0.9155969619750977,-0.06767085194587708
1772467509501997000,5.6809970703125,-0.14272093772888184,-0.18036174774169922,0.08205846697092056
1772467509512003000,5.691003173828125,-0.017362594604492188,0.3781595230102539,0.18573909997940063
1772467509532014800,5.711014892578125,-0.4886770248413086,1.099390983581543,0.3255937397480011
1772467509552026600,5.731026611328125,-0.7297298908233643,0.7651309967041016,0.2194289267063141
1772467509562032600,5.74103271484375,-0.8160874843597412,0.036269187927246094,0.1924087107181549
1772467509572038700,5.75103857421875,-0.9930579662322998,-0.9170331954956055,0.16871309280395508
1772467509582044700,5.761044677734375,-1.075704574584961,-1.8500113487243652,0.1947605311870575
1772467509592050400,5.771050537109375,-0.929450511932373,-2.624579429626465,0.17492049932479858
1772467509602056400,5.781056396484375,-0.8599727153778076,-3.169677734375,0.14744260907173157
1772467509612062500,5.7910625,-0.8874471187591553,-3.5379161834716797,0.04898104816675186
1772467509622068200,5.801068115234375,-0.917748212814331,-3.800751209259033,-0.12728913128376007
1772467509632074200,5.81107421875,-0.9673604965209961,-3.843015193939209,-0.28783267736434937
1772467509642080300,5.821080322265625,-0.8992905616760254,-3.578723907470703,-0.4146667420864105
1772467509652086000,5.8310859375,-0.6700491905212402,-3.204768180847168,-0.4268096089363098
1772467509662092000,5.841092041015625,-0.440981388092041,-2.8126959800720215,-0.38918450474739075
1772467509672098000,5.85109814453125,-0.25322461128234863,-2.364993095397949,-0.3617090880870819
1772467509682103800,5.861103759765625,-0.13444757461547852,-1.9337410926818848,-0.42427998781204224
1772467509692109800,5.87110986328125,-0.12774419784545898,-1.5283422470092773,-0.3798103630542755
1772467509702115800,5.88111572265625,-0.22564697265625,-1.0762853622436523,-0.23177136480808258
1772467509712121900,5.891121826171875,-0.37819623947143555,-0.591069221496582,-0.21924635767936707
1772467509722127600,5.901127685546875,-0.46770191192626953,-0.1295003890991211,-0.24226471781730652
1772467509732133600,5.911133544921875,-0.49483370780944824,0.29428768157958984,-0.27696770429611206
1772467509742139600,5.9211396484375,-0.49849414825439453,0.627985954284668,-0.299216091632843
1772467509752145400,5.9311455078125,-0.44989991188049316,0.8048677444458008,-0.3280518054962158
1772467509762151400,5.9411513671875,-0.26679158210754395,0.8488216400146484,-0.39304569363594055
1772467509772157400,5.951157470703125,0.008602619171142578,0.8983430862426758,-0.3749302625656128
1772467509782163200,5.9611630859375,0.2439098358154297,0.8717079162597656,-0.3502395451068878
1772467509792169200,5.971169189453125,0.3536720275878906,0.7737598419189453,-0.3245489001274109
1772467509802175200,5.98117529296875,0.3997161388397217,0.7624931335449219,-0.36102864146232605
1772467509812181000,5.991180908203125,0.3145408630371094,0.8713827133178711,-0.3413453698158264
1772467509822188000,6.00118798828125,0.19240355491638184,1.0385494232177734,-0.31885623931884766
1772467509832193500,6.011193603515625,0.1379702091217041,1.2305727005004883,-0.3564768135547638
1772467509842199000,6.021198974609375,0.02279043197631836,1.4615068435668945,-0.31082096695899963
1772467509852204500,6.03120458984375,0.005032777786254883,1.6690444946289062,-0.2909390926361084
1772467509862210000,6.0412099609375,0.0045468807220458984,1.881490707397461,-0.25374990701675415
1772467509872215600,6.051215576171875,0.02735280990600586,1.9742307662963867,-0.21352508664131165
1772467509882221300,6.06122119140625,0.07518315315246582,1.9230852127075195,-0.10712267458438873
1772467509892227000,6.07122705078125,0.07195901870727539,1.7664871215820312,-0.03424706310033798
1772467509902232600,6.081232666015625,-0.08288812637329102,1.609903335571289,-0.09029612690210342
1772467509912238300,6.09123828125,-0.3000164031982422,1.4921455383300781,-0.16093307733535767
1772467509922244400,6.101244384765625,-0.29965639114379883,1.3087806701660156,-0.39146560430526733
1772467509932250400,6.11125048828125,-0.09779500961303711,1.2848587036132812,-0.46374744176864624
1772467509942256400,6.12125634765625,0.21479272842407227,1.3720893859863281,-0.3837555944919586
1772467509952262400,6.131262451171875,0.6267797946929932,1.4783449172973633,-0.2039295732975006
1772467509962268400,6.141268310546875,0.9323310852050781,1.6067590713500977,-0.016501236706972122
1772467509972274400,6.1512744140625,1.0306999683380127,1.6554861068725586,0.24912692606449127
1772467509982280700,6.16128076171875,0.9298605918884277,1.5998220443725586,0.6766481399536133
1772467509992287000,6.171286865234375,0.6791646480560303,1.5016803741455078,0.9884549379348755
1772467510002293200,6.181293212890625,0.3022754192352295,1.3231830596923828,1.001451015472412
1772467510012299500,6.191299560546875,-0.24581122398376465,0.9365139007568359,0.652119517326355
1772467510022306300,6.201306396484375,-0.8446784019470215,0.46799278259277344,0.29373589158058167
1772467510032312000,6.21131201171875,-1.269489049911499,-0.051878929138183594,0.09774010628461838
1772467510042317800,6.22131787109375,-1.4089627265930176,-0.4452800750732422,-0.11176997423171997
1772467510052323300,6.2313232421875,-1.2927120923995972,-0.6360883712768555,-0.28803783655166626
1772467510062329000,6.2413291015625,-1.03544282913208,-0.634608268737793,-0.21140331029891968
1772467510072334800,6.2513349609375,-0.7654073238372803,-0.5420083999633789,-0.0637284368276596
1772467510082340600,6.261340576171875,-0.6575736999511719,-0.34953880310058594,0.13767969608306885
1772467510092346000,6.27134619140625,-0.7887415885925293,-0.12404251098632812,0.3238257169723511
1772467510102352000,6.281351806640625,-1.145387053489685,0.06798648834228516,0.4297110438346863
1772467510112358000,6.29135791015625,-1.499586820602417,0.1364727020263672,0.413771390914917
1772467510122363600,6.30136376953125,-1.699605941772461,0.019944190979003906,0.3717164993286133
1772467510132369700,6.31136962890625,-1.7359557151794434,-0.24306201934814453,0.2074548453092575
1772467510142375700,6.321375732421875,-1.737484097480774,-0.5998201370239258,0.1883755326271057
1772467510152381700,6.331381591796875,-1.6026511192321777,-1.1269512176513672,0.1313527524471283
1772467510162387700,6.3413876953125,-1.3691151142120361,-1.752685546875,0.07735395431518555
1772467510172394000,6.35139404296875,-1.1465013027191162,-2.2285752296447754,0.1349814534187317
1772467510182400000,6.36139990234375,-1.001778244972229,-2.5263071060180664,0.3183467984199524
1772467510192406000,6.371406005859375,-0.8006258010864258,-2.6798744201660156,0.3600037097930908
1772467510202412000,6.381412109375,-0.6225695610046387,-2.7331695556640625,0.28378015756607056
1772467510212418300,6.391418212890625,-0.5813617706298828,-2.6962203979492188,0.30088484287261963
1772467510222425000,6.401425048828125,-0.6054031848907471,-2.559565544128418,0.2829475998878479
1772467510232430600,6.4114306640625,-0.527367353439331,-2.3950815200805664,0.1730334311723709
1772467510242436000,6.42143603515625,-0.4094090461730957,-2.193331241607666,0.07627464085817337
1772467510252441600,6.431441650390625,-0.27580809593200684,-1.9829611778259277,0.07917223870754242
1772467510262447000,6.441447021484375,-0.0741724967956543,-1.8069329261779785,0.04809212684631348
1772467510272452600,6.45145263671875,0.18129801750183105,-1.6079177856445312,0.01667271926999092
1772467510282458400,6.461458251953125,0.2986123561859131,-1.3331928253173828,0.06688385456800461
1772467510292464000,6.471464111328125,0.21431708335876465,-1.039778709411621,0.11368202418088913
1772467510302469600,6.4814697265625,0.06582975387573242,-0.7702798843383789,0.017976760864257812
1772467510312475600,6.4914755859375,-0.08670473098754883,-0.4046630859375,0.013476640917360783
1772467510322481400,6.5014814453125,-0.13431692123413086,-0.08623790740966797,0.09625712037086487
1772467510332487400,6.5114873046875,-0.0621342658996582,0.09412097930908203,0.26278814673423767
1772467510342493400,6.521493408203125,0.11143851280212402,0.23677921295166016,0.4038192331790924
1772467510352499500,6.53149951171875,0.3159000873565674,0.3796558380126953,0.4958999752998352
1772467510362505500,6.54150537109375,0.44171142578125,0.6086206436157227,0.4662204384803772
1772467510372511700,6.55151171875,0.4513547420501709,0.8039140701293945,0.3566596210002899
1772467510382517800,6.561517822265625,0.4126923084259033,0.8651266098022461,0.30002108216285706
1772467510392524000,6.57152392578125,0.42635178565979004,0.9931507110595703,0.3774182200431824
1772467510402530300,6.5815302734375,0.5493190288543701,1.2117547988891602,0.36435315012931824
1772467510412536600,6.59153662109375,0.5808050632476807,1.468149185180664,0.36095795035362244
1772467510422542800,6.60154296875,0.506000280380249,1.7481088638305664,0.3012314438819885
1772467510432549000,6.611549072265625,0.3341178894042969,1.9418907165527344,0.18521395325660706
1772467510442555100,6.62155517578125,0.0834956169128418,2.059544563293457,0.04082042723894119
1772467510452561000,6.631560791015625,-0.1652815341949463,2.077610969543457,-0.03248409926891327
1772467510462567000,6.64156689453125,-0.28394317626953125,1.8675832748413086,-0.13988140225410461
1772467510472572700,6.65157275390625,-0.3687291145324707,1.520904541015625,-0.20627173781394958
1772467510482578700,6.66157861328125,-0.1948244571685791,1.2861948013305664,-0.21907103061676025
1772467510492584400,6.67158447265625,0.14889049530029297,1.1003761291503906,-0.3179463744163513
1772467510502590500,6.681590576171875,0.5174694061279297,0.871551513671875,-0.43636998534202576
1772467510512596200,6.69159619140625,0.8318746089935303,0.7472400665283203,-0.4500364363193512
1772467510522602200,6.701602294921875,1.003089189529419,0.8556575775146484,-0.31076887249946594
1772467510532608000,6.71160791015625,0.9834151268005371,1.2679567337036133,-0.26421812176704407
1772467510542614000,6.721614013671875,0.5950140953063965,1.926518440246582,-0.28699275851249695
1772467510552619800,6.731619873046875,-0.1503772735595703,2.5403976440429688,-0.21853192150592804
1772467510562625800,6.741625732421875,-0.7437238693237305,3.139224052429199,0.03881751745939255
1772467510572631600,6.751631591796875,-1.392526388168335,3.1981582641601562,-0.5838671922683716
1772467510582637600,6.761637451171875,-1.7011466026306152,2.6424522399902344,-1.543047308921814
1772467510592643300,6.771643310546875,-1.8930106163024902,1.6928119659423828,-1.589893102645874
1772467510602649300,6.7816494140625,-1.8199089765548706,0.39312076568603516,-1.0604125261306763
1772467510612655000,6.791655029296875,-1.386126160621643,-0.6779909133911133,-0.6209767460823059
1772467510622619400,6.801619384765625,-0.7707962989807129,-1.1160507202148438,-0.4049478769302368
1772467510632587300,6.811587158203125,-0.1418454647064209,-1.0291061401367188,-0.1998893916606903
1772467510642559500,6.8215595703125,0.1662294864654541,-0.5298833847045898,0.08917532861232758
1772467510652537900,6.831537841796875,0.30892443656921387,0.012074470520019531,0.3805862069129944
1772467510662523000,6.84152294921875,0.22527861595153809,0.4243440628051758,0.42463237047195435
1772467510672515000,6.85151513671875,-0.09583759307861328,0.7604255676269531,0.3854559361934662
1772467510682515000,6.861514892578125,-0.43708205223083496,0.8208436965942383,0.3641178607940674
1772467510692522200,6.871522216796875,-0.6966104507446289,0.5882606506347656,0.24073120951652527
1772467510702536700,6.88153662109375,-0.8924499750137329,0.07889080047607422,0.061814069747924805
1772467510722584300,6.901584228515625,-0.9956156015396118,-1.3641233444213867,0.09367376565933228
1772467510732615700,6.91161572265625,-0.927404522895813,-2.1538138389587402,0.09658247232437134
1772467510742650400,6.921650390625,-0.7499078512191772,-2.7312021255493164,0.1116868257522583
1772467510752687000,6.93168701171875,-0.5721538066864014,-3.1687731742858887,0.09100329875946045
1772467510762724600,6.941724609375,-0.49929261207580566,-3.466824531555176,-0.004261523485183716
1772467510772750300,6.951750244140625,-0.5473525524139404,-3.5391197204589844,-0.1854240745306015
1772467510782756400,6.96175634765625,-0.6558902263641357,-3.3808908462524414,-0.3295016288757324
1772467510792762400,6.971762451171875,-0.6446678638458252,-2.9971365928649902,-0.4366799592971802
1772467510802768100,6.98176806640625,-0.48534631729125977,-2.517428398132324,-0.4686492085456848
1772467510812774100,6.991774169921875,-0.2911651134490967,-2.1001534461975098,-0.4487346410751343
1772467510822776300,7.0017763671875,-0.237992525100708,-1.735905647277832,-0.3898019790649414
1772467510842781000,7.021781005859375,-0.39586567878723145,-1.094339370727539,-0.2568020224571228
1772467510852784000,7.0317841796875,-0.43020200729370117,-0.8311605453491211,-0.2505840063095093
1772467510862787800,7.041787841796875,-0.5248069763183594,-0.515289306640625,-0.19983455538749695
1772467510872792300,7.051792236328125,-0.6280020475387573,-0.11315441131591797,-0.21422958374023438
1772467510882797300,7.06179736328125,-0.41851210594177246,0.17888927459716797,-0.27104148268699646
1772467510892803300,7.07180322265625,-0.22527647018432617,0.4324026107788086,-0.24674144387245178
1772467510902809900,7.081809814453125,-0.15790319442749023,0.6235370635986328,-0.1929941028356552
1772467510912817200,7.091817138671875,-0.18819761276245117,0.7861003875732422,-0.23962143063545227
1772467510922825000,7.101824951171875,-0.2120356559753418,0.9348173141479492,-0.30627113580703735
1772467510932833300,7.111833251953125,-0.1726241111755371,1.0650825500488281,-0.3704065680503845
1772467510942841900,7.121841796875,-0.21402764320373535,1.2535333633422852,-0.2747330665588379
1772467510952850700,7.1318505859375,-0.19813776016235352,1.4906501770019531,-0.23876363039016724
1772467510962859800,7.14185986328125,0.06389927864074707,1.6609573364257812,-0.2777135968208313
1772467510972868600,7.15186865234375,0.45598840713500977,1.7730960845947266,-0.2149292528629303
1772467510982875000,7.161875,0.6369345188140869,1.921889305114746,-0.04903271049261093
1772467510992880600,7.171880615234375,0.5210731029510498,2.1263790130615234,-0.04263751581311226
1772467511002886700,7.18188671875,0.20720815658569336,2.3774728775024414,-0.16834527254104614
1772467511012892400,7.191892333984375,-0.009871482849121094,2.4271841049194336,-0.28398385643959045
1772467511022894600,7.20189453125,-0.09798669815063477,2.281085968017578,-0.265571266412735
1772467511052902400,7.23190234375,0.3235769271850586,1.6062049865722656,-0.4201440215110779
1772467511062906000,7.241906005859375,0.4855813980102539,1.6321992874145508,-0.2614066004753113
1772467511072910600,7.25191064453125,0.49265551567077637,1.9439077377319336,0.06910226494073868
1772467511082915800,7.261915771484375,0.4688591957092285,2.416555404663086,0.28620681166648865
1772467511092921600,7.271921630859375,0.2998087406158447,2.858583450317383,0.59846431016922
1772467511102928100,7.28192822265625,-0.10026264190673828,3.064626693725586,0.981656551361084
1772467511112935400,7.291935302734375,-0.60284423828125,2.796682357788086,0.9555702805519104
1772467511122943200,7.301943115234375,-0.9832568168640137,2.075098991394043,0.7096142172813416
1772467511132951600,7.31195166015625,-1.184407114982605,0.9249372482299805,0.3846680521965027
1772467511142960000,7.321960205078125,-1.2176380157470703,-0.31313133239746094,0.2425769865512848
1772467511152969200,7.33196923828125,-1.0314545631408691,-1.108485221862793,0.23091241717338562
1772467511162978000,7.34197802734375,-0.669055700302124,-1.414571762084961,0.21468408405780792
1772467511172987100,7.351987060546875,-0.2584245204925537,-1.3142223358154297,0.2903132438659668
1772467511182993200,7.3619931640625,0.06351923942565918,-0.9283370971679688,0.37664976716041565
1772467511192999000,7.3719990234375,0.1751410961151123,-0.4732046127319336,0.4610790014266968
1772467511203005000,7.3820048828125,-0.008922576904296875,-0.09229564666748047,0.5749579668045044
1772467511213010700,7.3920107421875,-0.3943369388580322,0.057498931884765625,0.5671555399894714
1772467511223012900,7.402012939453125,-0.8595702648162842,0.09703350067138672,0.5815496444702148
1772467511243017700,7.422017822265625,-1.6373062133789062,-0.16417694091796875,0.3575607240200043
1772467511253020700,7.432020751953125,-1.7011573314666748,-0.5015392303466797,0.25545379519462585
1772467511263024400,7.4420244140625,-1.5228005647659302,-0.9606103897094727,0.2667264938354492
1772467511273028900,7.45202880859375,-1.205575704574585,-1.532144546508789,0.3517603576183319
1772467511283034000,7.4620341796875,-0.8624225854873657,-2.0826401710510254,0.5195178985595703
1772467511293039900,7.472039794921875,-0.5338480472564697,-2.541153907775879,0.6373303532600403
1772467511303046700,7.482046630859375,-0.26514410972595215,-2.9037551879882812,0.6543112993240356
1772467511313053700,7.4920537109375,-0.12679600715637207,-3.046748638153076,0.6095291972160339
1772467511323061500,7.5020615234375,-0.14754009246826172,-2.927581310272217,0.5120704174041748
1772467511333069800,7.51206982421875,-0.319047212600708,-2.6659088134765625,0.39633581042289734
1772467511343078700,7.52207861328125,-0.41390323638916016,-2.466917037963867,0.21940982341766357
1772467511353087500,7.53208740234375,-0.36593055725097656,-2.3159947395324707,0.06705018132925034
1772467511363096300,7.542096435546875,-0.25617432594299316,-2.184492588043213,0.04459303244948387
1772467511373105400,7.55210546875,-0.14709138870239258,-1.986341953277588,0.0717574879527092
1772467511383111400,7.562111328125,-0.1105344295501709,-1.7359905242919922,0.058044999837875366
1772467511393117400,7.572117431640625,-0.1477341651916504,-1.3711357116699219,0.041282184422016144
1772467511403123200,7.582123291015625,-0.19803094863891602,-1.0492973327636719,0.04453205317258835
1772467511413129200,7.592129150390625,-0.18548297882080078,-0.8848886489868164,0.04314407706260681
1772467511423131400,7.60213134765625,-0.13769793510437012,-0.7918281555175781,0.14169231057167053
1772467511443136000,7.622135986328125,-0.04320120811462402,-0.6383981704711914,0.354408860206604
1772467511453139200,7.63213916015625,-0.027604103088378906,-0.4783000946044922,0.4631563127040863
1772467511463143000,7.642142822265625,-0.017235755920410156,-0.24207115173339844,0.4474005699157715
1772467511473147100,7.652147216796875,-0.002426624298095703,-0.04933738708496094,0.36461716890335083
1772467511483152400,7.66215234375,0.022096872329711914,0.12854385375976562,0.38169628381729126
1772467511493158400,7.672158447265625,0.09431862831115723,0.4588308334350586,0.45993050932884216
1772467511503165000,7.6821650390625,0.2142162322998047,0.9029092788696289,0.47531965374946594
1772467511513172200,7.692172119140625,0.2821784019470215,1.3552169799804688,0.41452449560165405
1772467511523180000,7.702179931640625,0.2651081085205078,1.8013648986816406,0.3072262406349182
1772467511533188400,7.712188232421875,0.08526420593261719,2.146206855773926,0.28241539001464844
1772467511543197000,7.722197021484375,-0.13002657890319824,2.400053024291992,0.27808135747909546
1772467511553205800,7.732205810546875,-0.2917671203613281,2.573136329650879,0.1455969512462616
1772467511563214600,7.742214599609375,-0.32917356491088867,2.6467275619506836,-0.025292567908763885
1772467511573223700,7.7522236328125,-0.24193334579467773,2.6066064834594727,-0.15875524282455444
1772467511583229700,7.762229736328125,0.014784097671508789,2.3999929428100586,-0.20299836993217468
1772467511593235700,7.772235595703125,0.4391653537750244,2.035999298095703,-0.345747709274292
1772467511603241500,7.782241455078125,0.8188166618347168,1.6431913375854492,-0.5077311992645264
1772467511613247500,7.79224755859375,0.9250495433807373,1.4603242874145508,-0.36415326595306396
1772467511623249400,7.80224951171875,0.9140768051147461,1.6307010650634766,-0.1966947317123413
1772467511643254300,7.822254150390625,0.5224487781524658,2.6185379028320312,0.1829388439655304
1772467511653257200,7.83225732421875,0.1268165111541748,3.1153860092163086,0.27795758843421936
1772467511663261200,7.84226123046875,-0.39161014556884766,3.338695526123047,0.2596227824687958
1772467511673265400,7.852265380859375,-0.846015214920044,2.9165258407592773,0.09898917376995087
1772467511683270700,7.862270751953125,-1.2548167705535889,2.1272687911987305,-0.37950873374938965
1772467511693276400,7.8722763671875,-1.774773359298706,0.9823150634765625,-0.8847239017486572
1772467511703283200,7.882283203125,-2.026601552963257,-0.20146751403808594,-0.7920067310333252
1772467511713290500,7.89229052734375,-1.7398967742919922,-1.108414649963379,-0.47236689925193787
1772467511723298300,7.90229833984375,-1.1534647941589355,-1.6630487442016602,-0.31659817695617676
1772467511733306400,7.912306396484375,-0.55074143409729,-1.6331100463867188,-0.17451363801956177
1772467511743315200,7.922315185546875,-0.012958765029907227,-1.1693124771118164,0.03889596462249756
1772467511753324000,7.932323974609375,0.24407267570495605,-0.5173416137695312,0.2423585057258606
1772467511763332900,7.942332763671875,0.2939906120300293,0.11175155639648438,0.41084983944892883
1772467511773342000,7.952342041015625,0.06014609336853027,0.49842071533203125,0.4079582989215851
1772467511783348000,7.962347900390625,-0.24386930465698242,0.5721216201782227,0.33033785223960876
1772467511793353700,7.972353759765625,-0.5341835021972656,0.4774961471557617,0.28867411613464355
1772467511803359700,7.98235986328125,-0.7854496240615845,0.17284679412841797,0.19606991112232208
1772467511813365500,7.992365478515625,-0.9809473752975464,-0.3167896270751953,0.1460541933774948
1772467511823371500,8.00237158203125,-0.9790033102035522,-1.0335311889648438,0.16568759083747864
1772467511833377300,8.012377197265625,-0.8418080806732178,-1.8002004623413086,0.34083759784698486
1772467511843383300,8.02238330078125,-0.5825283527374268,-2.430813789367676,0.3759669363498688
1772467511853389000,8.03238916015625,-0.20290493965148926,-3.0460095405578613,0.3000945448875427
1772467511863395000,8.04239501953125,0.10375308990478516,-3.4746103286743164,0.19874858856201172
1772467511873400800,8.05240087890625,0.24788975715637207,-3.6313438415527344,0.03740788996219635
1772467511883406800,8.06240673828125,0.11450648307800293,-3.5930566787719727,-0.13306133449077606
1772467511893412600,8.07241259765625,-0.09256362915039062,-3.4360132217407227,-0.2819216251373291
1772467511903418600,8.082418701171875,-0.2558143138885498,-3.112165927886963,-0.377744197845459
1772467511913424400,8.09242431640625,-0.28556346893310547,-2.7220067977905273,-0.3767060339450836
1772467511923430400,8.102430419921875,-0.23781895637512207,-2.2852587699890137,-0.3534124493598938
1772467511933436200,8.112436279296874,-0.22604966163635254,-1.802408218383789,-0.22460095584392548
1772467511943442200,8.122442138671875,-0.3272874355316162,-1.330698013305664,-0.18141727149486542
1772467511953448000,8.132447998046874,-0.43764543533325195,-0.9222421646118164,-0.2726023495197296
1772467511963454000,8.142453857421875,-0.4819002151489258,-0.6864385604858398,-0.3018476366996765
1772467511973459700,8.152459716796875,-0.39835143089294434,-0.5750541687011719,-0.3639953136444092
1772467511983465700,8.1624658203125,-0.18670868873596191,-0.45418357849121094,-0.36418551206588745
1772467511993471500,8.172471435546875,-0.06667304039001465,-0.28094482421875,-0.3172016143798828
1772467512003477500,8.1824775390625,-0.02965688705444336,-0.055182456970214844,-0.3810232877731323
1772467512013483300,8.192483154296875,-0.10542011260986328,0.30446529388427734,-0.4977595806121826
1772467512023489300,8.2024892578125,-0.25639045238494873,0.5876836776733398,-0.6608244180679321
1772467512033495000,8.2124951171875,-0.3451964855194092,0.8570575714111328,-0.7317142486572266
1772467512043501000,8.2225009765625,-0.3057248592376709,1.0124378204345703,-0.7533423900604248
1772467512053506800,8.2325068359375,-0.04659390449523926,1.2019729614257812,-0.6697226762771606
1772467512063512800,8.242512939453125,0.16549277305603027,1.401383399963379,-0.4806375503540039
1772467512073518600,8.2525185546875,0.29302406311035156,1.5197486877441406,-0.31899505853652954
1772467512083524600,8.262524658203125,0.3757197856903076,1.6525020599365234,-0.1751931607723236
1772467512093530400,8.2725302734375,0.4853494167327881,1.8760366439819336,-0.005881376564502716
1772467512103536400,8.282536376953125,0.5258519649505615,2.04697322845459,0.10093790292739868
1772467512113542100,8.292542236328124,0.40178537368774414,2.2371320724487305,0.18740583956241608
1772467512123548200,8.302548095703125,0.3337585926055908,2.3078393936157227,0.1581723839044571
1772467512133554000,8.312553955078124,0.29496002197265625,2.2541379928588867,0.1659403145313263
1772467512143559700,8.3225595703125,0.2765390872955322,2.1000280380249023,0.07171477377414703
1772467512153565700,8.332565673828125,0.3941957950592041,1.9314708709716797,-0.14080233871936798
1772467512163571500,8.342571533203126,0.5769438743591309,1.8246707916259766,-0.13751821219921112
1772467512173577500,8.352577392578125,0.7771868705749512,1.8175992965698242,0.03774723410606384
1772467512183583200,8.362583251953126,0.9096777439117432,1.91937255859375,0.13129837810993195
1772467512193589200,8.37258935546875,0.8566193580627441,2.138888359069824,0.3368343710899353
1772467512203595000,8.382594970703124,0.5471267700195312,2.3467512130737305,0.6776221990585327
1772467512213601000,8.39260107421875,0.09073209762573242,2.4189796447753906,1.0044806003570557
1772467512223606800,8.402606689453124,-0.3748326301574707,2.3609533309936523,1.1563695669174194
1772467512233612800,8.41261279296875,-0.7411205768585205,2.006193161010742,1.0764496326446533
1772467512243618600,8.42261865234375,-0.8947827816009521,1.355743408203125,0.8546220064163208
1772467512253624600,8.43262451171875,-0.8359041213989258,0.5345020294189453,0.5885261297225952
1772467512263630300,8.44263037109375,-0.6413493156433105,-0.21820926666259766,0.3837844729423523
1772467512273636400,8.45263623046875,-0.4642602205276489,-0.6302738189697266,0.309761643409729
1772467512283642000,8.46264208984375,-0.45915400981903076,-0.6639242172241211,0.3090433180332184
1772467512293648100,8.472648193359374,-0.5225217342376709,-0.5298032760620117,0.2324422001838684
1772467512303654000,8.48265380859375,-0.5213608741760254,-0.23767566680908203,0.2084141969680786
1772467512313660000,8.492659912109374,-0.5742746591567993,-0.003162384033203125,0.3450813293457031
1772467512323665700,8.502665771484375,-0.7289602756500244,0.09741592407226562,0.516322910785675
1772467512333671700,8.512671630859375,-0.990693211555481,0.1361675262451172,0.5898306965827942
1772467512343677400,8.522677490234376,-1.1652445793151855,0.08020973205566406,0.4268873333930969
1772467512353683500,8.532683349609375,-1.1868776082992554,-0.1846475601196289,0.2650836110115051
1772467512363689500,8.542689453125,-1.0695953369140625,-0.6389379501342773,0.2805386185646057
1772467512373695200,8.5526953125,-0.8415937423706055,-1.201162338256836,0.3529384732246399
1772467512383701200,8.562701171875,-0.5919411182403564,-1.771148681640625,0.24189655482769012
1772467512393707300,8.572707275390625,-0.42943859100341797,-2.3204426765441895,0.17635878920555115
1772467512403713000,8.582713134765624,-0.3537635803222656,-2.791802406311035,0.2566608786582947
1772467512413719000,8.592718994140625,-0.2451385259628296,-3.1185965538024902,0.2970837652683258
1772467512423725000,8.60272509765625,-0.06479334831237793,-3.16758394241333,0.2644176483154297
1772467512433731000,8.61273095703125,0.024698734283447266,-2.9681239128112793,0.12102226912975311
1772467512443736800,8.62273681640625,0.07155513763427734,-2.6116390228271484,0.07279250025749207
1772467512453742800,8.632742919921874,0.09536314010620117,-2.3278985023498535,0.03472985327243805
1772467512463748900,8.642748779296875,0.12401294708251953,-2.135673999786377,0.05090557038784027
1772467512473754600,8.652754638671874,0.24373316764831543,-2.025228977203369,-0.008518427610397339
1772467512483760600,8.6627607421875,0.2534809112548828,-1.8243560791015625,0.028232336044311523
1772467512493766700,8.6727666015625,0.16222810745239258,-1.547469139099121,0.1436156928539276
1772467512503772400,8.6827724609375,0.09387588500976562,-1.3618545532226562,0.19550512731075287
1772467512513778400,8.6927783203125,0.10115361213684082,-1.2386493682861328,0.18286225199699402
1772467512523784400,8.702784423828126,0.010829448699951172,-0.9672737121582031,0.23400840163230896
1772467512533790200,8.712790283203125,-0.05358552932739258,-0.7341899871826172,0.22042366862297058
1772467512543796200,8.722796142578124,0.004664421081542969,-0.6589765548706055,0.19931244850158691
1772467512553802200,8.73280224609375,0.06651067733764648,-0.6553974151611328,0.3043750524520874
1772467512563808300,8.742808349609374,0.08467268943786621,-0.7138233184814453,0.3921351432800293
1772467512573814000,8.75281396484375,0.10774636268615723,-0.6765966415405273,0.3654666543006897
1772467512583820000,8.762820068359375,0.030902862548828125,-0.5869913101196289,0.24312227964401245
1772467512593826000,8.772825927734376,-0.07935643196105957,-0.3781280517578125,0.24014230072498322
1772467512603831800,8.782831787109375,-0.10958051681518555,-0.045223236083984375,0.3216704726219177
1772467512613837800,8.792837890625,-0.08939623832702637,0.4450387954711914,0.2856968641281128
1772467512623843800,8.80284375,-0.07634472846984863,1.077958106994629,0.25725752115249634
1772467512633849600,8.812849609375,-0.037088871002197266,1.6860103607177734,0.25218403339385986
1772467512643855600,8.822855712890625,0.014564990997314453,2.2739009857177734,0.2903065085411072
1772467512653861600,8.832861572265625,0.025620222091674805,2.7175941467285156,0.33407193422317505
1772467512663867400,8.842867431640625,-0.061121225357055664,3.0174665451049805,0.29255443811416626
1772467512673873400,8.852873291015625,-0.17956161499023438,3.0881547927856445,0.27655673027038574
1772467512683879400,8.86287939453125,-0.20636606216430664,2.9639196395874023,0.2055824100971222
1772467512693885400,8.872885498046875,-0.06949663162231445,2.635610580444336,0.1400003731250763
1772467512703891200,8.88289111328125,0.16042065620422363,2.227616310119629,0.1026977151632309
1772467512713897200,8.892897216796875,0.5528700351715088,1.8015336990356445,0.05914203077554703
1772467512723903000,8.902903076171874,0.9049057960510254,1.4235315322875977,0.08965887874364853
1772467512733909000,8.912908935546875,1.3009815216064453,1.297999382019043,0.12802466750144958
1772467512743914800,8.922914794921875,1.624518871307373,1.418675422668457,0.1510886400938034
1772467512753920800,8.932920654296876,1.6854581832885742,1.8324251174926758,0.23628301918506622
1772467512763926500,8.942926513671875,1.2298905849456787,2.333465576171875,0.3043496310710907
1772467512773932500,8.9529326171875,0.4364278316497803,2.798506736755371,0.21391646564006805
1772467512783938300,8.962938232421875,-0.3778564929962158,2.860884666442871,-0.03949124738574028
1772467512803950000,8.9829501953125,-1.7037739753723145,1.6180219650268555,-0.714371919631958
1772467512813956000,8.9929560546875,-1.8950461149215698,0.5213632583618164,-0.9484859704971313
1772467512823961900,9.0029619140625,-1.6800668239593506,-0.5999069213867188,-0.9921643137931824
1772467512833967900,9.0129677734375,-1.206252932548523,-1.4070262908935547,-0.8132855892181396
1772467512843973600,9.0229736328125,-0.6910885572433472,-1.7199821472167969,-0.546034038066864
1772467512853979600,9.032979736328125,-0.10212421417236328,-1.5314111709594727,-0.18925975263118744
1772467512863985400,9.0429853515625,0.43670177459716797,-0.8821306228637695,0.16234944760799408
1772467512873991400,9.052991455078125,0.6868786811828613,0.08682060241699219,0.4725795090198517
1772467512883997200,9.0629970703125,0.563671350479126,1.0257549285888672,0.7470717430114746
1772467512894003200,9.073003173828125,-0.025565624237060547,1.5247163772583008,0.7108727693557739
1772467512904009000,9.083009033203124,-0.6927112340927124,1.3855152130126953,0.37251272797584534
1772467512914015000,9.093014892578125,-1.1326395273208618,0.8644037246704102,0.15067578852176666
1772467512924020700,9.103020751953125,-1.3315680027008057,0.09250068664550781,0.0626593828201294
1772467512934026800,9.11302685546875,-1.2690719366073608,-0.8572320938110352,0.033838361501693726
1772467512944032500,9.123032470703125,-0.9983698129653931,-1.798110008239746,0.12920008599758148
1772467512954038500,9.13303857421875,-0.6856483221054077,-2.5490646362304688,0.22375991940498352
1772467512964044300,9.143044189453125,-0.46782052516937256,-3.0202908515930176,0.22838257253170013
1772467512974050300,9.15305029296875,-0.3532980680465698,-3.3082518577575684,0.15769554674625397
1772467512984056000,9.16305615234375,-0.34649336338043213,-3.475518226623535,0.0014974027872085571
1772467512994062000,9.17306201171875,-0.3466240167617798,-3.5510921478271484,-0.13575297594070435
1772467513004067800,9.18306787109375,-0.37796080112457275,-3.53033447265625,-0.29751700162887573
1772467513014073900,9.193073974609375,-0.4702770709991455,-3.437088966369629,-0.34126603603363037
1772467513024079600,9.20307958984375,-0.5146484375,-3.15665864944458,-0.3631576597690582
1772467513034085600,9.213085693359375,-0.40498411655426025,-2.8378467559814453,-0.4440292418003082
1772467513044091400,9.22309130859375,-0.20665335655212402,-2.4477643966674805,-0.39138585329055786
1772467513054097400,9.233097412109375,-0.018422365188598633,-1.9822564125061035,-0.26559606194496155
1772467513064103200,9.243103271484374,0.08449077606201172,-1.5564403533935547,-0.22336256504058838
1772467513074109200,9.253109130859375,0.12629032135009766,-1.2180042266845703,-0.19300246238708496
1772467513084115000,9.263114990234374,0.09257793426513672,-0.9810218811035156,-0.2025095820426941
1772467513094121000,9.273120849609375,0.015463113784790039,-0.8257808685302734,-0.1804441213607788
1772467513104126700,9.283126708984375,-0.0015208721160888672,-0.5558528900146484,-0.12717750668525696
1772467513114132700,9.2931328125,0.11258578300476074,-0.3003396987915039,-0.16776332259178162
1772467513124138500,9.303138427734375,0.3056364059448242,-0.04503440856933594,-0.10581488907337189
1772467513134144500,9.31314453125,0.4447765350341797,0.17638397216796875,-0.11795058846473694
1772467513144150300,9.323150390625,0.5068581104278564,0.35910606384277344,-0.22788822650909424
1772467513154156300,9.33315625,0.5160791873931885,0.5462121963500977,-0.29773712158203125
1772467513164162000,9.343162109375,0.553992748260498,0.6851186752319336,-0.2900013029575348
1772467513174167800,9.353167724609374,0.5826153755187988,0.8905200958251953,-0.320107102394104
1772467513184173800,9.363173828125,0.4769785404205322,1.1433391571044922,-0.37943655252456665
1772467513194179600,9.3731796875,0.317610502243042,1.424591064453125,-0.4213852882385254
1772467513204185600,9.383185546875,0.16063165664672852,1.7488441467285156,-0.37029701471328735
1772467513214191400,9.39319140625,0.1494131088256836,2.034769058227539,-0.40357789397239685
1772467513224197400,9.403197265625,0.2764623165130615,2.2532167434692383,-0.39678630232810974
1772467513234203100,9.413203125,0.28075551986694336,2.408632278442383,-0.2968656122684479
1772467513244209200,9.423209228515624,0.13424468040466309,2.4389963150024414,-0.22242769598960876
1772467513254215000,9.43321484375,0.00000476837158203125,2.387523651123047,-0.28374597430229187
1772467513264221000,9.443220947265624,-0.09852004051208496,2.1971864700317383,-0.3861563503742218
1772467513274226700,9.453226806640625,-0.19536805152893066,1.8684453964233398,-0.43970221281051636
1772467513284232700,9.463232666015625,-0.23354697227478027,1.5020265579223633,-0.4883844256401062
1772467513294238500,9.473238525390625,-0.12775611877441406,1.231903076171875,-0.4133617877960205
1772467513304244500,9.483244384765625,0.03545117378234863,1.1438817977905273,-0.295149028301239
1772467513314250200,9.493250244140626,0.38672709465026855,1.351710319519043,-0.13814358413219452
1772467513324256300,9.50325634765625,0.6662745475769043,1.6579961776733398,0.14593961834907532
1772467513334262000,9.513261962890626,0.5320158004760742,1.9761066436767578,0.5610141754150391
1772467513344268000,9.52326806640625,0.13204264640808105,2.1486053466796875,1.0021518468856812
1772467513354273800,9.533273681640624,-0.4164235591888428,2.190876007080078,0.9927022457122803
1772467513364279800,9.54327978515625,-0.8145458698272705,2.118175506591797,0.7435494661331177
1772467513374285600,9.55328564453125,-0.8241689205169678,1.524907112121582,0.13748891651630402
1772467513384291600,9.56329150390625,-0.712997317314148,0.6271848678588867,-0.17546992003917694
1772467513394297300,9.57329736328125,-0.5875179767608643,-0.03421497344970703,-0.2565319538116455
1772467513404303400,9.583303466796876,-0.3335345983505249,-0.2544097900390625,-0.24139989912509918
1772467513414309000,9.59330908203125,0.07219696044921875,-0.19206905364990234,-0.2246309518814087
1772467513424315100,9.603315185546874,0.32503581047058105,0.046688079833984375,-0.03719580918550491
1772467513434321000,9.61332080078125,0.22464585304260254,0.36113739013671875,0.08432932198047638
1772467513444327000,9.623326904296874,-0.004015445709228516,0.5171413421630859,0.06058068573474884
1772467513454332700,9.633332763671875,-0.3383007049560547,0.44856834411621094,0.07387940585613251
1772467513464338700,9.643338623046875,-0.7083731889724731,0.2615041732788086,0.16779230535030365
1772467513474344400,9.653344482421875,-0.9876629114151001,-0.03846263885498047,0.09779004752635956
1772467513484350500,9.6633505859375,-1.0963430404663086,-0.44127750396728516,-0.06703934073448181
1772467513514368000,9.693367919921876,-0.972432017326355,-1.7365570068359375,-0.05788054317235947
1772467513524374000,9.7033740234375,-0.8939628601074219,-2.050105571746826,0.0290985107421875
1772467513534379800,9.7133798828125,-0.6784056425094604,-2.3482937812805176,0.05076579377055168
1772467513544385800,9.7233857421875,-0.43358027935028076,-2.6698732376098633,0.06945954263210297
1772467513554391600,9.7333916015625,-0.32549166679382324,-2.9147443771362305,0.1430841088294983
1772467513564397600,9.7433974609375,-0.22910964488983154,-3.025886058807373,0.18654856085777283
1772467513574403300,9.7534033203125,-0.04796576499938965,-3.0372586250305176,0.22456377744674683
1772467513584409300,9.763409423828126,0.11305356025695801,-2.9826321601867676,0.3009837567806244
1772467513594415000,9.7734150390625,0.0952460765838623,-2.8093786239624023,0.3166216015815735
1772467513604421000,9.783421142578124,0.006236076354980469,-2.5506582260131836,0.15633812546730042
1772467513614427000,9.793427001953125,-0.0606379508972168,-2.263505458831787,0.014893211424350739
1772467513624433000,9.803432861328124,-0.08744144439697266,-2.0002999305725098,0.006655629724264145
1772467513634438700,9.813438720703125,0.05439281463623047,-1.7035980224609375,0.08904336392879486
1772467513644444700,9.823444580078124,0.23203349113464355,-1.3689861297607422,0.20955845713615417
1772467513654450400,9.833450439453125,0.3215219974517822,-1.0491609573364258,0.27361488342285156
1772467513664456200,9.843456298828125,0.25133228302001953,-0.6915168762207031,0.3921926021575928
1772467513674462200,9.853462158203126,0.21260571479797363,-0.4250373840332031,0.4414084553718567
1772467513684468000,9.863468017578125,0.24428701400756836,-0.2544403076171875,0.4834323525428772
1772467513694474000,9.873473876953126,0.19844508171081543,-0.11745262145996094,0.5565274357795715
1772467513704479700,9.883479736328125,0.20463991165161133,-0.04273700714111328,0.5353676080703735
1772467513714485800,9.89348583984375,0.23082709312438965,0.06505393981933594,0.5001721382141113
1772467513724491500,9.903491455078125,0.33592963218688965,0.17681217193603516,0.5091036558151245
1772467513734497500,9.91349755859375,0.42484331130981445,0.3974618911743164,0.4995466470718384
1772467513744503300,9.92350341796875,0.4930088520050049,0.7171192169189453,0.3838857114315033
1772467513754509300,9.93350927734375,0.5644404888153076,1.0829782485961914,0.30143800377845764
1772467513764515000,9.94351513671875,0.5429019927978516,1.4043340682983398,0.26266545057296753
1772467513774521000,9.95352099609375,0.33673572540283203,1.7340946197509766,0.20010635256767273
1772467513784526800,9.96352685546875,0.2568783760070801,2.0149288177490234,0.07128049433231354
1772467513794532900,9.973532958984375,0.19755291938781738,2.213624954223633,0.053947269916534424
1772467513804538600,9.98353857421875,0.07697606086730957,2.3496179580688477,0.004483699798583984
1772467513814544600,9.993544677734375,0.02863478660583496,2.327617645263672,-0.11621281504631042
1772467513824550400,10.00355029296875,-0.04365372657775879,2.0907812118530273,-0.2186039835214615
1772467513834556400,10.013556396484375,-0.11117887496948242,1.7733430862426758,-0.26662904024124146
1772467513844562200,10.023562255859375,-0.09802532196044922,1.5666522979736328,-0.28928709030151367
1772467513854568200,10.033568115234376,0.028707265853881836,1.4561662673950195,-0.39185792207717896
1772467513864574000,10.043573974609375,0.2156972885131836,1.6184377670288086,-0.4230883717536926
1772467513874580000,10.053580078125,0.4443531036376953,2.004911422729492,-0.3193665146827698
1772467513884585700,10.063585693359375,0.5437588691711426,2.4906673431396484,-0.1729896366596222
1772467513894591700,10.073591796875,0.24223828315734863,2.9464893341064453,-0.04837067425251007
1772467513904597500,10.083597412109375,-0.2643357515335083,3.30582332611084,-0.010044559836387634
1772467513914603500,10.093603515625,-0.7616924047470093,3.2586727142333984,-0.25954264402389526
1772467513924609300,10.103609375,-1.2894303798675537,2.748981475830078,-0.6264899969100952
1772467513944621000,10.12362109375,-1.360452651977539,0.5725326538085938,-1.0917781591415405
1772467513954627000,10.133626953125,-0.8463928699493408,-0.4720592498779297,-1.0018476247787476
1772467513964632800,10.1436328125,-0.3581383228302002,-1.1557693481445312,-0.9439253807067871
1772467513974638800,10.153638916015625,0.039418935775756836,-1.2935819625854492,-0.7986875772476196
1772467513984644600,10.16364453125,0.41518378257751465,-1.0686779022216797,-0.5792984366416931
1772467513994650600,10.173650634765625,0.6373379230499268,-0.4679555892944336,-0.27269747853279114
1772467514004656600,10.18365673828125,0.6885344982147217,0.3163299560546875,-0.04097408801317215
1772467514014662400,10.193662353515625,0.5090911388397217,0.8294992446899414,-0.015720494091510773
1772467514024668400,10.20366845703125,0.1423642635345459,1.1009092330932617,0.03357657790184021
1772467514034674400,10.21367431640625,-0.1495516300201416,0.9785394668579102,0.04213344678282738
1772467514044680200,10.22368017578125,-0.479728102684021,0.44014644622802734,-0.09132882952690125
1772467514064692200,10.243692138671875,-0.9699779748916626,-1.1707487106323242,-0.2568869888782501
1772467514074698000,10.253697998046874,-0.9719225168228149,-2.045750617980957,-0.18674615025520325
1772467514084704000,10.2637041015625,-0.718268632888794,-2.7556495666503906,-0.08758819103240967
1772467514094710000,10.2737099609375,-0.42268073558807373,-3.3394722938537598,-0.21681413054466248
1772467514104715800,10.2837158203125,-0.2712208032608032,-3.7116127014160156,-0.3172415494918823
1772467514114721800,10.2937216796875,-0.2256765365600586,-3.9585065841674805,-0.38405677676200867
1772467514124727800,10.303727783203126,-0.21575844287872314,-4.108800411224365,-0.4757389724254608
1772467514134733800,10.31373388671875,-0.2042785882949829,-4.109981060028076,-0.5160918831825256
1772467514144739600,10.323739501953124,-0.08746027946472168,-3.919200897216797,-0.6095781922340393
1772467514154745600,10.33374560546875,0.1055527925491333,-3.584658622741699,-0.66590416431427
1772467514164751600,10.343751708984374,0.21759283542633057,-3.140286922454834,-0.574394702911377
1772467514174757400,10.35375732421875,0.23561668395996094,-2.6009321212768555,-0.5198461413383484
1772467514184763400,10.363763427734375,0.21911227703094482,-2.010227680206299,-0.4625394940376282
1772467514194769400,10.373769287109376,0.13102352619171143,-1.4163122177124023,-0.3868487477302551
1772467514204775200,10.383775146484375,-0.06779050827026367,-0.8094511032104492,-0.3350345492362976
1772467514214781200,10.39378125,-0.3261953592300415,-0.2943897247314453,-0.40892675518989563
1772467514224787200,10.403787109375,-0.38037049770355225,0.12417030334472656,-0.41827303171157837
1772467514234793200,10.413793212890624,-0.3397637605667114,0.33643150329589844,-0.33911824226379395
1772467514244799000,10.423799072265625,-0.3520498275756836,0.4574155807495117,-0.25706177949905396
1772467514254805000,10.433804931640625,-0.28685927391052246,0.5731067657470703,-0.25941967964172363
1772467514274816800,10.453816650390625,-0.27197325229644775,0.49731922149658203,-0.2405330240726471
1772467514284822500,10.463822509765626,-0.34335994720458984,0.579071044921875,-0.22526299953460693
1772467514294828500,10.47382861328125,-0.3303264379501343,0.7517557144165039,-0.2957003712654114
1772467514304834300,10.483834228515626,-0.1708582639694214,0.9196033477783203,-0.34228086471557617
1772467514314840300,10.49384033203125,0.05979418754577637,1.0870943069458008,-0.36077266931533813
1772467514324846000,10.50384619140625,0.21429920196533203,1.320908546447754,-0.3802454173564911
1772467514334852000,10.51385205078125,0.25413942337036133,1.6830720901489258,-0.3865474462509155
1772467514344857900,10.52385791015625,0.2508561611175537,2.0491533279418945,-0.39377227425575256
1772467514354863900,10.53386376953125,0.2953035831451416,2.2567386627197266,-0.4541960656642914
1772467514364869600,10.54386962890625,0.32149767875671387,2.229583740234375,-0.46759048104286194
1772467514374875600,10.553875732421876,0.4311065673828125,2.087397575378418,-0.3912009000778198
1772467514384881400,10.56388134765625,0.7027842998504639,1.8251543045043945,-0.43113812804222107
1772467514394887400,10.573887451171874,0.8035047054290771,1.6242761611938477,-0.4584149122238159
1772467514404893200,10.58389306640625,0.690608024597168,1.3986549377441406,-0.4968007206916809
1772467514414899200,10.593899169921874,0.38067197799682617,1.5072546005249023,-0.35051876306533813
1772467514424905000,10.603905029296875,0.10373473167419434,1.9215497970581055,-0.1725730448961258
1772467514434911000,10.613910888671874,0.006246328353881836,2.3831682205200195,0.06210938096046448
1772467514444916700,10.623916748046875,-0.043631911277770996,2.7195358276367188,0.3511486053466797
1772467514454922500,10.633922607421875,-0.23036134243011475,2.7586050033569336,0.7110600471496582
1772467514464928500,10.643928466796876,-0.3457450866699219,2.4003162384033203,0.6366162300109863
1772467514474934300,10.653934326171875,-0.4686596393585205,1.5974178314208984,0.2982684373855591
1772467514484940300,10.663940185546876,-0.5910309553146362,0.5949649810791016,0.12671588361263275
1772467514494946000,10.673946044921875,-0.48617231845855713,-0.16658401489257812,-0.06446295231580734
1772467514504952000,10.6839521484375,-0.3609102964401245,-0.477508544921875,-0.22989436984062195
1772467514514957800,10.693957763671875,-0.2884190082550049,-0.30997562408447266,-0.10137733817100525
1772467514524963800,10.7039638671875,-0.1886119842529297,0.19655609130859375,0.021599125117063522
1772467514534969600,10.713969482421875,-0.2387939691543579,0.7929754257202148,-0.002276316285133362
1772467514544975600,10.7239755859375,-0.530351996421814,1.1735553741455078,0.116950623691082
1772467514554981400,10.7339814453125,-0.8681775331497192,1.1957674026489258,0.19053904712200165
1772467514564987400,10.7439873046875,-1.240105152130127,1.028061866760254,0.2702628970146179
1772467514574993200,10.7539931640625,-1.5381667613983154,0.8240823745727539,0.32266274094581604
1772467514584999200,10.763999267578125,-1.5235328674316406,0.4405679702758789,0.2621523141860962
1772467514595005000,10.7740048828125,-1.3049895763397217,-0.10803413391113281,0.25975361466407776
1772467514605011000,10.784010986328125,-0.9806588888168335,-0.6307277679443359,0.24275393784046173
1772467514615016700,10.7940166015625,-0.6727118492126465,-1.199625015258789,0.24412190914154053
1772467514625022700,10.804022705078125,-0.3980289697647095,-1.8006744384765625,0.3588816523551941
1772467514635028500,10.814028564453125,-0.2650409936904907,-2.2573189735412598,0.3817794919013977
1772467514645034500,10.824034423828126,-0.22012817859649658,-2.5748424530029297,0.3232266902923584
1772467514655040300,10.834040283203125,-0.12446081638336182,-2.820486068725586,0.3409785032272339
1772467514665046300,10.84404638671875,-0.08752870559692383,-2.8990097045898438,0.392831027507782
1772467514675052000,10.854052001953125,-0.08603119850158691,-2.8871307373046875,0.3073456883430481
1772467514685058000,10.86405810546875,0.06183826923370361,-2.8137741088867188,0.20894058048725128
1772467514695063800,10.874063720703125,0.29973065853118896,-2.798752784729004,0.1787223517894745
1772467514705069800,10.88406982421875,0.3501744270324707,-2.6794843673706055,0.29849445819854736
1772467514715075600,10.89407568359375,0.2215510606765747,-2.5036959648132324,0.25854817032814026
1772467514725081600,10.90408154296875,0.0652310848236084,-2.30458402633667,0.1344013810157776
1772467514735087400,10.91408740234375,-0.04953765869140625,-2.148616313934326,0.12640349566936493
1772467514745093400,10.92409326171875,-0.0860832929611206,-2.0211052894592285,0.13861826062202454
1772467514755099100,10.93409912109375,-0.13199281692504883,-1.773660659790039,0.14216424524784088
1772467514765105200,10.944105224609375,-0.1153937578201294,-1.4782781600952148,0.15630827844142914
1772467514775111000,10.95411083984375,-0.09754669666290283,-1.2116804122924805,0.21474656462669373
1772467514785117000,10.964116943359375,-0.16517150402069092,-0.9020166397094727,0.30328139662742615
1772467514795122700,10.974122802734374,-0.14233601093292236,-0.5826301574707031,0.3260170817375183
1772467514805128700,10.984128662109375,0.15806245803833008,-0.3396644592285156,0.2326752245426178
1772467514815134500,10.994134521484375,0.48462820053100586,-0.00618743896484375,0.4199851155281067
1772467514825140500,11.004140380859376,0.6145330667495728,0.3026161193847656,0.5442026257514954
1772467514835146200,11.014146240234375,0.668808102607727,0.7728796005249023,0.5191695094108582
1772467514845152000,11.024152099609376,0.6046258211135864,1.2752227783203125,0.5136557221412659
1772467514855158000,11.034157958984375,0.42034196853637695,1.6952953338623047,0.6763348579406738
1772467514865163800,11.044163818359374,0.41669678688049316,2.1862449645996094,0.7007299661636353
1772467514875169500,11.05416943359375,0.5940582752227783,2.3512954711914062,0.554469108581543
1772467514885175600,11.064175537109374,0.6861028671264648,2.186166763305664,0.5065890550613403
1772467514895181300,11.074181396484375,0.5171455144882202,2.078413963317871,0.5087223052978516
1772467514915192800,11.09419287109375,-0.058239102363586426,1.830491065979004,0.126522034406662
1772467514925198800,11.10419873046875,-0.21264910697937012,1.7479667663574219,-0.021384740248322487
1772467514935204600,11.11420458984375,-0.22918212413787842,1.4509658813476562,-0.10784847289323807
1772467514945210400,11.12421044921875,-0.06041312217712402,0.9925651550292969,-0.24377506971359253
1772467514955216400,11.13421630859375,0.46739959716796875,0.6258373260498047,-0.4786844253540039
1772467514965222100,11.14422216796875,0.8876183032989502,0.39780521392822266,-0.6368853449821472
1772467514975228000,11.154227783203124,1.0380933284759521,0.46572113037109375,-0.5903533697128296
1772467514985233700,11.164233642578125,1.0943634510040283,0.8913326263427734,-0.5154104828834534
1772467514995239700,11.17423974609375,0.9705948829650879,1.6642217636108398,-0.5340532064437866
1772467515005245400,11.184245361328125,0.4607510566711426,2.807650566101074,-0.3743235766887665
1772467515015251200,11.194251220703125,-0.28807318210601807,3.8195810317993164,-0.35886529088020325
1772467515025257200,11.20425732421875,-1.2356886863708496,4.46702766418457,-0.5983526706695557
1772467515035263000,11.214262939453125,-1.987636685371399,4.21649169921875,-0.6969600915908813
1772467515045268700,11.224268798828126,-2.0313708782196045,3.074589729309082,-0.9404695630073547
1772467515055274500,11.2342744140625,-1.6547503471374512,1.467514991760254,-0.6614496111869812
1772467515065280500,11.244280517578124,-1.102554440498352,-0.2750282287597656,-0.15804064273834229
1772467515075286300,11.254286376953125,-0.6115673780441284,-1.2887334823608398,0.18563774228096008
1772467515085292000,11.2642919921875,-0.28090977668762207,-1.413254737854004,0.38459688425064087
1772467515095298000,11.274298095703125,-0.0029327869415283203,-0.9283180236816406,0.4592505395412445
1772467515105303800,11.2843037109375,0.17709136009216309,-0.2180652618408203,0.47006475925445557
1772467515115309800,11.294309814453126,0.0970001220703125,0.2871074676513672,0.4828413426876068
1772467515125315600,11.304315673828125,-0.25468361377716064,0.6599884033203125,0.6434227824211121
1772467515135321600,11.314321533203126,-0.6044900417327881,0.8970956802368164,0.5526459217071533
1772467515145327400,11.324327392578125,-0.8802337646484375,0.8564338684082031,0.19492651522159576
1772467515155333000,11.3343330078125,-1.0660536289215088,0.6110067367553711,0.0415014773607254
1772467515165339100,11.344339111328125,-1.1508458852767944,0.1427774429321289,0.03948614001274109
1772467515175345000,11.354344970703124,-1.0737136602401733,-0.523681640625,-0.12319763004779816
1772467515185351000,11.364350830078125,-0.8623971343040466,-1.2353239059448242,-0.17512553930282593
1772467515195356700,11.374356689453125,-0.5779352188110352,-1.8586225509643555,-0.11524161696434021
1772467515205362700,11.38436279296875,-0.31446850299835205,-2.3176827430725098,-0.15897111594676971
1772467515215368400,11.394368408203125,-0.2341705560684204,-2.7132482528686523,-0.2162393033504486
1772467515225374500,11.40437451171875,-0.37625277042388916,-3.1073203086853027,-0.3255739212036133
1772467515235380200,11.414380126953125,-0.5703885555267334,-3.356238842010498,-0.43972569704055786
1772467515245386200,11.42438623046875,-0.6598283052444458,-3.5127549171447754,-0.5258265137672424
1772467515255392000,11.43439208984375,-0.6836702823638916,-3.6200027465820312,-0.5747979879379272
1772467515275403800,11.45440380859375,-0.3995143175125122,-3.6254520416259766,-0.5736938118934631
1772467515285409800,11.464409912109375,-0.1351611614227295,-3.4197964668273926,-0.5377523899078369
1772467515295415600,11.47441552734375,0.11497366428375244,-3.0762572288513184,-0.48839032649993896
1772467515305421600,11.484421630859375,0.23203027248382568,-2.5713987350463867,-0.419902503490448
1772467515315427300,11.49442724609375,0.11940300464630127,-1.8815031051635742,-0.3130033016204834
1772467515325433300,11.504433349609375,-0.0669022798538208,-1.145172119140625,-0.2344336360692978
1772467515335439000,11.514439208984374,-0.09866726398468018,-0.45307445526123047,-0.1734781116247177
1772467515345445000,11.524445068359375,-0.09482192993164062,0.2138538360595703,-0.04345986247062683
1772467515355451000,11.534450927734374,-0.10284459590911865,0.8938093185424805,0.07079371809959412
1772467515365457000,11.544456787109375,-0.02190876007080078,1.300095558166504,-0.09787608683109283
1772467515375462700,11.554462646484374,0.07276058197021484,1.4570674896240234,-0.13026046752929688
1772467515385468700,11.56446875,0.18146193027496338,1.4417295455932617,-0.11860472708940506
1772467515395474400,11.574474365234375,0.3999333381652832,1.24493408203125,-0.06425130367279053
1772467515405480400,11.58448046875,0.48838984966278076,1.1060943603515625,-0.04993557557463646
1772467515415486200,11.594486328125,0.4230968952178955,1.0251102447509766,-0.08188137412071228
1772467515425492200,11.6044921875,0.4769015312194824,0.9158267974853516,-0.07960767298936844
1772467515435498000,11.614498046875,0.5944002866744995,0.8781948089599609,-0.004553675651550293
1772467515445504000,11.62450390625,0.6376125812530518,1.0695085525512695,0.024452216923236847
1772467515455509800,11.634509765625,0.7017717361450195,1.4701871871948242,0.025764822959899902
1772467515465515800,11.644515869140625,0.8118586540222168,1.902756690979004,0.009197525680065155
1772467515475521500,11.654521484375,0.7718100547790527,2.4005870819091797,0.023233696818351746
1772467515485527600,11.664527587890625,0.8501888513565063,2.6290359497070312,-0.07533115148544312
1772467515495533300,11.674533203125,0.9055184125900269,2.6361398696899414,-0.10459500551223755
1772467515505539300,11.684539306640625,0.7214875221252441,2.523045539855957,-0.011707037687301636
1772467515515545000,11.694545166015626,0.4426354169845581,2.472370147705078,0.04137071967124939
1772467515525551000,11.704551025390625,0.5589796304702759,2.441399574279785,0.0976279079914093
1772467515535556900,11.714556884765624,0.7595990896224976,2.4968395233154297,0.29156696796417236
1772467515545563000,11.72456298828125,0.777830958366394,2.719400405883789,0.5205632448196411
1772467515555569400,11.7345693359375,0.6438642740249634,2.8456668853759766,0.710553765296936
1772467515565575400,11.744575439453126,0.402011513710022,2.775334358215332,0.8435881733894348
1772467515575581400,11.75458154296875,-0.12443363666534424,2.494546890258789,0.8590853214263916
1772467515585587200,11.764587158203126,-0.7596004009246826,1.956319808959961,0.7296209335327148
1772467515595593200,11.77459326171875,-1.1758372783660889,1.0662469863891602,0.39126139879226685
1772467515605599000,11.784598876953124,-1.1544039249420166,0.026029586791992188,0.012528806924819946
1772467515615605000,11.79460498046875,-0.9585581421852112,-0.8773832321166992,-0.14187917113304138
1772467515625610800,11.80461083984375,-0.6831456422805786,-1.5728511810302734,-0.20308908820152283
1772467515635616500,11.814616455078125,-0.4137876033782959,-1.8794679641723633,-0.25349369645118713
1772467515645622500,11.82462255859375,-0.11222386360168457,-1.8603029251098633,-0.23117396235466003
1772467515655628300,11.834628173828126,0.1698164939880371,-1.4877262115478516,-0.039110928773880005
1772467515665634000,11.844634033203125,0.30051088333129883,-0.8490133285522461,0.1623348593711853
1772467515675640000,11.85464013671875,0.286285400390625,-0.3415975570678711,0.21357783675193787
1772467515685645800,11.864645751953125,0.1714414358139038,0.02026844024658203,0.3660222291946411
1772467515695651600,11.874651611328124,-0.15980291366577148,0.13687610626220703,0.4584503769874573
1772467515705657300,11.8846572265625,-0.5943686962127686,0.1382122039794922,0.47223854064941406
1772467515715663400,11.894663330078124,-0.9481849670410156,-0.06089591979980469,0.382676362991333
1772467515725669000,11.904669189453125,-1.127424716949463,-0.47867584228515625,0.15356922149658203
1772467515735675000,11.9146748046875,-1.156775951385498,-1.0762109756469727,0.10642901062965393
1772467515745681000,11.924680908203126,-0.9880971312522888,-1.7910680770874023,0.1384422332048416
1772467515755687200,11.934687255859375,-0.7296654582023621,-2.5086846351623535,0.11901406943798065
1772467515765693000,11.94469287109375,-0.633064866065979,-2.966677665710449,0.16651210188865662
1772467515775699000,11.954698974609375,-0.6119873523712158,-3.1370444297790527,0.08898894488811493
1772467515785704700,11.96470458984375,-0.6235634088516235,-3.1924242973327637,0.05912403017282486
1772467515795710700,11.974710693359375,-0.6010550260543823,-3.16652250289917,0.05359615385532379
1772467515805716500,11.984716552734374,-0.4969143867492676,-2.9687862396240234,-0.01678749918937683
1772467515825728300,12.004728271484375,-0.04711174964904785,-2.613593101501465,0.057699866592884064
1772467515835734000,12.014734130859376,0.11194252967834473,-2.4130492210388184,0.1033463329076767
1772467515845739800,12.02473974609375,0.2369852066040039,-2.189086437225342,0.07755900174379349
1772467515855745800,12.034745849609376,0.30310165882110596,-1.7887334823608398,0.1383674293756485
1772467515865751600,12.04475146484375,0.3232285976409912,-1.2790584564208984,0.17662987112998962
1772467515875757300,12.05475732421875,0.3585454225540161,-0.8369102478027344,0.2128993570804596
1772467515885763000,12.06476318359375,0.33217763900756836,-0.44771575927734375,0.25154340267181396
1772467515895769000,12.07476904296875,0.22383761405944824,-0.1397724151611328,0.3309635818004608
1772467515905774800,12.08477490234375,0.2528252601623535,0.07291889190673828,0.30276262760162354
1772467515915780600,12.094780517578124,0.33371877670288086,0.13794326782226562,0.2953794002532959
1772467515925786600,12.10478662109375,0.5165926218032837,0.021852493286132812,0.313015878200531
1772467515935792400,12.11479248046875,0.7371847629547119,-0.11297893524169922,0.39366328716278076
1772467515945798100,12.124798095703126,0.9020321369171143,-0.190460205078125,0.3980613946914673
1772467515955804200,12.13480419921875,0.921553373336792,-0.14883995056152344,0.3488925099372864
1772467515975816000,12.15481591796875,0.8332955837249756,0.21373844146728516,0.11904485523700714
1772467515985822000,12.164822021484374,0.8015159368515015,0.5534095764160156,0.1391654908657074
1772467515995828000,12.174827880859375,0.844117283821106,1.068471908569336,0.12832880020141602
1772467516005833700,12.184833740234374,0.7743290662765503,1.610468864440918,0.13517345488071442
1772467516015839700,12.19483984375,0.6483206748962402,2.045858383178711,0.1559867113828659
1772467516025845800,12.204845703125,0.46997928619384766,2.3607683181762695,0.12386932969093323
1772467516035851500,12.2148515625,0.3813900947570801,2.493649482727051,0.1763250231742859
1772467516055863600,12.234863525390624,0.34382593631744385,2.553990364074707,0.17843736708164215
1772467516065869300,12.244869384765625,0.3240211009979248,2.4003915786743164,0.12906014919281006
1772467516075875000,12.254875,0.4003171920776367,2.2231979370117188,-0.0021436717361211777
1772467516085880800,12.264880859375,0.5788990259170532,2.141571044921875,-0.10991774499416351
1772467516095886800,12.274886962890625,0.7545291185379028,2.117039680480957,-0.05611531436443329
1772467516105892600,12.284892578125,0.864806056022644,2.1781816482543945,0.04001959413290024
1772467516115898400,12.2948984375,0.9046047925949097,2.4156312942504883,-0.06408416479825974
1772467516125904400,12.304904296875,0.562812089920044,2.566396713256836,-0.1475580334663391
1772467516135910100,12.31491015625,-0.00842428207397461,2.640559196472168,-0.12349103391170502
1772467516145916000,12.324916015625,-0.6484140157699585,2.500211715698242,-0.36946505308151245
1772467516155848000,12.334847900390624,-1.3215314149856567,2.0747575759887695,-0.7685865163803101
1772467516165785600,12.34478564453125,-1.5264805555343628,1.3124275207519531,-1.0796705484390259
1772467516175732000,12.35473193359375,-1.2856338024139404,0.3473196029663086,-1.1954693794250488
1772467516185688600,12.3646884765625,-0.8546268939971924,-0.5388650894165039,-1.1076927185058594
1772467516195657200,12.3746572265625,-0.45034122467041016,-1.0555601119995117,-0.9985906481742859
1772467516205639000,12.384638916015625,-0.14693999290466309,-1.0464563369750977,-0.7957574725151062
1772467516215634000,12.394634033203126,0.11535418033599854,-0.5467109680175781,-0.5346159934997559
1772467516235663600,12.41466357421875,0.3790309429168701,1.0354909896850586,-0.04131557047367096
1772467516245696300,12.4246962890625,0.026944637298583984,1.5680313110351562,0.06785234808921814
1772467516255739100,12.4347392578125,-0.4291774034500122,1.6063299179077148,0.012946516275405884
1772467516265790000,12.4447900390625,-0.8204240202903748,1.2334480285644531,-0.024878129363059998
1772467516275847000,12.454846923828125,-1.1123440265655518,0.5513992309570312,-0.11925512552261353
1772467516285907700,12.46490771484375,-1.236375331878662,-0.33822059631347656,-0.21534590423107147
1772467516295969800,12.4749697265625,-1.27556574344635,-1.3773126602172852,-0.20198175311088562
1772467516306010400,12.48501025390625,-1.169072151184082,-2.297868251800537,-0.14768168330192566
1772467516316016000,12.49501611328125,-0.8876163959503174,-3.0812854766845703,-0.06161870062351227
1772467516326022100,12.505022216796876,-0.6254483461380005,-3.6996078491210938,-0.01999962329864502
1772467516336028000,12.51502783203125,-0.5011322498321533,-4.143845081329346,-0.031487852334976196
1772467516346033700,12.52503369140625,-0.4808475971221924,-4.366671085357666,-0.04830901324748993
1772467516356035800,12.535035888671874,-0.23872709274291992,-4.340096950531006,-0.1905558854341507
1772467516376040400,12.55504052734375,0.11423635482788086,-3.8432130813598633,-0.38333356380462646
1772467516386043400,12.56504345703125,0.16559231281280518,-3.5554466247558594,-0.4187333285808563
1772467516396047000,12.575047119140624,0.2376718521118164,-3.197030544281006,-0.42599719762802124
1772467516406051600,12.585051513671875,0.33572614192962646,-2.811250686645508,-0.32757681608200073
1772467516416056600,12.595056640625,0.34045183658599854,-2.388672351837158,-0.2470771074295044
1772467516426062600,12.6050625,0.236677885055542,-1.9148874282836914,-0.23645232617855072
1772467516436069000,12.615069091796874,0.1521056890487671,-1.4184284210205078,-0.2425473928451538
1772467516446076200,12.625076171875,0.14242637157440186,-0.9086198806762695,-0.1991366446018219
1772467516456084000,12.635083984375,0.22636091709136963,-0.4857673645019531,-0.13495400547981262
1772467516466092300,12.64509228515625,0.30403804779052734,-0.25009822845458984,-0.10127881169319153
1772467516476100900,12.655100830078124,0.5160636901855469,-0.04388713836669922,-0.11678756773471832
1772467516486109700,12.665109619140624,0.5907485485076904,0.2904205322265625,-0.07661984860897064
1772467516496118500,12.675118408203126,0.5086073875427246,0.6571311950683594,-0.13476283848285675
1772467516506127600,12.685127685546876,0.38713300228118896,0.9706134796142578,-0.16287541389465332
1772467516516133600,12.695133544921875,0.2819952964782715,1.2217721939086914,-0.266946941614151
1772467516526139400,12.705139404296874,0.23564434051513672,1.4825096130371094,-0.2706013023853302
1772467516536145200,12.715145263671875,0.2576878070831299,1.7718820571899414,-0.2411014586687088
1772467516546151200,12.725151123046874,0.25192224979400635,2.0612688064575195,-0.25113266706466675
1772467516556153300,12.7351533203125,0.3716930150985718,2.2073163986206055,-0.19592539966106415
1772467516576158000,12.755157958984375,0.5594608783721924,2.336796760559082,-0.09064587950706482
1772467516586161000,12.765160888671875,0.4444619417190552,2.2435121536254883,-0.18940329551696777
1772467516596164600,12.77516455078125,0.28261876106262207,2.0787458419799805,-0.1991337686777115
1772467516606169000,12.785169189453125,0.10268962383270264,1.9429817199707031,-0.2683456242084503
1772467516616174000,12.795174072265626,-0.024466872215270996,1.7407770156860352,-0.4742475152015686
1772467516626180000,12.80518017578125,0.048261046409606934,1.4867973327636719,-0.5743292570114136
1772467516636186600,12.8151865234375,0.19018518924713135,1.3199491500854492,-0.47906604409217834
1772467516646193700,12.825193603515626,0.3575540781021118,1.5076408386230469,-0.2600456476211548
1772467516656201500,12.835201416015625,0.6964124441146851,1.8956098556518555,-0.13618461787700653
1772467516666209800,12.845209716796875,0.8709102869033813,2.27719783782959,0.235108882188797
1772467516676218400,12.85521826171875,0.6599304676055908,2.6039505004882812,0.762991189956665
1772467516686227200,12.865227294921874,0.3568735122680664,2.8756637573242188,0.95941162109375
1772467516696236000,12.875236083984374,0.05864155292510986,2.853364944458008,0.8453548550605774
1772467516706244900,12.885244873046876,-0.36905550956726074,2.2465686798095703,0.6498110890388489
1772467516716251000,12.8952509765625,-0.7426455020904541,1.1434450149536133,0.29230213165283203
1772467516726257000,12.9052568359375,-0.9463895559310913,0.042809486389160156,-0.1657716929912567
1772467516736262700,12.9152626953125,-1.0073344707489014,-0.6344385147094727,-0.4932110905647278
1772467516746268700,12.9252685546875,-0.9380263686180115,-0.8649711608886719,-0.5480399131774902
1772467516756270800,12.935270751953125,-0.7463130950927734,-0.821354866027832,-0.4123415946960449
1772467516776275500,12.955275390625,-0.26903462409973145,-0.1447162628173828,-0.19887050986289978
1772467516786278400,12.9652783203125,-0.4762624502182007,0.1618490219116211,-0.0001417994499206543
1772467516796282000,12.9752822265625,-0.7428390979766846,0.3009328842163086,0.0820564553141594
1772467516806286600,12.98528662109375,-0.9645999073982239,0.254058837890625,0.09112713485956192
1772467516816291600,12.99529150390625,-1.12278413772583,-0.0212249755859375,0.0068718865513801575
1772467516826297300,13.00529736328125,-1.1265875101089478,-0.40017223358154297,0.12388819456100464
1772467516836304000,13.015303955078124,-0.8644678592681885,-0.9784345626831055,0.1729782223701477
1772467516846311200,13.025311279296876,-0.5917221307754517,-1.5651130676269531,0.35031718015670776
1772467516856319000,13.035319091796875,-0.41567111015319824,-2.127279758453369,0.3647729456424713
1772467516866327000,13.0453271484375,-0.406998872756958,-2.540964126586914,0.30648836493492126
1772467516876335900,13.0553359375,-0.47565901279449463,-2.763333320617676,0.3284720778465271
1772467516886344700,13.0653447265625,-0.4850771427154541,-2.851752281188965,0.3297119736671448
1772467516896353500,13.075353515625,-0.2918916940689087,-2.883023262023926,0.329439640045166
1772467516926374400,13.10537451171875,0.10068631172180176,-2.760120391845703,0.4426347613334656
1772467516936380200,13.115380126953125,0.19831335544586182,-2.5454816818237305,0.41533535718917847
1772467516946386000,13.125385986328125,0.2360668182373047,-2.460822582244873,0.3896915316581726
1772467516956388000,13.13538818359375,0.19883668422698975,-2.2811264991760254,0.38461992144584656
1772467516976392700,13.155392822265625,0.031449079513549805,-1.8033370971679688,0.2826768159866333
1772467516986395600,13.165395751953126,-0.06292343139648438,-1.6194143295288086,0.2756231129169464
1772467516996399400,13.1753994140625,-0.09397768974304199,-1.4113140106201172,0.22970622777938843
1772467517006403800,13.18540380859375,-0.005681633949279785,-1.0881404876708984,0.234289288520813
1772467517016408800,13.195408935546874,0.19251978397369385,-0.8174476623535156,0.2367512285709381
1772467517036421400,13.21542138671875,0.5991226434707642,-0.25273609161376953,0.42951545119285583
1772467517046428400,13.225428466796876,0.8588271141052246,0.1790313720703125,0.53028804063797
1772467517056436200,13.235436279296875,1.1289808750152588,0.676295280456543,0.6501895189285278
1772467517066444500,13.245444580078125,1.2900445461273193,1.2389106750488281,0.6458033919334412
1772467517076453000,13.255453125,1.3506015539169312,1.7236557006835938,0.5161033868789673
1772467517086462000,13.2654619140625,1.2041682004928589,2.1167144775390625,0.44709569215774536
1772467517096470800,13.275470703125,1.0264431238174438,2.375638961791992,0.39545321464538574
1772467517106479900,13.28547998046875,0.8888483047485352,2.572477340698242,0.3517722189426422
1772467517116486000,13.29548583984375,0.7526943683624268,2.831671714782715,0.3177437484264374
1772467517126491600,13.30549169921875,0.6080983877182007,3.0289649963378906,0.2742721438407898
1772467517136497700,13.31549755859375,0.6230514049530029,2.9207658767700195,0.17732417583465576
1772467517146503400,13.32550341796875,0.746788501739502,2.512178421020508,0.1889413297176361
1772467517156505600,13.335505615234375,0.7762436866760254,2.0470170974731445,0.06070723384618759
1772467517176510200,13.35551025390625,1.007462978363037,1.4857587814331055,0.05035201832652092
1772467517186513200,13.36551318359375,1.047238826751709,1.6466121673583984,0.1551489233970642
1772467517196516900,13.375516845703125,1.0811469554901123,2.1549453735351562,-0.040831308811903
1772467517206521300,13.385521240234375,0.9468066692352295,2.618208885192871,-0.2933174967765808
1772467517216526300,13.3955263671875,0.5145604610443115,3.094074249267578,-0.2993459701538086
1772467517226532000,13.405531982421875,-0.2082662582397461,3.430302619934082,-0.3587489724159241
1772467517236539000,13.415538818359375,-0.9994462728500366,3.3126487731933594,-0.7215151786804199
1772467517246546000,13.4255458984375,-1.617581844329834,2.4991626739501953,-1.031554937362671
1772467517256553700,13.4355537109375,-1.8679840564727783,1.1445960998535156,-1.143375039100647
1772467517266562000,13.44556201171875,-1.7216613292694092,-0.37738800048828125,-1.0799845457077026
1772467517276570600,13.455570556640625,-1.392357349395752,-1.5222883224487305,-0.7972148656845093
1772467517286579500,13.465579345703125,-0.9932832717895508,-2.0716805458068848,-0.42775318026542664
1772467517296588300,13.47558837890625,-0.5594165325164795,-1.9991192817687988,-0.049310676753520966
1772467517306597400,13.485597412109374,-0.20240521430969238,-1.3116369247436523,0.21640321612358093
1772467517316603100,13.49560302734375,-0.07315278053283691,-0.32171154022216797,0.35461023449897766
1772467517326609200,13.505609130859375,-0.08421945571899414,0.45374202728271484,0.339946985244751
1772467517336615000,13.515614990234376,-0.2838871479034424,1.0583696365356445,0.40331798791885376
1772467517346620700,13.52562060546875,-0.5684125423431396,1.368760108947754,0.2977319657802582
1772467517356622800,13.535622802734375,-0.8781832456588745,1.4388093948364258,0.1994723379611969
1772467517376627500,13.55562744140625,-1.1780643463134766,0.43814849853515625,-0.09446355700492859
1772467517386630700,13.565630615234374,-1.262799620628357,-0.44365978240966797,-0.21893320977687836
1772467517396634400,13.57563427734375,-1.1061344146728516,-1.3609247207641602,-0.0805196464061737
1772467517406638600,13.585638671875,-0.8839893341064453,-2.2040324211120605,0.010226994752883911
1772467517416643800,13.595643798828124,-0.6956205368041992,-2.787179946899414,0.01147983968257904
1772467517426649600,13.605649658203125,-0.6312203407287598,-3.216177463531494,-0.03462204337120056
1772467517436656000,13.61565625,-0.6436920166015625,-3.4052023887634277,-0.004601433873176575
1772467517446663400,13.625663330078124,-0.6146416664123535,-3.4644384384155273,-0.18090851604938507
1772467517456671000,13.6356708984375,-0.5776821374893188,-3.360726833343506,-0.36916404962539673
1772467517466679300,13.64567919921875,-0.5468732118606567,-3.1518750190734863,-0.3536801338195801
1772467517476687600,13.6556875,-0.4555785655975342,-2.8715553283691406,-0.3434426784515381
1772467517486696400,13.665696533203125,-0.26968634128570557,-2.4962358474731445,-0.3771699070930481
1772467517496705500,13.67570556640625,-0.13666439056396484,-2.160081386566162,-0.3494058847427368
1772467517506714400,13.68571435546875,0.035274505615234375,-1.8775320053100586,-0.29803043603897095
1772467517516720600,13.695720703125,0.09885072708129883,-1.6630010604858398,-0.23628005385398865
1772467517526726400,13.705726318359375,0.10623025894165039,-1.4349756240844727,-0.21187087893486023
1772467517536732400,13.715732421875,0.14772844314575195,-1.1885709762573242,-0.16342639923095703
1772467517546738200,13.72573828125,0.300189733505249,-1.005143165588379,-0.10063932836055756
1772467517556744000,13.735743896484376,0.42610812187194824,-0.9134798049926758,-0.04700556397438049
1772467517566749700,13.745749755859375,0.3057119846343994,-0.8178014755249023,0.007596120238304138
1772467517576755700,13.755755615234374,0.08542799949645996,-0.5647678375244141,-0.02326720952987671
1772467517586761500,13.765761474609375,0.002718687057495117,-0.30246925354003906,-0.10727286338806152
1772467517596767200,13.775767333984374,0.022992372512817383,0.040907859802246094,-0.044823795557022095
1772467517606773200,13.785773193359375,0.11651492118835449,0.4557809829711914,-0.013116106390953064
1772467517616779000,13.795779052734375,0.3028256893157959,0.8558721542358398,-0.012629136443138123
1772467517626784800,13.80578466796875,0.6503920555114746,1.2265129089355469,0.04667086899280548
1772467517636790500,13.81579052734375,0.9514572620391846,1.5480737686157227,0.07886290550231934
1772467517646796500,13.825796630859376,0.9300112724304199,1.6819677352905273,0.24684548377990723
1772467517656802300,13.83580224609375,0.7079918384552002,1.8490304946899414,0.3218204975128174
1772467517666808000,13.84580810546875,0.4307067394256592,2.169306755065918,0.21271096169948578
1772467517676814000,13.85581396484375,0.21488046646118164,2.494978904724121,0.11997610330581665
1772467517686819800,13.86581982421875,0.19858479499816895,2.553844451904297,0.08253344893455505
1772467517696825600,13.87582568359375,0.42253804206848145,2.369784355163574,0.10672962665557861
1772467517706831400,13.885831298828125,0.8809738159179688,2.162165641784668,0.0400959849357605
1772467517716837400,13.89583740234375,1.2277610301971436,1.8969039916992188,-0.021159708499908447
1772467517726843100,13.905843017578125,1.4722349643707275,1.9038314819335938,-0.03939718008041382
1772467517736849000,13.915848876953126,1.8211047649383545,2.1246957778930664,-0.033573299646377563
1772467517746855000,13.92585498046875,1.8928520679473877,2.620781898498535,0.1413845419883728
1772467517756860700,13.935860595703126,1.491943120956421,3.1047229766845703,0.46971067786216736
1772467517766866400,13.945866455078125,0.891197919845581,3.3280763626098633,0.9318381547927856
1772467517776872200,13.9558720703125,0.227888822555542,3.1197423934936523,1.1111515760421753
1772467517786878200,13.965878173828125,-0.4322793483734131,2.4620227813720703,0.9847489595413208
1772467517796884000,13.975884033203124,-0.8035914897918701,1.2610082626342773,0.55800461769104
1772467517806889700,13.9858896484375,-0.834373950958252,0.06304168701171875,0.15191775560379028
1772467517816895700,13.995895751953125,-0.6298990249633789,-0.8452730178833008,-0.0948331356048584
1772467517826901500,14.005901611328126,-0.5198248624801636,-1.1017446517944336,-0.17444053292274475
1772467517836907300,14.0159072265625,-0.4656716585159302,-0.9038639068603516,-0.1785207986831665
1772467517846913000,14.0259130859375,-0.43450629711151123,-0.4294252395629883,-0.1297573745250702
1772467517856919000,14.0359189453125,-0.49849390983581543,0.024781227111816406,-0.021151110529899597
1772467517866924800,14.0459248046875,-0.7164338827133179,0.2728271484375,0.0908920019865036
1772467517876930600,14.0559306640625,-0.8846908211708069,0.17230796813964844,0.06400254368782043
1772467517886936600,14.0659365234375,-0.8462342023849487,-0.16121387481689453,0.13772116601467133
1772467517896942300,14.0759423828125,-0.7539535760879517,-0.47890472412109375,0.2788878381252289
1772467517906948000,14.085947998046874,-0.702675461769104,-0.8048439025878906,0.31963202357292175
1772467517916954000,14.0959541015625,-0.677708625793457,-1.1295166015625,0.28405115008354187
1772467517926959900,14.1059599609375,-0.7363152503967285,-1.59619140625,0.09877222776412964
1772467517936966000,14.1159658203125,-0.9034923315048218,-1.9988651275634766,-0.017854630947113037
1772467517956977700,14.135977783203124,-0.9970149993896484,-2.8214378356933594,-0.09645567834377289
1772467517966983400,14.1459833984375,-0.7221904993057251,-3.0934672355651855,-0.07292765378952026
1772467517976989400,14.155989501953124,-0.34969305992126465,-3.2497382164001465,0.04281671345233917
1772467517986995200,14.1659951171875,-0.06855452060699463,-3.2527642250061035,0.1708415299654007
1772467517997001200,14.176001220703125,0.2669137716293335,-3.155907154083252,0.17890222370624542
1772467518007007000,14.186007080078125,0.5638283491134644,-2.9743099212646484,0.19238434731960297
1772467518017013000,14.196012939453125,0.5456387996673584,-2.794285774230957,0.2987265884876251
1772467518027018800,14.206018798828126,0.28193819522857666,-2.438568592071533,0.32108980417251587
1772467518037024800,14.216024658203125,-0.010875344276428223,-2.078792095184326,0.13995681703090668
1772467518047030500,14.226030517578126,-0.13892817497253418,-1.934255599975586,0.10789763927459717
1772467518057036500,14.23603662109375,-0.20309603214263916,-1.7560415267944336,0.32608991861343384
1772467518067042300,14.246042236328124,-0.030898451805114746,-1.4440803527832031,0.3554426431655884
1772467518077048300,14.25604833984375,0.2555263042449951,-1.1090621948242188,0.27714699506759644
1772467518087054000,14.26605419921875,0.35666370391845703,-0.7227115631103516,0.2631085515022278
1772467518097059800,14.276059814453125,0.45041871070861816,-0.35694026947021484,0.3033924102783203
1772467518107065900,14.28606591796875,0.5477950572967529,-0.22690296173095703,0.3634723126888275
1772467518117071600,14.296071533203126,0.4181504249572754,-0.15979671478271484,0.3911261558532715
1772467518127077600,14.30607763671875,0.2897353172302246,0.002506256103515625,0.29413533210754395
1772467518137083400,14.31608349609375,0.22285032272338867,0.40821075439453125,0.2963067591190338
1772467518147089400,14.32608935546875,0.27354371547698975,0.7512359619140625,0.22544153034687042
1772467518157095200,14.33609521484375,0.3750004768371582,1.184493064880371,0.21172276139259338
1772467518167101200,14.34610107421875,0.36926257610321045,1.5836181640625,0.13057535886764526
1772467518177107000,14.35610693359375,0.43312132358551025,2.001288414001465,0.06773586571216583
1772467518187113000,14.366113037109375,0.5132602453231812,2.3420515060424805,0.07088199257850647
1772467518197118700,14.37611865234375,0.5714544057846069,2.649089813232422,-0.008184447884559631
1772467518207124700,14.386124755859376,0.541435718536377,2.931941032409668,-0.04994368553161621
1772467518217130500,14.396130615234375,0.5290035009384155,2.9756221771240234,-0.07305200397968292
1772467518227136500,14.406136474609376,0.5065433979034424,2.919039726257324,-0.07810375094413757
1772467518237142300,14.416142333984375,0.5511002540588379,2.7336807250976562,-0.15707692503929138
1772467518247148300,14.426148193359374,0.7448642253875732,2.539057731628418,-0.08201143145561218
1772467518257154000,14.436154052734375,0.8833081722259521,2.4638662338256836,0.1248103678226471
1772467518267160000,14.44616015625,0.9043142795562744,2.6033105850219727,0.4037834405899048
1772467518277165800,14.456165771484375,0.8459622859954834,3.0524234771728516,0.546873152256012
1772467518287171800,14.466171875,0.7324337959289551,3.6384201049804688,0.40778034925460815
1772467518297177600,14.476177490234376,0.3309948444366455,4.045466423034668,0.11548155546188354
1772467518307183600,14.48618359375,-0.3817164897918701,3.9254207611083984,-0.3416658341884613
1772467518317189400,14.496189453125,-1.1773043870925903,3.026885986328125,-0.9247320294380188
1772467518327195400,14.5061953125,-1.5893704891204834,1.7009382247924805,-1.139156460762024
1772467518337201200,14.516201171875,-1.4231349229812622,0.21138477325439453,-1.1492412090301514
1772467518347207200,14.526207275390625,-1.085651159286499,-0.8825998306274414,-0.921807050704956
1772467518357213000,14.536212890625,-0.8356509208679199,-1.433858871459961,-0.8285052180290222
1772467518367219000,14.546218994140625,-0.4522663354873657,-1.4487371444702148,-0.8148497939109802
1772467518377224700,14.556224609375,-0.15205049514770508,-1.2493972778320312,-0.5910893678665161
1772467518387230700,14.566230712890626,-0.08556652069091797,-0.8608036041259766,-0.41162025928497314
1772467518397236500,14.576236572265625,-0.35372376441955566,-0.6080732345581055,-0.24428512156009674
1772467518407242500,14.586242431640626,-0.7684148550033569,-0.5235109329223633,-0.23220854997634888
1772467518417248300,14.596248291015625,-1.1090329885482788,-0.357421875,-0.27530592679977417
1772467518427254300,14.606254150390624,-1.1913154125213623,-0.4343996047973633,-0.26939520239830017
1772467518437260000,14.616260009765625,-1.0972474813461304,-0.8301925659179688,-0.13472579419612885
1772467518447266000,14.62626611328125,-0.9553676843643188,-1.5059070587158203,-0.041005611419677734
1772467518457271800,14.636271728515625,-0.7165888547897339,-2.2843708992004395,0.10608799755573273
1772467518467277800,14.64627783203125,-0.4257239103317261,-3.1086411476135254,0.15715356171131134
1772467518477283600,14.65628369140625,-0.16135942935943604,-3.5206403732299805,0.2794412076473236
1772467518487289600,14.66628955078125,-0.0266493558883667,-3.736729621887207,0.24812102317810059
1772467518497295400,14.67629541015625,-0.10723042488098145,-3.7812767028808594,0.1439141184091568
1772467518507301000,14.686301025390625,-0.3475961685180664,-3.4965858459472656,0.05687396228313446
1772467518517307100,14.69630712890625,-0.468082070350647,-3.0692315101623535,-0.12805037200450897
1772467518527313000,14.70631298828125,-0.3840188980102539,-2.547133445739746,-0.2007637619972229
1772467518537318700,14.716318603515624,-0.04723203182220459,-2.050147533416748,-0.203569233417511
1772467518547324700,14.72632470703125,0.28536105155944824,-1.5355710983276367,-0.2077789157629013
1772467518557330400,14.736330322265625,0.4821791648864746,-1.1280765533447266,-0.2748097777366638
1772467518567336200,14.746336181640626,0.548424243927002,-0.8990564346313477,-0.25622519850730896
1772467518577342000,14.756342041015625,0.4068787097930908,-0.7618408203125,-0.3772304654121399
1772467518587348000,14.766347900390626,0.21782433986663818,-0.6965465545654297,-0.49527814984321594
1772467518597353700,14.776353759765625,0.15047919750213623,-0.721531867980957,-0.48690247535705566
1772467518607359500,14.786359375,0.2178492546081543,-0.6692056655883789,-0.44314253330230713
1772467518617365500,14.796365478515625,0.39632725715637207,-0.6163139343261719,-0.4451562464237213
1772467518627371300,14.806371337890624,0.5592073202133179,-0.4200725555419922,-0.2866904139518738
1772467518637377000,14.816376953125,0.5739918947219849,-0.13362503051757812,-0.12422448396682739
1772467518647382800,14.8263828125,0.5510989427566528,0.09468936920166016,-0.12446132302284241
1772467518657388800,14.836388916015625,0.4752751588821411,0.3894062042236328,-0.03888557851314545
1772467518667394600,14.84639453125,0.41558897495269775,0.7222394943237305,0.06452147662639618
1772467518677400300,14.856400390625,0.44804656505584717,1.126612663269043,0.1515609323978424
1772467518697412000,14.876412109375,0.3034480810165405,1.7623672485351562,0.27281564474105835
1772467518707417900,14.88641796875,0.25554442405700684,2.017986297607422,0.29737967252731323
1772467518717423600,14.896423583984374,0.3637654781341553,2.230360984802246,0.3447653651237488
1772467518727429600,14.9064296875,0.47791194915771484,2.3464460372924805,0.4875985383987427
1772467518737435400,14.916435302734374,0.5525327920913696,2.375518798828125,0.6605290770530701
1772467518747441200,14.926441162109375,0.4549912214279175,2.3509435653686523,0.5795137882232666
1772467518757447200,14.936447265625,0.2893953323364258,2.19195556640625,0.22946539521217346
1772467518767453000,14.946452880859376,0.26426899433135986,1.8324832916259766,-0.08708454668521881
1772467518777458700,14.956458740234375,0.45967745780944824,1.4356307983398438,-0.12321966886520386
1772467518787464400,14.96646435546875,0.7040715217590332,1.2305593490600586,-0.007944315671920776
1772467518797470500,14.976470458984375,0.8314321041107178,1.2404041290283203,0.12542930245399475
1772467518807476200,14.986476318359376,0.8664510250091553,1.4740190505981445,0.4794830083847046
1772467518817482000,14.99648193359375,0.835330605506897,1.8013496398925781,0.8663427829742432
1772467518827488000,15.006488037109374,0.45608627796173096,2.131373405456543,1.1267049312591553
1772467518837493800,15.01649365234375,-0.13400697708129883,2.130162239074707,0.8120489716529846
1772467518847499500,15.02649951171875,-0.4476989507675171,1.6507282257080078,0.43156424164772034
1772467518857505300,15.03650537109375,-0.5337686538696289,0.9953880310058594,0.04460233449935913
1772467518867511300,15.04651123046875,-0.617774248123169,0.384552001953125,-0.3099115192890167
1772467518877517000,15.05651708984375,-0.7605664134025574,0.1292591094970703,-0.5288857817649841
1772467518887522800,15.066522705078125,-0.8278153538703918,0.20066070556640625,-0.5789953470230103
1772467518897528800,15.07652880859375,-0.6638501286506653,0.2828950881958008,-0.5549970865249634
1772467518927546000,15.106546142578125,-0.6689130663871765,0.07299327850341797,-0.3046530485153198
1772467518937552100,15.11655224609375,-0.6992539763450623,-0.1977081298828125,-0.2978542745113373
1772467518947558000,15.126557861328125,-0.736609935760498,-0.5621309280395508,-0.20062580704689026
1772467518957564000,15.13656396484375,-0.698355495929718,-0.8530187606811523,-0.1572839766740799
1772467518967569700,15.146569580078125,-0.6110457181930542,-1.1616010665893555,-0.10750731825828552
1772467518977575700,15.15657568359375,-0.6649662256240845,-1.4592761993408203,0.0003113746643066406
1772467518987581400,15.16658154296875,-0.79176265001297,-1.693685531616211,0.06443312764167786
1772467518997587500,15.17658740234375,-0.7222208976745605,-1.9751167297363281,0.055618010461330414
1772467519007593200,15.18659326171875,-0.5888067483901978,-2.2273669242858887,0.09303886443376541
1772467519017599200,15.19659912109375,-0.4755977392196655,-2.441376209259033,0.09540413320064545
1772467519027605000,15.20660498046875,-0.36719274520874023,-2.641364097595215,0.13957777619361877
1772467519037611000,15.216611083984375,-0.38328588008880615,-2.813021659851074,0.13957832753658295
1772467519047616800,15.22661669921875,-0.27102911472320557,-2.889460563659668,0.1008610650897026
1772467519057622800,15.236622802734376,-0.1695653200149536,-2.9855170249938965,0.12293804436922073
1772467519067628500,15.246628662109375,-0.15144670009613037,-2.9672346115112305,0.1670093834400177
1772467519077634600,15.256634521484376,-0.13193225860595703,-2.934934616088867,0.05137284845113754
1772467519087640300,15.266640380859375,-0.22210919857025146,-2.7642364501953125,0.03851839900016785
1772467519097646300,15.276646240234374,-0.035642266273498535,-2.4792137145996094,0.03699256852269173
1772467519107652000,15.286652099609375,0.26093053817749023,-2.2810301780700684,0.14279009401798248
1772467519117658000,15.296658203125,0.3626718521118164,-1.9165239334106445,0.2801429033279419
1772467519127663900,15.306663818359375,0.24029409885406494,-1.2760257720947266,0.37845224142074585
1772467519147675600,15.326675537109375,0.09013915061950684,0.10640525817871094,0.40439850091934204
1772467519157681400,15.336681396484375,0.3470745086669922,0.6002159118652344,0.4516792297363281
1772467519167687400,15.3466875,0.6943455934524536,0.9255762100219727,0.4405418932437897
1772467519177693200,15.356693115234375,0.8085619211196899,1.1016712188720703,0.43762436509132385
1772467519187699200,15.36669921875,1.145475149154663,1.2097797393798828,0.47651395201683044
1772467519197705000,15.376705078125,1.4880669116973877,1.1872949600219727,0.4178435802459717
1772467519207711000,15.3867109375,1.3191554546356201,1.235426902770996,0.35765594244003296
1772467519217716700,15.396716796875,1.0245473384857178,1.3401679992675781,0.20009107887744904
1772467519227722800,15.40672265625,0.9222241640090942,1.544856071472168,0.1066947728395462
1772467519237728500,15.416728515625,0.7527601718902588,1.8637971878051758,0.19418591260910034
1772467519247734500,15.426734619140625,0.46338391304016113,2.287236213684082,0.16726867854595184
1772467519257740300,15.436740234375,0.12898552417755127,2.7913990020751953,0.1369413435459137
1772467519267746300,15.446746337890625,-0.05114758014678955,2.9560375213623047,0.05444560572504997
1772467519277752000,15.456751953125,0.10969817638397217,2.7484006881713867,-0.019944505766034126
1772467519287758000,15.466758056640625,0.5236071348190308,2.3263063430786133,-0.0015018731355667114
1772467519297763800,15.476763916015624,1.0219892263412476,1.9856328964233398,0.03390151262283325
1772467519307769900,15.486769775390625,1.426526665687561,1.8687877655029297,0.011089682579040527
1772467519317775600,15.496775634765624,1.3646248579025269,2.013485908508301,0.21855852007865906
1772467519327781600,15.50678173828125,0.8084777593612671,2.4153032302856445,0.3005199730396271
1772467519337787400,15.516787353515625,0.30880939960479736,3.0267276763916016,0.11409901827573776
1772467519347793400,15.52679345703125,-0.14603471755981445,3.4845972061157227,-0.19335202872753143
1772467519357799200,15.536799072265625,-0.4883589744567871,3.392681121826172,-0.5712212920188904
1772467519367805200,15.54680517578125,-0.9526066780090332,2.6521081924438477,-1.037450909614563
1772467519377811000,15.55681103515625,-1.2721366882324219,1.3650846481323242,-1.3332972526550293
1772467519387817000,15.56681689453125,-1.2003352642059326,-0.0033578872680664062,-1.3001855611801147
1772467519397822700,15.57682275390625,-0.8908805251121521,-0.9848766326904297,-1.0292564630508423
1772467519407828700,15.586828857421875,-0.6874632835388184,-1.3273916244506836,-0.5703620314598083
1772467519417834500,15.59683447265625,-0.5410031080245972,-1.0900297164916992,-0.2397134155035019
1772467519427840500,15.606840576171875,-0.26295626163482666,-0.3798208236694336,-0.1044236421585083
1772467519437846300,15.61684619140625,0.0599595308303833,0.4380664825439453,0.1252741813659668
1772467519447852000,15.62685205078125,0.22612404823303223,0.827423095703125,0.32817068696022034
1772467519457858000,15.636858154296876,0.055022597312927246,0.8797845840454102,0.29559892416000366
1772467519467863800,15.64686376953125,-0.2580631971359253,0.6057529449462891,0.10432088375091553
1772467519477869600,15.65686962890625,-0.6248021125793457,0.1500568389892578,-0.042094528675079346
1772467519487875600,15.66687548828125,-0.9486470818519592,-0.3427400588989258,-0.07342889904975891
1772467519507887000,15.68688720703125,-1.0491909980773926,-1.3519763946533203,-0.04622974991798401
1772467519517892900,15.696892822265625,-0.5847121477127075,-2.0122222900390625,0.020579546689987183
1772467519527899000,15.70689892578125,-0.3465031385421753,-2.638338088989258,0.18533524870872498
1772467519537904600,15.716904541015625,-0.3337123394012451,-3.2639613151550293,0.2580536901950836
1772467519547910400,15.726910400390626,-0.4902207851409912,-3.74062442779541,0.12832269072532654
1772467519557916400,15.73691650390625,-0.7273138761520386,-3.9582691192626953,-0.07119232416152954
1772467519567922200,15.746922119140624,-0.9564464688301086,-3.950467109680176,-0.25032031536102295
1772467519577928000,15.756927978515625,-1.0082778930664062,-3.7172679901123047,-0.39987054467201233
1772467519587933700,15.76693359375,-0.8545882701873779,-3.4789323806762695,-0.5681961178779602
1772467519597939700,15.776939697265625,-0.623437762260437,-3.221400737762451,-0.5932669639587402
1772467519607945500,15.786945556640624,-0.3376106023788452,-2.959296703338623,-0.5757536292076111
1772467519617951200,15.796951171875,-0.12886154651641846,-2.7169437408447266,-0.5869615077972412
1772467519627957200,15.806957275390625,0.003731846809387207,-2.4084973335266113,-0.5351117849349976
1772467519637963000,15.816962890625,0.09842109680175781,-2.096153736114502,-0.540622353553772
1772467519647968800,15.82696875,0.11150884628295898,-1.7462968826293945,-0.48960262537002563
1772467519657974500,15.836974609375,0.08977437019348145,-1.2919158935546875,-0.4395093321800232
1772467519667980500,15.84698046875,0.14284169673919678,-0.8382978439331055,-0.43784138560295105
1772467519677986300,15.856986328125,0.23813188076019287,-0.2328042984008789,-0.3793565034866333
1772467519687992000,15.866991943359375,0.21417558193206787,0.5335063934326172,-0.3064437508583069
1772467519697998000,15.876998046875,0.138222336769104,1.1115293502807617,-0.2619534730911255
1772467519708003800,15.88700390625,0.1289900541305542,1.559250831604004,-0.25170114636421204
1772467519718009600,15.897009521484375,0.16183745861053467,1.8914833068847656,-0.22425530850887299
1772467519728015400,15.907015380859375,0.24187278747558594,2.0511274337768555,-0.13268615305423737
1772467519738021400,15.917021484375,0.3939335346221924,2.0001869201660156,-0.029963940382003784
1772467519748027100,15.927027099609376,0.44671809673309326,1.9539413452148438,0.06028872728347778
1772467519758033000,15.937032958984375,0.5006716251373291,2.003157615661621,0.21437501907348633
1772467519778044700,15.957044677734375,0.6475827693939209,2.5496950149536133,0.4211980998516083
1772467519788050400,15.967050537109374,0.7889895439147949,2.917142868041992,0.38013917207717896
1772467519798056200,15.97705615234375,0.8852152824401855,3.096796989440918,0.3100058138370514
1772467519808062200,15.987062255859374,0.9236495494842529,2.902507781982422,0.2154870629310608
1772467519818068000,15.99706787109375,0.9822454452514648,2.511702537536621,0.10948687791824341
1772467519828073700,16.00707373046875,1.1675183773040771,2.110889434814453,0.03911629319190979
1772467519838079700,16.017079833984376,1.1247808933258057,1.8675031661987305,0.11407142877578735
1772467519848085500,16.02708544921875,0.8987998962402344,1.9729490280151367,0.2730577290058136
1772467519858091300,16.03709130859375,0.5404678583145142,2.3407506942749023,0.6135541200637817
1772467519868097000,16.047096923828125,0.09124362468719482,2.7889022827148438,1.1548396348953247
1772467519878103000,16.05710302734375,-0.3873206377029419,3.0353240966796875,1.4137978553771973
1772467519888108800,16.06710888671875,-0.8049213886260986,2.923001289367676,1.1231231689453125
1772467519898114600,16.077114501953126,-1.085562825202942,2.3861637115478516,0.7105106711387634
1772467519908120600,16.08712060546875,-0.9517660140991211,1.2110395431518555,0.24145233631134033
1772467519918126300,16.097126220703124,-0.9105802774429321,-0.008365631103515625,-0.160287544131279
1772467519928132000,16.107132080078124,-1.0119670629501343,-0.9036235809326172,-0.407053679227829
1772467519938138000,16.11713818359375,-1.0729036331176758,-1.2360620498657227,-0.3658474385738373
1772467519948143900,16.127143798828126,-0.6789606809616089,-1.1120405197143555,-0.1168743371963501
1772467519958149600,16.137149658203125,-0.0993269681930542,-0.781987190246582,0.13339191675186157
1772467519968155600,16.14715576171875,0.005218863487243652,-0.4670276641845703,0.3716675937175751
1772467519978161400,16.157161376953123,-0.10486423969268799,-0.3155689239501953,0.5241546034812927
1772467519988167400,16.16716748046875,-0.30569517612457275,-0.21248817443847656,0.5876014232635498
1772467519998173200,16.177173095703125,-0.41656720638275146,-0.2243509292602539,0.5433244705200195
1772467520008179200,16.18717919921875,-0.49941933155059814,-0.4320793151855469,0.3951852321624756
1772467520018185000,16.19718505859375,-0.5637993812561035,-0.7442998886108398,0.31713244318962097
1772467520028191000,16.20719091796875,-0.5954958200454712,-1.13677978515625,0.3599925935268402
1772467520038196700,16.21719677734375,-0.46992480754852295,-1.6188859939575195,0.3401351571083069
1772467520048202500,16.227202392578125,-0.28118443489074707,-2.0999369621276855,0.2799290418624878
1772467520058208500,16.23720849609375,-0.24409985542297363,-2.5417985916137695,0.294319212436676
1772467520068214300,16.24721435546875,-0.23413610458374023,-2.963685989379883,0.3498169183731079
1772467520078220300,16.25722021484375,-0.1846860647201538,-3.2270960807800293,0.39911237359046936
1772467520088226000,16.26722607421875,-0.22520339488983154,-3.2654919624328613,0.3422831892967224
1772467520098232000,16.277232177734376,-0.2747030258178711,-3.122342586517334,0.24172794818878174
1772467520108237800,16.28723779296875,-0.23764419555664062,-2.9843859672546387,0.15968993306159973
1772467520118243800,16.297243896484375,-0.147649884223938,-2.846834182739258,0.09126058220863342
1772467520128249600,16.30724951171875,-0.04290008544921875,-2.628520965576172,0.0984075665473938
1772467520138255600,16.317255615234377,0.07185995578765869,-2.4395384788513184,0.09545740485191345
1772467520148261400,16.327261474609376,0.16861915588378906,-2.150996685028076,0.10179033875465393
1772467520158267400,16.337267333984375,0.0989522933959961,-1.7200813293457031,0.13185209035873413
1772467520168273200,16.347273193359374,-0.1051931381225586,-1.3712272644042969,0.08941349387168884
1772467520178279200,16.357279052734373,-0.29227280616760254,-1.0656623840332031,0.06971356272697449
1772467520188285000,16.367284912109376,-0.4160449504852295,-0.7026786804199219,0.1735588014125824
1772467520198291000,16.377291015625,-0.314572811126709,-0.4017486572265625,0.2046172022819519
1772467520208296700,16.387296630859375,-0.015730857849121094,-0.29191112518310547,0.2289086878299713
1772467520218302700,16.397302734375,0.2437436580657959,-0.17265701293945312,0.3625710606575012
1772467520228308500,16.40730859375,0.4866299629211426,-0.20242786407470703,0.38159096240997314
1772467520238314500,16.417314453125,0.6295065879821777,-0.15692615509033203,0.4966925084590912
1772467520248320300,16.4273203125,0.6014387607574463,0.044734954833984375,0.5310424566268921
1772467520258326300,16.437326171875,0.4724295139312744,0.37873268127441406,0.4225160479545593
1772467520268332000,16.44733203125,0.45531177520751953,0.7401876449584961,0.21384617686271667
1772467520278338000,16.457338134765624,0.43287205696105957,1.2012624740600586,0.1657005250453949
1772467520288343800,16.46734375,0.43593287467956543,1.8578214645385742,0.019329100847244263
1772467520298349800,16.477349853515626,0.3823277950286865,2.4898672103881836,-0.00543859601020813
1772467520308355600,16.48735546875,0.26182126998901367,2.858798027038574,0.03479352593421936
1772467520318361600,16.497361572265625,0.16654253005981445,2.9745121002197266,0.007714599370956421
1772467520328367400,16.507367431640624,0.06301116943359375,2.8567075729370117,0.048537760972976685
1772467520338373400,16.517373291015623,0.13188433647155762,2.7450733184814453,-0.030884921550750732
1772467520348379100,16.527379150390626,0.5180249214172363,2.538908004760742,-0.12599927186965942
1772467520368391000,16.547390869140624,1.0924572944641113,2.709376335144043,0.31693634390830994
1772467520378397000,16.55739697265625,1.0021600723266602,3.236729621887207,0.406457781791687
1772467520388402700,16.567402587890626,0.7579212188720703,3.6469335556030273,0.2846614718437195
1772467520398408700,16.57740869140625,0.42669153213500977,3.682431221008301,-0.08638247847557068
1772467520408414500,16.58741455078125,-0.18438410758972168,2.9770383834838867,-0.5187755227088928
1772467520418420200,16.597420166015624,-0.6900533437728882,1.5764284133911133,-0.8415611386299133
1772467520428426000,16.607426025390627,-0.8011929988861084,0.11353015899658203,-1.1226727962493896
1772467520438432000,16.617431884765626,-0.6430778503417969,-1.0960636138916016,-1.1992394924163818
1772467520448437800,16.627437744140625,-0.48825252056121826,-1.5801630020141602,-0.9434503316879272
1772467520458443500,16.637443603515624,-0.24069786071777344,-1.3407487869262695,-0.5302734971046448
1772467520468449500,16.647449462890624,0.08815550804138184,-0.4521350860595703,-0.3721349835395813
1772467520478455300,16.657455322265626,0.3696022033691406,0.6144475936889648,-0.36773446202278137
1772467520498466800,16.677466796875,0.010673761367797852,2.3079404830932617,-0.14363613724708557
1772467520508472800,16.687472900390624,-0.2228708267211914,2.4197168350219727,-0.18301379680633545
1772467520518478600,16.697478515625,-0.5077177286148071,2.004068374633789,-0.14802905917167664
1772467520528484400,16.707484375,-0.966894268989563,1.1444063186645508,-0.3200173079967499
1772467520538490400,16.717490478515625,-1.0293508768081665,0.2727632522583008,-0.25183042883872986
1772467520548496100,16.72749609375,-1.061525583267212,-0.7726678848266602,-0.034519314765930176
1772467520558502000,16.737501953125,-1.1006624698638916,-1.771951675415039,0.005846798419952393
1772467520568508000,16.7475078125,-1.1376152038574219,-2.74422550201416,0.0943635106086731
1772467520578513700,16.757513671875,-1.0009461641311646,-3.445829391479492,0.07772058248519897
1772467520588519400,16.76751953125,-0.8667137622833252,-3.748711585998535,0.05594015121459961
1772467520598525200,16.777525146484376,-0.6093342304229736,-3.9312376976013184,-0.033017128705978394
1772467520608531200,16.78753125,-0.4662235975265503,-4.037106990814209,-0.07892683148384094
1772467520618537000,16.797536865234374,-0.4755336046218872,-4.109462261199951,-0.19145506620407104
1772467520628542700,16.807542724609377,-0.499139666557312,-4.057434558868408,-0.2561649978160858
1772467520638548700,16.817548828125,-0.5133757591247559,-3.8239564895629883,-0.4069732427597046
1772467520648554500,16.827554443359375,-0.4610670804977417,-3.3855934143066406,-0.45693567395210266
1772467520658560300,16.837560302734374,-0.3654705286026001,-2.9532151222229004,-0.37744826078414917
1772467520668566000,16.84756591796875,-0.26902174949645996,-2.5747499465942383,-0.35934966802597046
1772467520678572000,16.857572021484376,-0.2956583499908447,-2.2644429206848145,-0.3738722503185272
1772467520688577800,16.867577880859375,-0.4074031114578247,-1.9073691368103027,-0.3586539328098297
1772467520698583600,16.87758349609375,-0.3755751848220825,-1.5416336059570312,-0.3288341462612152
1772467520708589600,16.887589599609374,-0.18642783164978027,-1.2388124465942383,-0.25192081928253174
1772467520718595300,16.89759521484375,-0.010556459426879883,-0.9705171585083008,-0.12268573045730591
1772467520728601000,16.90760107421875,0.08127593994140625,-0.5076522827148438,0.026918858289718628
1772467520738606800,16.91760693359375,0.16677236557006836,-0.03720283508300781,-0.04694855213165283
1772467520748612900,16.92761279296875,0.1589984893798828,0.2500295639038086,-0.038979411125183105
1772467520758618600,16.93761865234375,0.09397101402282715,0.4792966842651367,0.006259649991989136
1772467520768624400,16.947624267578124,-0.02111029624938965,0.7611684799194336,0.02136978507041931
1772467520778630400,16.95763037109375,-0.0682675838470459,1.0050926208496094,0.04931217432022095
1772467520788636200,16.96763623046875,0.013287782669067383,1.2973527908325195,0.10010740160942078
1772467520798642000,16.977641845703126,0.28029441833496094,1.656996726989746,0.22571155428886414
1772467520808647700,16.987647705078125,0.6518502235412598,2.035922050476074,0.3304504454135895
1772467520818653700,16.99765380859375,0.9871041774749756,2.352280616760254,0.33808615803718567
1772467520828659500,17.007659423828127,1.2266287803649902,2.6772680282592773,0.30744698643684387
1772467520838665200,17.017665283203126,1.2471323013305664,2.996368408203125,0.2105938196182251
1772467520848671200,17.027671142578125,1.2158124446868896,3.0470333099365234,0.09934413433074951
1772467520858677000,17.037677001953124,1.1175739765167236,2.858827590942383,-0.12290208041667938
1772467520868682800,17.047682861328123,0.9710085391998291,2.4802913665771484,-0.3277803659439087
1772467520878688500,17.0576884765625,1.039149284362793,2.098173141479492,-0.301592618227005
1772467520888694500,17.067694580078125,1.2985129356384277,1.7982511520385742,-0.2216884344816208
1772467520898700300,17.0777001953125,1.3966214656829834,1.7758140563964844,-0.058999478816986084
1772467520918712000,17.097712158203127,1.2063426971435547,2.392056465148926,0.8542312383651733
1772467520928717800,17.1077177734375,0.9556088447570801,2.7610416412353516,1.1069649457931519
1772467520938723600,17.1177236328125,0.4493834972381592,2.926671028137207,1.0063637495040894
1772467520948729300,17.127729248046876,-0.1354844570159912,2.7607479095458984,0.5319287776947021
1772467520958735400,17.1377353515625,-0.5900119543075562,2.0544843673706055,0.12390339374542236
1772467520968741000,17.1477412109375,-0.7295252084732056,0.9625625610351562,-0.46659648418426514
1772467520978747000,17.157746826171874,-0.943689227104187,0.01669788360595703,-0.9477062821388245
1772467520988753000,17.1677529296875,-1.3368992805480957,-0.677459716796875,-1.1790014505386353
1772467520998758700,17.177758544921875,-1.3594163656234741,-1.047947883605957,-1.1425093412399292
1772467521008764400,17.187764404296875,-0.9902918338775635,-1.057072639465332,-0.8986201286315918
1772467521018770200,17.197770263671874,-0.562321662902832,-0.8019227981567383,-0.6153585314750671
1772467521028776200,17.207776123046877,-0.2924991846084595,-0.546595573425293,-0.2493770718574524
1772467521038782000,17.217781982421876,-0.2312220335006714,-0.34409618377685547,0.0879260003566742
1772467521048787700,17.22778759765625,-0.2435671091079712,-0.10375499725341797,0.22706001996994019
1772467521058793700,17.237793701171874,-0.33851003646850586,-0.02159881591796875,0.2551601827144623
1772467521068799500,17.247799560546873,-0.27616846561431885,-0.12599754333496094,0.1518791913986206
1772467521078805500,17.257805419921876,-0.23691964149475098,-0.35938549041748047,0.044309139251708984
1772467521088811300,17.267811279296875,-0.4604215621948242,-0.8310155868530273,-0.04666715860366821
1772467521098817300,17.2778173828125,-0.7624450922012329,-1.386831283569336,-0.04217493534088135
1772467521108823000,17.287822998046874,-0.8241041898727417,-1.9164724349975586,-0.11513826251029968
1772467521118829000,17.2978291015625,-0.6778193712234497,-2.3916726112365723,-0.16545075178146362
1772467521128834800,17.307834716796876,-0.5364995002746582,-2.6268205642700195,-0.040007948875427246
1772467521138840800,17.3178408203125,-0.546872615814209,-2.7899980545043945,0.07626582682132721
1772467521148846600,17.3278466796875,-0.46952736377716064,-2.9482994079589844,0.08284438401460648
1772467521158852600,17.3378525390625,-0.5059038400650024,-3.0681748390197754,0.0516081228852272
1772467521168858400,17.3478583984375,-0.604388952255249,-3.0587058067321777,0.11566563695669174
1772467521178864400,17.357864501953124,-0.5552774667739868,-2.891425132751465,0.17361733317375183
1772467521188870100,17.3678701171875,-0.5214475393295288,-2.7004499435424805,0.2057279348373413
1772467521198876200,17.377876220703126,-0.4346647262573242,-2.51479434967041,0.15811805427074432
1772467521208882000,17.3878818359375,-0.342309832572937,-2.234269618988037,0.23115253448486328
1772467521218888000,17.397887939453124,-0.25373852252960205,-2.0120205879211426,0.37196633219718933
1772467521228893700,17.407893798828123,-0.19810080528259277,-1.7427196502685547,0.5713767409324646
1772467521238899700,17.417899658203126,-0.1673891544342041,-1.402247428894043,0.576845109462738
1772467521248905500,17.427905517578125,-0.0051403045654296875,-0.971405029296875,0.5506526827812195
1772467521258911500,17.437911376953124,0.17825889587402344,-0.5936594009399414,0.7031711339950562
1772467521268917200,17.447917236328124,0.41679883003234863,-0.39318370819091797,0.8529050350189209
1772467521278923300,17.45792333984375,0.6495687961578369,-0.1501026153564453,0.8762676119804382
1772467521288929800,17.4679296875,0.8582844734191895,0.19261741638183594,0.9805992841720581
1772467521298935300,17.477935302734377,1.1541755199432373,0.5818805694580078,0.9661197066307068
1772467521308940800,17.48794091796875,1.433149814605713,1.0172843933105469,0.900177001953125
1772467521318946300,17.4979462890625,1.523399829864502,1.3983697891235352,0.7639128565788269
1772467521328952000,17.5079521484375,1.4433929920196533,1.649099349975586,0.5375653505325317
1772467521338957600,17.51795751953125,1.3402230739593506,1.8369998931884766,0.47315365076065063
1772467521348963000,17.527963134765624,1.2123279571533203,2.0008115768432617,0.35198748111724854
1772467521358968800,17.53796875,0.8771607875823975,2.1026439666748047,0.42242175340652466
1772467521368974600,17.547974609375,0.39438915252685547,2.229328155517578,0.45509108901023865
1772467521398992100,17.5779921875,1.0100650787353516,1.7348480224609375,0.2556151747703552
1772467521408998000,17.587997802734375,1.6182997226715088,1.7330875396728516,0.13948816061019897
1772467521419004000,17.59800390625,1.9724204540252686,1.962935447692871,-0.02491120994091034
1772467521429010000,17.608010009765625,1.9351081848144531,2.519144058227539,0.10128293931484222
1772467521439016000,17.618015869140624,1.5431571006774902,3.5208635330200195,0.048290811479091644
1772467521449022200,17.628022216796875,0.8370692729949951,4.499728202819824,-0.2199573814868927
1772467521459028200,17.6380283203125,0.05780148506164551,4.8691911697387695,-0.5040211081504822
1772467521469034200,17.6480341796875,-0.8260703086853027,4.321081161499023,-0.8747739195823669
1772467521479040300,17.658040283203125,-1.5735102891921997,2.8201704025268555,-1.1163069009780884
1772467521489046300,17.66804638671875,-1.96168851852417,0.923192024230957,-1.3930295705795288
1772467521499052300,17.67805224609375,-1.9886517524719238,-0.7809734344482422,-1.4231858253479004
1772467521509058300,17.688058349609374,-1.6793594360351562,-1.8915719985961914,-1.1707541942596436
1772467521519064800,17.69806494140625,-1.0192596912384033,-2.4150710105895996,-0.816045880317688
1772467521529069800,17.70806982421875,-0.3114960193634033,-2.00020170211792,-0.30269429087638855
1772467521539074800,17.71807470703125,0.33983397483825684,-1.008871078491211,-0.14199689030647278
1772467521549080000,17.728080078125,0.6485285758972168,0.06905841827392578,-0.012388661503791809
1772467521559085000,17.7380849609375,0.5448188781738281,0.9846591949462891,0.04673786461353302
1772467521569090300,17.74809033203125,0.24806690216064453,1.499791145324707,-0.12159870564937592
1772467521579095600,17.758095458984375,-0.2249438762664795,1.5444326400756836,-0.12988245487213135
1772467521589101000,17.76810107421875,-0.6052259206771851,1.0632896423339844,-0.03149107098579407
1772467521599106600,17.7781064453125,-0.848450779914856,0.42618560791015625,-0.042693063616752625
1772467521609112600,17.788112548828124,-1.1395213603973389,-0.2176837921142578,-0.1761188954114914
1772467521619118300,17.798118408203123,-1.2842397689819336,-0.9729709625244141,-0.14714691042900085
1772467521629124600,17.80812451171875,-1.282999038696289,-1.805938720703125,-0.17252768576145172
1772467521639130600,17.818130615234374,-1.0434767007827759,-2.5400876998901367,-0.12316706776618958
1772467521649137000,17.828136962890625,-0.7974303960800171,-3.1906447410583496,0.0448477566242218
1772467521659143400,17.838143310546876,-0.7156689167022705,-3.5670509338378906,0.14654327929019928
1772467521669150000,17.84814990234375,-0.7888368368148804,-3.779743194580078,0.0497594028711319
1772467521679156500,17.858156494140626,-0.3274456262588501,-3.7577295303344727,-0.07940387725830078
1772467521689163000,17.8681630859375,0.16475534439086914,-3.698296546936035,-0.13138633966445923
1772467521699169300,17.878169189453125,-0.04282784461975098,-3.596865653991699,-0.1385134905576706
1772467521709175300,17.88817529296875,-0.25378918647766113,-3.409947395324707,-0.06756956875324249
1772467521719181300,17.898181396484375,-0.07091665267944336,-3.1522936820983887,-0.16077053546905518
1772467521739192600,17.918192626953125,-0.03947305679321289,-2.2776827812194824,-0.45643091201782227
1772467521749198000,17.928197998046876,-0.12955045700073242,-1.904533863067627,-0.5701581239700317
1772467521759203600,17.93820361328125,-0.14342761039733887,-1.4557600021362305,-0.5843432545661926
1772467521769209000,17.948208984375,0.02314019203186035,-1.1129016876220703,-0.5331847667694092
1772467521779214600,17.958214599609374,0.21695542335510254,-0.7945346832275391,-0.36359232664108276
1772467521789220400,17.968220458984376,0.4490163326263428,-0.34811973571777344,-0.24182742834091187
1772467521799226000,17.97822607421875,0.7067208290100098,0.24470233917236328,-0.2055535912513733
1772467521809232000,17.98823193359375,0.7621612548828125,0.7921857833862305,-0.17353029549121857
1772467521819237600,17.998237548828126,0.46227049827575684,1.1752004623413086,-0.05936938524246216
1772467521829243600,18.00824365234375,0.23675847053527832,1.260664939880371,-0.015947148203849792
1772467521839249700,18.018249755859376,0.083587646484375,1.326796531677246,0.06586038321256638
1772467521849255400,18.02825537109375,-0.09633636474609375,1.3983135223388672,0.10763054341077805
1772467521859261700,18.03826171875,-0.09964895248413086,1.4804496765136719,0.29474014043807983
1772467521869267700,18.048267822265625,-0.004158973693847656,1.6163578033447266,0.32705745100975037
1772467521879273700,18.058273681640625,0.152907133102417,1.8677330017089844,0.30946823954582214
1772467521889279700,18.06827978515625,0.33947277069091797,2.124077796936035,0.37752947211265564
1772467521899285800,18.07828564453125,0.6970064640045166,2.2127389907836914,0.2693915069103241
1772467521909291800,18.088291748046874,1.0131919384002686,2.1907501220703125,0.2053299844264984
1772467521919297800,18.0982978515625,1.1753392219543457,1.9098920822143555,0.036207109689712524
1772467521929303800,18.1083037109375,1.1445250511169434,1.6815452575683594,-0.06822603940963745
1772467521939309800,18.118309814453124,1.2310082912445068,1.4484453201293945,-0.4020567536354065
1772467521949315600,18.128315673828126,1.396697998046875,1.3585968017578125,-0.4219280183315277
1772467521959321300,18.1383212890625,1.3685500621795654,1.6983375549316406,0.10463298112154007
1772467521969327400,18.148327392578125,1.126662015914917,2.41904354095459,0.6342468857765198
1772467521979333000,18.1583330078125,0.8527710437774658,3.2713727951049805,0.8807482719421387
1772467521989339000,18.1683388671875,0.37137556076049805,3.8725900650024414,0.7990570664405823
1772467521999344600,18.1783447265625,-0.274946928024292,3.8223800659179688,0.3734499514102936
1772467522019356400,18.1983564453125,-1.1153067350387573,1.3892669677734375,-0.4856170415878296
1772467522029362200,18.208362060546875,-1.256687879562378,0.17640209197998047,-0.5438948273658752
1772467522039368200,18.2183681640625,-1.2687039375305176,-0.5498924255371094,-0.5566123127937317
1772467522049374000,18.2283740234375,-1.0290191173553467,-0.6567649841308594,-0.43671876192092896
1772467522059379700,18.238379638671876,-0.517498254776001,-0.3945131301879883,-0.2023753821849823
1772467522069385500,18.248385498046876,-0.13244056701660156,-0.075347900390625,0.015809569507837296
1772467522079391500,18.2583916015625,-0.10085749626159668,0.13295364379882812,0.08743199706077576
1772467522089397200,18.268397216796874,-0.23985087871551514,0.19232559204101562,0.1333702802658081
1772467522099403000,18.278403076171877,-0.4252265691757202,0.18442440032958984,0.12584468722343445
1772467522109409000,18.288408935546876,-0.6241600513458252,0.009282112121582031,0.10828356444835663
1772467522119297000,18.298297119140624,-0.7744317054748535,-0.21328258514404297,0.11805883049964905
1772467522129194500,18.308194580078126,-0.8002567291259766,-0.4495840072631836,0.11106126010417938
1772467522139105500,18.31810546875,-0.7289794683456421,-0.9005680084228516,0.10001493990421295
1772467522149033000,18.328032958984377,-0.769682765007019,-1.4848127365112305,0.21741676330566406
1772467522158979600,18.3379794921875,-0.8590660095214844,-2.135336399078369,0.3103945553302765
1772467522168947000,18.347947021484377,-0.7768633365631104,-2.6610193252563477,0.26472699642181396
1772467522178935600,18.357935546875,-0.7241929769515991,-2.942739963531494,0.2329452484846115
1772467522188945700,18.367945556640624,-0.7154041528701782,-3.1434788703918457,0.20945900678634644
1772467522198975700,18.377975830078125,-0.5977327823638916,-3.2872653007507324,0.2707284092903137
1772467522209024300,18.388024169921874,-0.5968559980392456,-3.3740124702453613,0.2645013630390167
1772467522219089000,18.3980888671875,-0.6087418794631958,-3.312793254852295,0.2335011214017868
1772467522229166600,18.40816650390625,-0.5917171239852905,-3.2326321601867676,0.16789890825748444
1772467522239253800,18.418253662109375,-0.5184429883956909,-3.085536479949951,0.2011020928621292
1772467522249347000,18.42834716796875,-0.3271878957748413,-2.799989700317383,0.15592679381370544
1772467522259442400,18.4384423828125,-0.06966090202331543,-2.548548698425293,0.16139337420463562
1772467522269502700,18.448502685546874,0.1064612865447998,-2.2022786140441895,0.2706053555011749
1772467522279508700,18.4585087890625,0.2642393112182617,-1.8045692443847656,0.2876857817173004
1772467522289514500,18.468514404296876,0.42760276794433594,-1.3125505447387695,0.4329148232936859
1772467522299520300,18.478520263671875,0.46158576011657715,-0.740513801574707,0.5205850601196289
1772467522309526000,18.488526123046874,0.5342957973480225,-0.20342063903808594,0.5892933011054993
1772467522319528200,18.498528076171876,0.4726928472518921,0.2512664794921875,0.7212871313095093
1772467522339532500,18.518532470703125,0.8007628917694092,0.9717741012573242,0.7262023687362671
1772467522349535700,18.52853564453125,0.9311177730560303,1.2810258865356445,0.6746953725814819
1772467522359539200,18.538539306640626,1.0269989967346191,1.589674949645996,0.4127013087272644
1772467522369543700,18.548543701171877,1.0516324043273926,1.7780399322509766,0.19363215565681458
1772467522379548700,18.558548583984376,1.0626322031021118,1.8368511199951172,0.16603082418441772
1772467522389554700,18.5685546875,0.8809230327606201,2.0487070083618164,0.06653833389282227
1772467522399561200,18.578561279296874,0.6285758018493652,2.408949851989746,-0.1753387451171875
1772467522409568300,18.588568359375,0.3609226942062378,2.7122278213500977,-0.2722982168197632
1772467522419576000,18.598576171875,0.1293952465057373,2.71529483795166,-0.3009940981864929
1772467522429584400,18.60858447265625,0.08632683753967285,2.5288352966308594,-0.3053972125053406
1772467522439593000,18.618593017578124,0.2811746597290039,2.109935760498047,-0.3527972400188446
1772467522449601800,18.628601806640624,0.664623498916626,1.7402544021606445,-0.3770439326763153
1772467522459610600,18.638610595703124,1.1453109979629517,1.5716056823730469,-0.3920995593070984
1772467522469619500,18.648619384765624,1.396082878112793,1.5838518142700195,-0.3444107174873352
1772467522479625500,18.65862548828125,1.3829084634780884,1.9487171173095703,-0.28594979643821716
1772467522489631500,18.668631591796874,1.0900012254714966,2.426926612854004,-0.43079903721809387
1772467522499637200,18.67863720703125,0.5437320470809937,2.8372907638549805,-0.5975214838981628
1772467522509643000,18.68864306640625,-0.004169106483459473,2.8746862411499023,-0.7827722430229187
1772467522519645200,18.698645263671875,-0.3587380647659302,2.516299247741699,-1.066046953201294
1772467522539649800,18.71864990234375,-0.8519563674926758,0.6140928268432617,-1.1334753036499023
1772467522549652700,18.72865283203125,-0.8756012916564941,-0.14953231811523438,-0.9494707584381104
1772467522559656400,18.738656494140624,-0.7313100099563599,-0.6009817123413086,-0.6437633037567139
1772467522569660700,18.74866064453125,-0.495308518409729,-0.7315311431884766,-0.2751981317996979
1772467522579665700,18.758665771484374,-0.18467676639556885,-0.5901670455932617,0.016902532428503036
1772467522589671400,18.76867138671875,-0.06088566780090332,-0.24950599670410156,0.13559652864933014
1772467522599678000,18.778677978515624,-0.10936832427978516,0.022500991821289062,0.2411525398492813
1772467522609685200,18.788685302734375,-0.15908849239349365,0.17374610900878906,0.21465712785720825
1772467522619693000,18.798693115234375,-0.311592698097229,0.16179466247558594,0.07592058181762695
1772467522629701000,18.808701171875,-0.5055708885192871,-0.017503738403320312,-0.061110008507966995
1772467522639709700,18.818709716796874,-0.7473444938659668,-0.3681631088256836,-0.26048052310943604
1772467522649718800,18.82871875,-1.0445587635040283,-0.8222808837890625,-0.3381497859954834
1772467522659727600,18.8387275390625,-1.1604292392730713,-1.4173822402954102,-0.39630943536758423
1772467522669736700,18.84873681640625,-1.0278198719024658,-2.1198363304138184,-0.34988734126091003
1772467522679742500,18.858742431640625,-0.7929246425628662,-2.7435951232910156,-0.19865508377552032
1772467522689748200,18.868748291015624,-0.7310670614242554,-3.1555027961730957,-0.08546564728021622
1772467522699754200,18.878754150390623,-0.6984163522720337,-3.494624137878418,-0.15815120935440063
1772467522709760000,18.888760009765626,-0.6714503765106201,-3.67031192779541,-0.2216566950082779
1772467522719762000,18.898761962890624,-0.7088344097137451,-3.6349306106567383,-0.21409662067890167
1772467522739766500,18.9187666015625,-0.36173152923583984,-3.062920093536377,-0.41769492626190186
1772467522749769700,18.928769775390624,-0.22067320346832275,-2.8528480529785156,-0.37546616792678833
1772467522759773200,18.938773193359374,-0.11007189750671387,-2.5484962463378906,-0.3685276210308075
1772467522769777700,18.948777587890625,0.03789997100830078,-2.2124056816101074,-0.4932088851928711
1772467522779782700,18.95878271484375,0.14654755592346191,-1.925827980041504,-0.429363489151001
1772467522789788400,18.968788330078127,0.12884855270385742,-1.5880870819091797,-0.2871491611003876
1772467522799795000,18.978794921875,0.14146184921264648,-1.2754535675048828,-0.19071413576602936
1772467522809802200,18.98880224609375,0.21300816535949707,-0.9687271118164062,0.01940813660621643
1772467522819809800,18.998809814453125,0.18600785732269287,-0.6631250381469727,0.14480215311050415
1772467522829818000,19.008818115234376,0.1548079252243042,-0.21027660369873047,0.10436435043811798
1772467522839826700,19.01882666015625,0.3052499294281006,0.2700986862182617,-0.007783219218254089
1772467522859844600,19.0388447265625,0.5160940885543823,1.031296730041504,0.2140190303325653
1772467522869853400,19.048853515625,0.3789987564086914,1.3510494232177734,0.042012616991996765
1772467522879859500,19.058859375,0.1815638542175293,1.5656242370605469,0.0239458829164505
1772467522889865200,19.068865234375,0.15190815925598145,1.5800247192382812,0.050771474838256836
1772467522899871000,19.07887109375,0.3288534879684448,1.5378475189208984,0.09440608322620392
1772467522919879000,19.09887890625,0.6553521156311035,1.6845760345458984,-0.019796952605247498
1772467522939883500,19.118883544921875,0.8825451135635376,1.8634061813354492,-0.4785420894622803
1772467522949886500,19.128886474609374,1.0096474885940552,1.8628005981445312,-0.7133355736732483
1772467522959890200,19.13889013671875,1.1582579612731934,1.636117935180664,-1.0663034915924072
1772467522969894700,19.148894775390627,1.180306077003479,1.3558197021484375,-1.181325912475586
1772467522979899600,19.158899658203126,1.0914150476455688,1.5482616424560547,-0.847272515296936
1772467522989905400,19.168905517578125,1.026829719543457,2.036330223083496,-0.4729861319065094
1772467522999912000,19.178911865234376,0.7315304279327393,2.805445671081543,0.21909359097480774
1772467523009919000,19.1889189453125,0.2285001277923584,3.4732065200805664,0.6558955907821655
1772467523019926800,19.1989267578125,-0.06862187385559082,3.8627376556396484,0.5669209361076355
1772467523029935000,19.20893505859375,-0.4001964330673218,3.7494707107543945,-0.0029043853282928467
1772467523039943700,19.218943603515626,-1.0197384357452393,2.9339208602905273,-0.5259952545166016
1772467523049952500,19.228952392578126,-1.6548542976379395,1.7002992630004883,-0.7776186466217041
1772467523059961600,19.238961669921874,-1.9719030857086182,0.8337411880493164,-0.7392227649688721
1772467523069970400,19.248970458984374,-1.6996021270751953,0.051619529724121094,-0.4853319525718689
1772467523079976200,19.25897607421875,-1.3689110279083252,-0.38829708099365234,-0.012403756380081177
1772467523089982200,19.268982177734376,-1.1049492359161377,-0.26677799224853516,0.2783907949924469
1772467523099988000,19.278988037109375,-0.7685036063194275,-0.005528450012207031,0.22262269258499146
1772467523109993700,19.28899365234375,-0.6587525606155396,0.2802400588989258,0.5116573572158813
1772467523119996000,19.298995849609376,-0.7413856983184814,0.5188484191894531,0.6700683832168579
1772467523140000500,19.31900048828125,-0.478033185005188,0.5857229232788086,0.606644332408905
1772467523150003500,19.32900341796875,-0.2973741292953491,0.23654747009277344,0.7058528661727905
1772467523160007200,19.339007080078126,-0.1832040548324585,-0.2989797592163086,0.7226688265800476
1772467523170011400,19.349011474609377,-0.033320069313049316,-0.8536310195922852,0.7515050172805786
1772467523180016400,19.359016357421876,0.07200849056243896,-1.4992551803588867,0.8312459588050842
1772467523190022100,19.369022216796875,0.09061181545257568,-2.154602527618408,0.9091557264328003
1772467523200028700,19.379028564453126,0.050635457038879395,-2.776524543762207,0.9618755578994751
1772467523210036000,19.389035888671874,-0.039458274841308594,-3.2932000160217285,0.9760256409645081
1772467523220043800,19.399043701171873,-0.19634270668029785,-3.58974552154541,0.7747729420661926
1772467523230051800,19.4090517578125,-0.3797415494918823,-3.618356704711914,0.6680498123168945
1772467523240060400,19.419060302734376,-0.3285328149795532,-3.56087589263916,0.46844637393951416
1772467523250069500,19.429069580078124,-0.12024497985839844,-3.4413018226623535,0.19354936480522156
1772467523260078300,19.439078369140624,0.063934326171875,-3.2838149070739746,0.004323519766330719
1772467523270087400,19.44908740234375,0.14856505393981934,-3.217650890350342,-0.09077610820531845
1772467523280093200,19.45909326171875,0.11394858360290527,-3.132575511932373,-0.14069031178951263
1772467523290099000,19.469098876953126,0.006495118141174316,-2.990133762359619,-0.08376073092222214
1772467523300105000,19.47910498046875,-0.07680261135101318,-2.5892372131347656,0.1384291648864746
1772467523310110700,19.48911083984375,0.06835675239562988,-1.9112672805786133,0.18215757608413696
1772467523320113000,19.49911279296875,0.11183822154998779,-1.0476789474487305,0.3885817229747772
1772467523340117200,19.5191171875,0.3393939733505249,0.4517202377319336,0.5977864265441895
1772467523350120400,19.529120361328125,0.41171371936798096,0.9822416305541992,0.653346061706543
1772467523360124000,19.5391240234375,0.5486843585968018,1.2873191833496094,0.7614281177520752
1772467523370128400,19.54912841796875,0.7036148309707642,1.4676027297973633,0.8165032863616943
1772467523380133400,19.55913330078125,0.7823607921600342,1.3989524841308594,0.7366626858711243
1772467523390139100,19.56913916015625,0.9496896266937256,1.1866607666015625,0.659741997718811
1772467523400145700,19.579145751953124,1.1503349542617798,0.8927507400512695,0.5324216485023499
1772467523410153000,19.589153076171876,1.2039403915405273,0.6939210891723633,0.42137783765792847
1772467523420160800,19.599160888671875,0.9804553985595703,0.6045370101928711,0.24044057726860046
1772467523430168800,19.6091689453125,0.5769580602645874,0.7874526977539062,0.008491113781929016
1772467523440177400,19.619177490234375,0.07627129554748535,1.2952003479003906,-0.2106945812702179
1772467523450186200,19.629186279296874,-0.4542427062988281,1.6453742980957031,-0.27754852175712585
1772467523460195300,19.6391953125,-0.6602952480316162,1.8629817962646484,-0.23591148853302002
1772467523470204200,19.6492041015625,-0.2562105655670166,1.967519760131836,-0.05067097395658493
1772467523480210200,19.659210205078125,0.46021854877471924,1.8151893615722656,0.16838443279266357
1772467523490216000,19.6692158203125,1.3858553171157837,1.5390071868896484,0.25953248143196106
1772467523500221700,19.6792216796875,2.2415993213653564,1.2523670196533203,0.17577019333839417
1772467523510227500,19.6892275390625,2.501969814300537,1.2934694290161133,0.2294120192527771
1772467523520233500,19.6992333984375,2.157277822494507,1.7525014877319336,0.2267351746559143
1772467523530239200,19.7092392578125,1.4186457395553589,2.7822799682617188,0.07020797580480576
1772467523540245000,19.719244873046875,0.5727436542510986,4.000391006469727,-0.34991827607154846
1772467523550251000,19.7292509765625,-0.21156013011932373,4.676255226135254,-0.8896233439445496
1772467523560256800,19.7392568359375,-1.036316156387329,4.434198379516602,-1.329448938369751
1772467523580268300,19.759268310546876,-1.8745121955871582,1.3688459396362305,-1.373684287071228
1772467523590274300,19.7692744140625,-1.856823205947876,0.044379234313964844,-1.0213721990585327
1772467523600280000,19.779280029296874,-1.5973891019821167,-0.6498041152954102,-0.6332499980926514
1772467523610285800,19.789285888671873,-1.0220534801483154,-0.7014913558959961,-0.3494834899902344
1772467523620291800,19.799291748046876,-0.49047696590423584,-0.3709878921508789,-0.14324873685836792
1772467523630297600,19.809297607421875,-0.21013033390045166,0.04887104034423828,0.06526154279708862
1772467523640303400,19.819303466796875,-0.11737477779388428,0.3617973327636719,0.07393047213554382
1772467523650309000,19.82930908203125,-0.20344626903533936,0.635136604309082,0.1233179122209549
1772467523660315100,19.839315185546877,-0.12991702556610107,0.8644227981567383,0.0364542230963707
1772467523670321000,19.84932080078125,0.1275043487548828,0.6961593627929688,-0.04422096908092499
1772467523680326700,19.85932666015625,0.10522651672363281,0.22207260131835938,-0.03373337909579277
1772467523690332700,19.869332763671874,-0.0773770809173584,-0.4040565490722656,-0.0819842591881752
1772467523700338400,19.87933837890625,-0.3445165157318115,-1.1625165939331055,0.08754870295524597
1772467523710344200,19.88934423828125,-0.5397891998291016,-1.9141607284545898,0.13965749740600586
1772467523720350000,19.899349853515623,-0.5676251649856567,-2.6351585388183594,0.15436267852783203
1772467523730356000,19.90935595703125,-0.6435598134994507,-3.253899097442627,0.18394222855567932
1772467523740361700,19.91936181640625,-0.5667257308959961,-3.7754383087158203,0.1520759016275406
1772467523750367500,19.929367431640625,-0.33159422874450684,-3.9136781692504883,-0.03836502134799957
1772467523770379300,19.949379150390627,-0.14440953731536865,-3.732015609741211,-0.04577142000198364
1772467523780385000,19.959385009765626,-0.10625708103179932,-3.3459553718566895,-0.07963179051876068
1772467523790390800,19.969390869140625,-0.22989559173583984,-2.9467344284057617,-0.07920338213443756
1772467523800396800,19.979396728515624,-0.29639947414398193,-2.729994773864746,-0.10674042999744415
1772467523810402600,19.989402587890623,-0.31615006923675537,-2.5470876693725586,-0.0668860673904419
1772467523820408300,19.999408203125,-0.23658156394958496,-2.388367176055908,0.037197038531303406
1772467523830414300,20.009414306640625,-0.023581981658935547,-2.158416271209717,0.057954803109169006
1772467523840420000,20.019420166015625,0.3476923704147339,-1.719146728515625,0.01006956398487091
1772467523850425900,20.02942578125,0.5050770044326782,-1.2383918762207031,0.03327028453350067
1772467523860431600,20.039431640625,0.49044740200042725,-0.7732181549072266,0.032970547676086426
1772467523870437600,20.049437744140626,0.4700436592102051,-0.2898702621459961,0.09116639196872711
1772467523880443400,20.059443359375,0.5868545770645142,0.2498950958251953,0.10349158942699432
1772467523890449200,20.06944921875,0.7605170011520386,0.7788534164428711,0.09497909247875214
1772467523900455200,20.079455078125,0.7660225629806519,1.1346912384033203,0.03628426790237427
1772467523910461000,20.0894609375,0.6073920726776123,1.408778190612793,-0.070192351937294
1772467523920466700,20.099466796875,0.5086003541946411,1.4390583038330078,-0.11665596067905426
1772467523930472400,20.109472412109376,0.41179704666137695,1.321730613708496,-0.0036462396383285522
1772467523940478500,20.119478515625,0.43132102489471436,1.2578506469726562,0.04442210495471954
1772467523950484200,20.129484130859375,0.5152484178543091,1.2948989868164062,0.05746786296367645
1772467523960490000,20.139489990234374,0.439505934715271,1.494633674621582,0.08927781879901886
1772467523970496000,20.14949609375,0.29813385009765625,1.8188543319702148,0.0504910945892334
1772467523980501800,20.159501708984376,0.33401548862457275,1.9474115371704102,-0.17399165034294128
1772467523990507500,20.169507568359375,0.5010825395584106,1.851694107055664,-0.3848310708999634
1772467524000513300,20.17951318359375,0.8167908191680908,1.512441635131836,-0.6543263792991638
1772467524010519300,20.189519287109373,1.2410550117492676,1.1587963104248047,-0.9277647137641907
1772467524020525000,20.199525146484376,1.6177384853363037,1.0101032257080078,-1.0154964923858643
1772467524030530800,20.20953076171875,1.6410377025604248,1.2426424026489258,-0.6066564917564392
1772467524040536800,20.219536865234375,1.1218616962432861,2.0139589309692383,0.43316230177879333
1772467524050542600,20.22954248046875,0.5813381671905518,3.160551071166992,0.9799585938453674
1772467524060548400,20.23954833984375,-0.07928943634033203,4.547407150268555,0.9964920282363892
1772467524070554000,20.24955419921875,-0.5526362657546997,5.347312927246094,0.42101597785949707
1772467524080560000,20.25956005859375,-0.8613040447235107,5.002499580383301,-0.5437684059143066
1772467524090566000,20.26956591796875,-1.3120465278625488,3.5254602432250977,-0.9555210471153259
1772467524100571600,20.279571533203125,-1.8098087310791016,1.6795892715454102,-0.6910864114761353
1772467524110577700,20.28957763671875,-1.8958379030227661,0.2596416473388672,-0.34366363286972046
1772467524120583400,20.29958349609375,-1.767820119857788,-0.4868936538696289,-0.2784300446510315
1772467524130589200,20.309589111328126,-1.4499106407165527,-0.7480392456054688,-0.29334187507629395
1772467524140595000,20.319594970703125,-0.9501394033432007,-0.5731782913208008,-0.16307814419269562
1772467524150601000,20.32960107421875,-0.5722265243530273,-0.29344654083251953,-0.14472311735153198
1772467524160606700,20.339606689453124,-0.49107182025909424,-0.22463417053222656,-0.09265598654747009
1772467524170612500,20.349612548828127,-0.6302058696746826,-0.2752723693847656,0.11050072312355042
1772467524180618500,20.359618408203126,-0.7226215600967407,-0.26808834075927734,0.2038448005914688
1772467524190624300,20.369624267578125,-0.5814287662506104,-0.2845649719238281,0.19287517666816711
1772467524200630000,20.379630126953124,-0.3384537696838379,-0.43980979919433594,0.19599822163581848
1772467524210635800,20.3896357421875,-0.4414921998977661,-0.7672214508056641,0.24546130001544952
1772467524220641800,20.399641845703126,-0.6468174457550049,-1.3378849029541016,0.29172974824905396
1772467524230647600,20.4096474609375,-0.8162341117858887,-1.9982490539550781,0.42406293749809265
1772467524240653300,20.4196533203125,-0.916244626045227,-2.62869930267334,0.6426764726638794
1772467524250659300,20.429659423828124,-0.8415782451629639,-3.1051764488220215,0.7187775373458862
1772467524260665000,20.4396650390625,-0.7592347860336304,-3.3374571800231934,0.7567408084869385
1772467524270670800,20.4496708984375,-0.6835826635360718,-3.4646506309509277,0.7950599193572998
1772467524280676600,20.459676513671877,-0.6051172018051147,-3.458334445953369,0.6569812297821045
1772467524290682600,20.4696826171875,-0.40478014945983887,-3.4191479682922363,0.3690415322780609
1772467524300688400,20.4796884765625,-0.13964533805847168,-3.380770206451416,0.35529011487960815
1772467524310694100,20.489694091796874,-0.04878675937652588,-3.328843593597412,0.23308761417865753
1772467524320700200,20.4997001953125,0.02970290184020996,-3.1725144386291504,0.13014733791351318
1772467524330706000,20.509705810546876,0.14672386646270752,-2.797086715698242,0.12264707684516907
1772467524340711700,20.519711669921875,0.2682152986526489,-2.1934285163879395,0.14892145991325378
1772467524350717700,20.5297177734375,0.4228343963623047,-1.5053434371948242,0.16737361252307892
1772467524360723500,20.539723388671874,0.5534026622772217,-0.7378101348876953,0.1888621300458908
1772467524370729200,20.549729248046877,0.5252043008804321,0.05185985565185547,0.24224774539470673
1772467524380735000,20.55973486328125,0.45634031295776367,0.6155519485473633,0.19396063685417175
1772467524390741000,20.569740966796875,0.4889993667602539,0.8871526718139648,0.19671271741390228
1772467524400746800,20.579746826171874,0.6751401424407959,0.8578729629516602,0.2597464323043823
1772467524410752500,20.58975244140625,0.9005182981491089,0.8005533218383789,0.3297383785247803
1772467524420758500,20.599758544921876,1.0083820819854736,0.8441066741943359,0.40829411149024963
1772467524430764300,20.609764404296875,0.9375895261764526,0.9595355987548828,0.4584437608718872
1772467524440770000,20.61977001953125,0.8265138864517212,1.0847015380859375,0.3956773281097412
1772467524450775800,20.62977587890625,0.7895126342773438,1.1623353958129883,0.23059727251529694
1772467524460781800,20.63978173828125,0.7742679119110107,1.4313125610351562,0.12664586305618286
1772467524470787600,20.64978759765625,0.6524801254272461,1.6952104568481445,-0.139896422624588
1772467524480793300,20.65979345703125,0.3379415273666382,1.9780139923095703,-0.2624604403972626
1772467524490799400,20.66979931640625,0.024811744689941406,2.208414077758789,-0.34170639514923096
1772467524500805000,20.67980517578125,-0.04386544227600098,2.28627872467041,-0.47613266110420227
1772467524510811000,20.689810791015624,0.017900705337524414,2.0445775985717773,-0.5190149545669556
1772467524520816600,20.699816650390623,0.22152793407440186,1.7272930145263672,-0.6009839773178101
1772467524530822700,20.70982275390625,0.5990135669708252,1.3721113204956055,-0.7140493988990784
1772467524540828400,20.719828369140625,0.8945351839065552,1.3369102478027344,-0.5038051605224609
1772467524550834200,20.729834228515625,0.9885938167572021,1.5971183776855469,-0.20236772298812866
1772467524560840200,20.739840087890624,0.7311257123947144,2.3770103454589844,-0.0512220561504364
1772467524570846000,20.749845947265626,0.10532736778259277,3.3989057540893555,-0.21618187427520752
1772467524580851700,20.759851806640626,-0.6318600177764893,4.032031059265137,-0.39699891209602356
1772467524590857500,20.769857421875,-1.112086534500122,4.04313850402832,-0.8126568794250488
1772467524600863500,20.779863525390624,-1.3621442317962646,3.242121696472168,-1.1895692348480225
1772467524610869200,20.789869140625,-1.3369007110595703,1.768890380859375,-1.134768009185791
1772467524620875000,20.799875,-1.1363784074783325,0.30319786071777344,-0.7590168714523315
1772467524630881000,20.809881103515625,-0.9150149822235107,-0.6053705215454102,-0.3998272120952606
1772467524640886800,20.81988671875,-0.7902637720108032,-0.8095188140869141,-0.11182844638824463
1772467524650892500,20.829892578125,-0.5425084829330444,-0.626072883605957,0.04629389941692352
1772467524660898600,20.839898681640626,-0.1594606637954712,-0.319183349609375,0.1592080444097519
1772467524680910300,20.859910400390625,0.15674662590026855,0.04642963409423828,0.33424222469329834
1772467524690916000,20.869916015625,-0.0006965398788452148,-0.10905075073242188,0.2648685574531555
1772467524700922000,20.879922119140623,-0.3674403429031372,-0.3452434539794922,0.0005951821804046631
1772467524710928000,20.889927978515626,-0.7654377222061157,-0.651759147644043,-0.22757655382156372
1772467524720934000,20.899933837890625,-0.9871115684509277,-1.0137090682983398,-0.26972949504852295
1772467524730939600,20.909939697265624,-1.0865213871002197,-1.311406135559082,-0.2659838795661926
1772467524740945700,20.919945556640624,-1.102123737335205,-1.7122297286987305,-0.28409820795059204
1772467524750951400,20.929951416015626,-0.8703829050064087,-2.2257370948791504,-0.20539164543151855
1772467524760957200,20.939957275390626,-0.5856010913848877,-2.6752824783325195,-0.14447414875030518
1772467524770963200,20.949963134765625,-0.3650883436203003,-2.989774703979492,-0.14916691184043884
1772467524780969000,20.959968994140624,-0.26933813095092773,-3.2891745567321777,-0.0842280387878418
1772467524790975000,20.96997509765625,-0.2606714963912964,-3.5590381622314453,-0.059921860694885254
1772467524800980700,20.979980712890626,-0.21530747413635254,-3.708550453186035,-0.056844353675842285
1772467524810986800,20.98998681640625,-0.1996476650238037,-3.7953996658325195,-0.07422825694084167
1772467524820992500,20.999992431640624,-0.2268003225326538,-3.6671056747436523,-0.1166461706161499
1772467524830998500,21.00999853515625,-0.2199479341506958,-3.4245505332946777,-0.16917958855628967
1772467524841004300,21.02000439453125,-0.12640607357025146,-3.1444897651672363,-0.265124648809433
1772467524851010300,21.03001025390625,0.1069495677947998,-2.7698450088500977,-0.14098119735717773
1772467524861016000,21.04001611328125,0.462083101272583,-2.4683141708374023,-0.04035782814025879
1772467524871022000,21.05002197265625,0.7488386631011963,-2.07279634475708,0.003861665725708008
1772467524881027800,21.06002783203125,0.8433544635772705,-1.669529914855957,0.02139897644519806
1772467524891033900,21.070033935546874,0.745103120803833,-1.0959300994873047,0.11790640652179718
1772467524901039600,21.08003955078125,0.5334353446960449,-0.4522409439086914,0.04995085299015045
1772467524911045600,21.090045654296876,0.38278818130493164,0.3191804885864258,-0.04516229033470154
1772467524921051400,21.100051513671875,0.263519287109375,0.9506978988647461,-0.11062142252922058
1772467524931057400,21.110057373046875,0.366790771484375,1.4999361038208008,-0.10377204418182373
1772467524941063200,21.120063232421874,0.5077211856842041,1.7947368621826172,-0.07277971506118774
1772467524961075000,21.140074951171876,0.720606803894043,1.7504186630249023,-0.005562633275985718
1772467524971081000,21.1500810546875,0.565436840057373,1.8799047470092773,-0.08641287684440613
1772467524981086700,21.160086669921874,0.6105773448944092,2.0845260620117188,-0.3275899887084961
1772467524991092500,21.170092529296873,0.7286005020141602,2.1487321853637695,-0.2507299482822418
1772467525001098200,21.18009814453125,0.7280216217041016,2.244919776916504,-0.0373755544424057
1772467525011104300,21.190104248046875,0.5504252910614014,2.449735641479492,-0.23338346183300018
1772467525021110000,21.200110107421875,0.1905522346496582,2.400113105773926,-0.4467986226081848
1772467525031115800,21.21011572265625,0.06310546398162842,2.0492210388183594,-0.5445523262023926
1772467525041121800,21.220121826171876,0.28222334384918213,1.7656011581420898,-0.728512167930603
1772467525051127600,21.23012744140625,0.6379899978637695,1.730433464050293,-0.6587182879447937
1772467525061133300,21.24013330078125,0.6646560430526733,1.9865961074829102,-0.343157023191452
1772467525071139000,21.25013916015625,0.3198692798614502,2.7445850372314453,0.41950714588165283
1772467525081145000,21.26014501953125,-0.23918354511260986,3.6365394592285156,0.981265127658844
1772467525101156600,21.280156494140623,-0.6878515481948853,4.364957809448242,0.3814689815044403
1772467525111162600,21.29016259765625,-0.789705753326416,3.538022994995117,-0.10362691432237625
1772467525121168400,21.30016845703125,-0.8810179829597473,2.1255130767822266,-0.31203293800354004
1772467525131174100,21.310174072265625,-1.1879634857177734,0.788299560546875,-0.24816204607486725
1772467525141180000,21.320179931640624,-1.4196124076843262,0.105224609375,-0.1224680095911026
1772467525151186000,21.33018603515625,-1.1732470989227295,0.10870933532714844,-0.020109213888645172
1772467525161191700,21.340191650390626,-0.5433770418167114,0.4814424514770508,0.32822608947753906
1772467525171197400,21.350197509765625,-0.0707932710647583,0.8156929016113281,0.4956478476524353
1772467525181203500,21.360203369140624,0.04567980766296387,0.7760152816772461,0.3454606533050537
1772467525191209200,21.370209228515623,-0.23445534706115723,0.41075897216796875,0.28001102805137634
1772467525201215000,21.380215087890626,-0.49602997303009033,-0.18828487396240234,0.16337841749191284
1772467525211220700,21.390220703125,-0.46684741973876953,-0.8533935546875,0.19475722312927246
1772467525221226800,21.400226806640624,-0.3895505666732788,-1.4414701461791992,0.30238083004951477
1772467525231232500,21.410232421875,-0.4015098810195923,-1.862222671508789,0.32918649911880493
1772467525241238300,21.42023828125,-0.41672956943511963,-2.2115797996520996,0.32191285490989685
1772467525251244300,21.430244384765626,-0.3397941589355469,-2.6616573333740234,0.24594098329544067
1772467525261250000,21.44025,-0.295343279838562,-3.0688576698303223,0.4015794098377228
1772467525271255800,21.450255859375,-0.35142409801483154,-3.3899874687194824,0.5805137157440186
1772467525281261600,21.460261474609375,-0.32317471504211426,-3.667874336242676,0.5019868016242981
1772467525291267600,21.470267578125,-0.29282069206237793,-3.7925825119018555,0.4104727506637573
1772467525301273300,21.4802734375,-0.31568658351898193,-3.7161645889282227,0.3545982539653778
1772467525311279000,21.490279052734376,-0.18295550346374512,-3.5391626358032227,0.18010789155960083
1772467525321285000,21.50028515625,-0.029381394386291504,-3.2474045753479004,0.053589776158332825
1772467525331291000,21.510290771484375,0.12132883071899414,-2.9845223426818848,0.009077027440071106
1772467525341296600,21.520296630859374,0.2461308240890503,-2.721949577331543,-0.02040138840675354
1772467525351302400,21.530302490234376,0.3105276823043823,-2.4881467819213867,-0.0589844286441803
1772467525361308400,21.540308349609376,0.222855806350708,-2.2303242683410645,0.03115449845790863
1772467525371314200,21.550314208984375,0.11546969413757324,-1.9911999702453613,0.08802549540996552
1772467525381320000,21.56031982421875,0.09778487682342529,-1.6607837677001953,0.09720638394355774
1772467525391326000,21.570325927734373,0.15141141414642334,-1.3158855438232422,0.15504595637321472
1772467525401331700,21.580331787109376,0.3349107503890991,-0.8899192810058594,0.27103960514068604
1772467525411337500,21.59033740234375,0.5021518468856812,-0.4694843292236328,0.22497814893722534
1772467525421343200,21.60034326171875,0.5258806943893433,-0.05966663360595703,0.2122756540775299
1772467525431349200,21.610349365234374,0.47292327880859375,0.2822999954223633,0.17936472594738007
1772467525441355000,21.62035498046875,0.5061571598052979,0.46575069427490234,0.15841074287891388
1772467525451360800,21.63036083984375,0.7227491140365601,0.6817607879638672,0.20614473521709442
1772467525461366800,21.64036669921875,0.953515887260437,1.0060539245605469,0.2471267431974411
1772467525471372500,21.65037255859375,1.033016324043274,1.4427757263183594,0.14302140474319458
1772467525481378300,21.66037841796875,1.0142499208450317,1.8149147033691406,0.009400337934494019
1772467525491384000,21.670384033203124,0.9192416667938232,1.932002067565918,-0.015160486102104187
1772467525501390000,21.68039013671875,0.8222215175628662,2.0387630462646484,0.06487113237380981
1772467525511395800,21.690395751953126,0.6351596117019653,2.293271064758301,0.11651007831096649
1772467525521401600,21.700401611328125,0.32764697074890137,2.576120376586914,0.18261973559856415
1772467525531407600,21.71040771484375,-0.1313992738723755,2.820894241333008,0.3259838819503784
1772467525541413400,21.720413330078124,-0.3038618564605713,2.9515771865844727,0.30834925174713135
1772467525551419100,21.730419189453126,-0.06532728672027588,2.9156932830810547,0.38098251819610596
1772467525561425000,21.7404248046875,0.6062896251678467,2.5361595153808594,0.3945311903953552
1772467525571431000,21.750430908203125,1.668702244758606,2.075301170349121,0.3631792366504669
1772467525581436700,21.760436767578124,2.35309100151062,1.9095945358276367,0.5912822484970093
1772467525591442400,21.7704423828125,2.306460380554199,2.1292152404785156,0.703709602355957
1772467525611454200,21.7904541015625,0.5073997974395752,3.8152875900268555,-0.09882126748561859
1772467525621460000,21.8004599609375,-0.3887321949005127,4.474644660949707,-0.7099175453186035
1772467525631465700,21.8104658203125,-1.131821870803833,4.484040260314941,-1.2053028345108032
1772467525641471700,21.8204716796875,-1.5827765464782715,3.3671913146972656,-1.6073988676071167
1772467525651477500,21.8304775390625,-1.597232699394226,1.5038318634033203,-1.681322693824768
1772467525661483300,21.840483154296876,-1.3415112495422363,-0.40719127655029297,-1.371726632118225
1772467525671489300,21.8504892578125,-1.0256290435791016,-1.9073591232299805,-0.9802495241165161
1772467525681495000,21.8604951171875,-0.8124153017997742,-2.5868239402770996,-0.5434414148330688
1772467525691500800,21.870500732421874,-0.6009291410446167,-2.3521103858947754,-0.19770757853984833
1772467525701506600,21.880506591796873,-0.39351141452789307,-1.5306339263916016,0.18026694655418396
1772467525711512600,21.8905126953125,-0.0828251838684082,-0.6495857238769531,0.4282483160495758
1772467525721518300,21.900518310546875,-0.015811800956726074,-0.13454246520996094,0.491912305355072
1772467525731524000,21.910524169921874,-0.09062588214874268,0.11078834533691406,0.36708536744117737
1772467525741530000,21.920530029296874,-0.3373352289199829,0.07782554626464844,0.19112533330917358
1772467525751535900,21.930535888671876,-0.653771162033081,-0.17009830474853516,0.03848875313997269
1772467525761541600,21.940541748046876,-0.9677152633666992,-0.6461114883422852,-0.1508682668209076
1772467525771547400,21.95054736328125,-1.2407562732696533,-1.2677946090698242,-0.18328022956848145
1772467525781553400,21.960553466796874,-1.2709474563598633,-1.9770231246948242,-0.08411692082881927
1772467525791559200,21.97055908203125,-0.9672189950942993,-2.7594127655029297,-0.0638798251748085
1772467525801565000,21.98056494140625,-0.4750344753265381,-3.433779239654541,0.011875621974468231
1772467525811571000,21.990571044921875,-0.22712409496307373,-3.943408966064453,0.134337916970253
1772467525821576700,22.00057666015625,-0.16545546054840088,-4.197938442230225,0.10923926532268524
1772467525831582500,22.01058251953125,-0.22218334674835205,-4.250603199005127,-0.09208071231842041
1772467525841588200,22.020588134765624,-0.25928831100463867,-4.1017537117004395,-0.23998898267745972
1772467525851594200,22.03059423828125,-0.012978315353393555,-3.8332462310791016,-0.31633204221725464
1772467525861600000,22.04060009765625,0.33794713020324707,-3.4936795234680176,-0.2539769411087036
1772467525871605800,22.050605712890626,0.3980344533920288,-3.112090587615967,-0.1713726818561554
1772467525881611800,22.06061181640625,0.3449212312698364,-2.674295425415039,-0.21143671870231628
1772467525891617500,22.070617431640624,0.29310643672943115,-2.1564927101135254,-0.23528124392032623
1772467525901623300,22.080623291015623,0.26119518280029297,-1.6161069869995117,-0.19891366362571716
1772467525911629000,22.090629150390626,0.24386096000671387,-1.210719108581543,-0.15464577078819275
1772467525921635000,22.100635009765625,0.23079895973205566,-0.7201423645019531,-0.017114803194999695
1772467525931640800,22.110640869140624,0.3894535303115845,-0.2067251205444336,-0.03515473008155823
1772467525941646600,22.120646484375,0.6846717596054077,0.23805809020996094,-0.027290478348731995
1772467525951652600,22.130652587890626,0.7942345142364502,0.561244010925293,-0.08509416878223419
1772467525961658400,22.140658447265626,0.7436431646347046,0.7915334701538086,-0.16561391949653625
1772467525971664100,22.1506640625,0.49189746379852295,1.034820556640625,-0.31281131505966187
1772467525981670100,22.160670166015624,0.2933003902435303,1.4303255081176758,-0.36216306686401367
1772467525991676000,22.170676025390627,0.2611323595046997,1.7868413925170898,-0.3328121304512024
1772467526001681700,22.180681640625,0.29074203968048096,1.9848909378051758,-0.3008986711502075
1772467526011687400,22.1906875,0.3367725610733032,2.1199188232421875,-0.279379665851593
1772467526021693400,22.200693359375,0.2584495544433594,2.2059078216552734,-0.20562973618507385
1772467526031699200,22.21069921875,0.07416772842407227,2.1572275161743164,-0.026612073183059692
1772467526041705000,22.220705078125,-0.09971189498901367,2.2280139923095703,0.003805786371231079
1772467526051711000,22.2307109375,-0.08079683780670166,2.3900365829467773,-0.2012210488319397
1772467526061716700,22.240716796875,0.09720242023468018,2.4661951065063477,-0.500653862953186
1772467526071722500,22.250722412109376,0.31230902671813965,2.3558387756347656,-0.8427501916885376
1772467526081728300,22.260728271484375,0.543830156326294,2.139911651611328,-1.0429537296295166
1772467526091734300,22.270734375,0.849553108215332,1.7755422592163086,-1.1367461681365967
1772467526101740000,22.280739990234373,0.9836853742599487,1.9418210983276367,-0.8989882469177246
1772467526111746000,22.29074609375,0.882527232170105,2.4421253204345703,-0.3993258476257324
1772467526121751800,22.300751708984375,0.5497564077377319,3.166278839111328,0.37649714946746826
1772467526131757800,22.3107578125,0.2896616458892822,3.8888349533081055,0.9573394060134888
1772467526141763600,22.320763671875,0.04984080791473389,4.1932373046875,0.6583231091499329
1772467526151769600,22.33076953125,-0.20419418811798096,3.726210594177246,-0.011685431003570557
1772467526161775400,22.340775390625,-0.7615431547164917,2.580801010131836,-0.33368563652038574
1772467526171781400,22.350781494140627,-1.4664589166641235,1.0992240905761719,-0.2126341462135315
1772467526181787100,22.360787109375,-1.7716680765151978,0.052703857421875,-0.027630463242530823
1772467526191793200,22.370793212890625,-1.6571550369262695,-0.4255075454711914,0.20034797489643097
1772467526201799000,22.380798828125,-1.0992377996444702,-0.49933338165283203,0.5359466075897217
1772467526211805000,22.390804931640623,-0.41605937480926514,-0.33745479583740234,0.8927364945411682
1772467526221810700,22.400810791015626,0.10011625289916992,-0.1131887435913086,0.9400239586830139
1772467526231816700,22.410816650390625,0.13408267498016357,0.07691192626953125,1.0918267965316772
1772467526251828500,22.430828369140624,0.048807740211486816,0.27268028259277344,0.637116014957428
1772467526261834200,22.440834228515627,-0.14935219287872314,0.04426383972167969,0.5442541837692261
1772467526271840300,22.45084033203125,-0.24196064472198486,-0.4758129119873047,0.427629292011261
1772467526281846000,22.460845947265625,-0.3099464178085327,-1.105433464050293,0.37971198558807373
1772467526291852000,22.47085205078125,-0.39177072048187256,-1.887293815612793,0.3693358898162842
1772467526301857800,22.48085791015625,-0.5116606950759888,-2.663327217102051,0.36190909147262573
1772467526311863800,22.49086376953125,-0.603785514831543,-3.337806224822998,0.2992474436759949
1772467526321869600,22.50086962890625,-0.7026077508926392,-3.8200578689575195,0.3384443521499634
1772467526331875600,22.51087548828125,-0.5362918376922607,-4.206021785736084,0.20159293711185455
1772467526341881300,22.52088134765625,-0.39613866806030273,-4.4101176261901855,0.18440185487270355
1772467526351887400,22.530887451171875,-0.2616095542907715,-4.466472148895264,0.22972369194030762
1772467526361893000,22.54089306640625,-0.16016638278961182,-4.394735813140869,0.18971356749534607
1772467526371899100,22.550899169921873,-0.1346961259841919,-4.1855788230896,0.3051234781742096
1772467526381905000,22.56090478515625,-0.07225728034973145,-3.838926315307617,0.328061580657959
1772467526391911000,22.570910888671875,-0.007845044136047363,-3.440769672393799,0.3270125389099121
1772467526401916700,22.580916748046874,0.07520079612731934,-3.019439220428467,0.33655256032943726
1772467526411922700,22.590922607421874,0.06884241104125977,-2.4312310218811035,0.30920493602752686
1772467526421928400,22.600928466796876,-0.0024251937866210938,-1.8335542678833008,0.17262402176856995
1772467526431934200,22.610934326171876,0.04062521457672119,-1.2786855697631836,0.24662339687347412
1772467526441940000,22.62093994140625,0.2545236349105835,-0.8859167098999023,0.3019242584705353
1772467526451946000,22.630946044921874,0.48853015899658203,-0.5549640655517578,0.334108829498291
1772467526461951700,22.64095166015625,0.5989717245101929,-0.32933807373046875,0.3630656599998474
1772467526471957500,22.65095751953125,0.7280313968658447,-0.17586421966552734,0.2642543911933899
1772467526481963500,22.660963623046875,0.7417335510253906,0.13012981414794922,0.2993188798427582
1772467526491969300,22.67096923828125,0.6865990161895752,0.5072917938232422,0.271673321723938
1772467526501975000,22.68097509765625,0.5910422801971436,1.060572624206543,0.12328353524208069
1772467526511980800,22.690980712890624,0.6710846424102783,1.5553359985351562,0.0025306642055511475
1772467526521986800,22.70098681640625,0.8895488977432251,1.8482036590576172,0.06649917364120483
1772467526531992600,22.71099267578125,0.9669448137283325,2.273622512817383,0.22440145909786224
1772467526541998300,22.720998291015626,0.7788382768630981,2.6594276428222656,0.09028953313827515
1772467526552004400,22.73100439453125,0.4896441698074341,2.9441184997558594,0.24082842469215393
1772467526562010000,22.741010009765624,0.18647503852844238,3.3053340911865234,0.28140145540237427
1772467526572015900,22.751015869140623,-0.03301644325256348,3.5427112579345703,0.3656381368637085
1772467526582021600,22.761021728515626,0.11726927757263184,3.60886287689209,0.2540808916091919
1772467526592027600,22.771027587890625,0.6208183765411377,3.379486083984375,0.0842881128191948
1772467526602033400,22.781033447265624,1.3825352191925049,2.9355459213256836,0.1564062088727951
1772467526612039200,22.7910390625,1.9099586009979248,2.534693717956543,0.2609967589378357
1772467526622045200,22.801045166015626,1.9997899532318115,2.4106101989746094,0.37678712606430054
1772467526632051000,22.811051025390626,1.6697889566421509,2.582113265991211,0.4581885039806366
1772467526642056700,22.821056640625,1.2238839864730835,3.0919313430786133,0.26831310987472534
1772467526652062500,22.8310625,0.5034279823303223,3.6050872802734375,-0.12098033726215363
1772467526662068500,22.841068359375,-0.30446183681488037,3.567440986633301,-0.8228849172592163
1772467526672074200,22.85107421875,-1.0428869724273682,2.803731918334961,-1.3451236486434937
1772467526682080000,22.861080078125,-1.4935156106948853,1.511754035949707,-1.4862926006317139
1772467526692086000,22.8710859375,-1.600923776626587,0.24706077575683594,-1.3738032579421997
1772467526702091800,22.881091796875,-1.5336121320724487,-0.5890579223632812,-0.7043086290359497
1772467526712097500,22.89109765625,-1.0656628608703613,-0.8355188369750977,-0.45977139472961426
1772467526722103300,22.901103271484374,-0.5088363885879517,-0.46585559844970703,-0.1393636167049408
1772467526732109300,22.911109375,0.006020784378051758,0.09279823303222656,0.27039480209350586
1772467526742115000,22.921114990234376,0.11599326133728027,0.4721822738647461,0.16227123141288757
1772467526752120800,22.931120849609375,-0.12341558933258057,0.7257547378540039,-0.1645479053258896
1772467526762126800,22.941126953125,-0.4855835437774658,0.6729183197021484,-0.2704625725746155
1772467526782138400,22.961138427734376,-0.9193129539489746,0.2685117721557617,-0.2301255613565445
1772467526792144100,22.97114404296875,-1.0180963277816772,-0.05358123779296875,-0.6108661890029907
1772467526802150100,22.981150146484374,-1.1748830080032349,-0.6653203964233398,-0.46694430708885193
1772467526812156000,22.991156005859374,-1.1519609689712524,-1.4702587127685547,-0.14107243716716766
1772467526822161700,23.00116162109375,-0.9534130692481995,-2.2674851417541504,0.1487247198820114
1772467526832167700,23.011167724609376,-0.740617573261261,-2.9951486587524414,0.2989804744720459
1772467526842173400,23.02117333984375,-0.5499374866485596,-3.605947494506836,0.26697680354118347
1772467526852179200,23.03117919921875,-0.2501640319824219,-4.033642768859863,0.23867428302764893
1772467526862185000,23.04118505859375,0.0033981800079345703,-4.20746374130249,0.18011438846588135
1772467526872191000,23.05119091796875,0.045546650886535645,-4.214330196380615,-0.01873801276087761
1772467526882196700,23.06119677734375,0.03484010696411133,-4.1025004386901855,-0.29226788878440857
1772467526892202500,23.071202392578126,0.036519527435302734,-3.9054222106933594,-0.3170921206474304
1772467526902208500,23.08120849609375,-0.004264712333679199,-3.7232370376586914,-0.22755567729473114
1772467526912214300,23.09121435546875,0.04072582721710205,-3.3408284187316895,-0.262492299079895
1772467526922220000,23.101219970703124,0.008993387222290039,-2.796926498413086,-0.38310110569000244
1772467526932225800,23.111225830078126,0.03813505172729492,-2.287580966949463,-0.37928950786590576
1772467526942231800,23.121231689453126,0.025517582893371582,-1.7789087295532227,-0.3142508268356323
1772467526952237600,23.131237548828125,0.0037192106246948242,-1.2468633651733398,-0.308361679315567
1772467526962243300,23.141243408203124,-0.035840630531311035,-0.5817975997924805,-0.29447418451309204
1772467526972249300,23.151249267578127,-0.014889717102050781,-0.07092475891113281,-0.22439704835414886
1772467526982255000,23.161255126953126,0.07222414016723633,0.4674644470214844,-0.1701245754957199
1772467526992260900,23.1712607421875,0.09259343147277832,1.0331134796142578,-0.1944335401058197
1772467527002266600,23.1812666015625,0.061521291732788086,1.3965215682983398,-0.2120566964149475
1772467527012272600,23.191272705078124,0.16646242141723633,1.57708740234375,-0.16189438104629517
1772467527022278400,23.2012783203125,0.2895185947418213,1.7038936614990234,-0.1106385886669159
1772467527032284200,23.2112841796875,0.3074302673339844,1.7339000701904297,-0.07243488729000092
1772467527042290200,23.221290283203125,0.2711092233657837,1.8253259658813477,-0.07566731423139572
1772467527052296000,23.2312958984375,0.2860722541809082,1.992300033569336,-0.15379303693771362
1772467527062301700,23.2413017578125,0.06937241554260254,2.19185733795166,-0.15758496522903442
1772467527072307500,23.251307373046874,-0.17457246780395508,2.438549041748047,-0.2819809317588806
1772467527082313500,23.2613134765625,-0.20735907554626465,2.7275819778442383,-0.3637586832046509
1772467527092319200,23.2713193359375,-0.04302489757537842,2.776895523071289,-0.2836126685142517
1772467527102325000,23.281324951171875,0.4109363555908203,2.462505340576172,-0.31996533274650574
1772467527112331000,23.2913310546875,0.7493430376052856,1.8376121520996094,-0.45008009672164917
1772467527122336800,23.301336669921874,0.899924635887146,1.2948684692382812,-0.37388983368873596
1772467527132342500,23.311342529296876,1.0286096334457397,1.2643022537231445,-0.22465458512306213
1772467527142348300,23.321348388671876,1.068038821220398,1.7256402969360352,0.11415868997573853
1772467527152354300,23.331354248046875,1.0994960069656372,2.491363525390625,0.23488649725914001
1772467527162360000,23.341360107421874,0.9573918581008911,3.0923032760620117,0.532067060470581
1772467527172365800,23.35136572265625,0.7252838611602783,3.5857696533203125,0.8234726786613464
1772467527182371800,23.361371826171876,0.5540003776550293,3.517855644226074,0.5029937624931335
1772467527192377600,23.371377685546875,0.1913163661956787,2.8565187454223633,0.12249860167503357
1772467527202383400,23.38138330078125,-0.22186589241027832,1.6468677520751953,-0.13972674310207367
1772467527212389000,23.39138916015625,-0.6039167642593384,0.4451446533203125,-0.267875075340271
1772467527222395100,23.40139501953125,-0.884090006351471,-0.24631881713867188,-0.22064349055290222
1772467527232401000,23.41140087890625,-0.8894742727279663,-0.36632633209228516,-0.08354128897190094
1772467527242406700,23.42140673828125,-0.7929145693778992,-0.15526866912841797,0.20301984250545502
1772467527252412700,23.43141259765625,-0.800493061542511,-0.3353300094604492,0.16915391385555267
1772467527262418400,23.44141845703125,-1.0015954971313477,-0.1605987548828125,0.2066025286912918
1772467527272424200,23.451424072265624,-0.9578967094421387,-0.2193279266357422,0.10111653804779053
1772467527282430000,23.461429931640627,-1.0422407388687134,-0.2960357666015625,0.15333187580108643
1772467527292436000,23.47143603515625,-0.8436396718025208,-0.2568807601928711,-0.1075802892446518
1772467527302441700,23.481441650390625,-0.8104965686798096,-0.29809093475341797,-0.2004401534795761
1772467527312447500,23.491447509765624,-0.8460497856140137,-0.6344518661499023,-0.2762175500392914
1772467527322453500,23.50145361328125,-0.8827397227287292,-1.260472297668457,-0.4133678674697876
1772467527332459300,23.511459228515626,-0.9689408540725708,-1.9699325561523438,-0.5792579650878906
1772467527342465300,23.52146533203125,-0.8939980268478394,-2.810379981994629,-0.3262788951396942
1772467527352471000,23.531470947265625,-0.41187816858291626,-3.3519463539123535,-0.10229284316301346
1772467527362477000,23.54147705078125,-0.15085434913635254,-3.7438735961914062,0.13328923285007477
1772467527372482800,23.55148291015625,-0.10992550849914551,-3.895854949951172,0.29144203662872314
1772467527382488800,23.56148876953125,0.02202320098876953,-3.970918655395508,0.18289589881896973
1772467527392494600,23.57149462890625,0.04001641273498535,-3.7687511444091797,0.319383442401886
1772467527402500600,23.58150048828125,0.18731236457824707,-3.43803071975708,0.242141455411911
1772467527412506400,23.59150634765625,0.4031248092651367,-3.098757266998291,0.22397324442863464
1772467527422512400,23.601512451171875,0.5978425741195679,-2.7989635467529297,0.3513738512992859
1772467527432518100,23.61151806640625,0.7239471673965454,-2.629368782043457,0.3755997121334076
1772467527442524200,23.621524169921877,0.7139188051223755,-2.4128098487854004,0.4547063112258911
1772467527452530000,23.631530029296876,0.6338399648666382,-2.2543091773986816,0.5122937560081482
1772467527462536000,23.641535888671875,0.5448455810546875,-1.9051504135131836,0.596182107925415
1772467527472541700,23.651541748046874,0.4603605270385742,-1.4611635208129883,0.5479081869125366
1772467527482547700,23.661547607421873,0.4425544738769531,-0.975128173828125,0.47220930457115173
1772467527492553500,23.671553466796876,0.47367894649505615,-0.5954961776733398,0.4396609365940094
1772467527502559500,23.6815595703125,0.3295273780822754,-0.23611164093017578,0.5022610425949097
1772467527512565200,23.691565185546875,0.2829018831253052,0.050495147705078125,0.43382397294044495
1772467527522571300,23.7015712890625,0.43031740188598633,0.1782703399658203,0.47317206859588623
1772467527532577000,23.711576904296876,0.6159181594848633,0.2474508285522461,0.5679569244384766
1772467527542583000,23.7215830078125,0.610131025314331,0.3871593475341797,0.5414121150970459
1772467527552588800,23.7315888671875,0.45892810821533203,0.6454076766967773,0.41682055592536926
1772467527562594800,23.7415947265625,0.2909146547317505,1.1271133422851562,0.2460472285747528
1772467527572600600,23.7516005859375,0.15401721000671387,1.6310815811157227,0.11642119288444519
1772467527582606600,23.761606689453124,-0.11432921886444092,2.056974411010742,0.177377387881279
1772467527592612400,23.7716123046875,-0.482816219329834,2.4389171600341797,0.30086642503738403
1772467527602618400,23.781618408203126,-0.576101541519165,2.6055221557617188,0.31108734011650085
1772467527612624100,23.7916240234375,-0.5918346643447876,2.571885108947754,0.3374316692352295
1772467527622630100,23.801630126953125,-0.27270233631134033,2.262166976928711,0.254140168428421
1772467527642641700,23.8216416015625,1.4320234060287476,1.8342838287353516,0.12537583708763123
1772467527652647700,23.831647705078126,1.7359974384307861,2.0432939529418945,0.32519710063934326
1772467527662653400,23.8416533203125,1.8224586248397827,2.780426025390625,0.4693188965320587
1772467527672659500,23.851659423828124,1.4678982496261597,3.983168601989746,0.4067734479904175
1772467527682665200,23.861665283203124,0.7190307378768921,5.2352495193481445,0.026914022862911224
1772467527692671200,23.871671142578126,-0.189153790473938,5.796208381652832,-0.5571030378341675
1772467527702677000,23.881677001953125,-1.0516974925994873,5.281015396118164,-1.2012673616409302
1772467527712682800,23.891682861328125,-1.7077964544296265,3.630520820617676,-1.340883493423462
1772467527722688500,23.9016884765625,-1.98508882522583,1.5504045486450195,-0.9544919729232788
1772467527732694500,23.911694580078127,-1.7394423484802246,-0.10748958587646484,-0.4825870096683502
1772467527742700300,23.9217001953125,-0.9945197701454163,-0.7330751419067383,-0.11802804470062256
1772467527752706000,23.9317060546875,-0.3183020353317261,-0.7408580780029297,0.13844305276870728
1772467527762712000,23.941712158203124,0.0806732177734375,-0.28636932373046875,0.3134165108203888
1772467527772717800,23.9517177734375,0.18220138549804688,0.1319255828857422,0.23840713500976562
1772467527782723600,23.9617236328125,0.07277178764343262,0.26579856872558594,0.1865178346633911
1772467527792729300,23.971729248046874,-0.26005637645721436,0.13572120666503906,0.11887440085411072
1772467527802735400,23.9817353515625,-0.5190173387527466,0.05839252471923828,0.00011499226093292236
1772467527812741000,23.9917412109375,-0.6686843633651733,-0.1569347381591797,-0.15009962022304535
1772467527822747000,24.001746826171875,-0.7962982058525085,-0.5002231597900391,-0.11159966886043549
1772467527832753000,24.0117529296875,-0.9949990510940552,-0.8752756118774414,-0.19490908086299896
1772467527842758700,24.021758544921877,-0.9164174795150757,-1.4300365447998047,-0.1854536384344101
1772467527852765200,24.03176513671875,-0.6935411691665649,-1.9255170822143555,0.04613180458545685
1772467527862770400,24.0417705078125,-0.6320871710777283,-2.4718222618103027,0.06573435664176941
1772467527872775700,24.051775634765626,-0.5873537659645081,-3.1167778968811035,-0.08730001747608185
1772467527882781200,24.06178125,-0.601987898349762,-3.5783586502075195,-0.11762590706348419
1772467527892786400,24.071786376953124,-0.5032086372375488,-3.947882652282715,-0.18329179286956787
1772467527902791700,24.081791748046875,-0.2800881862640381,-4.101622104644775,-0.309617280960083
1772467527912797200,24.091797119140626,-0.06023859977722168,-3.973489761352539,-0.35372769832611084
1772467527922802700,24.101802734375,0.06611871719360352,-3.6597814559936523,-0.4215989112854004
1772467527932808400,24.111808349609376,0.07034504413604736,-3.2564406394958496,-0.4563266932964325
1772467527942814200,24.121814208984375,0.09561407566070557,-3.0740885734558105,-0.5438637733459473
1772467527952820200,24.1318203125,0.08795821666717529,-2.815816879272461,-0.5027384757995605
1772467527962826000,24.141825927734374,0.06983053684234619,-2.577119827270508,-0.5243675112724304
1772467527972832300,24.151832275390625,0.18912434577941895,-2.2719521522521973,-0.4219173192977905
1772467527982838300,24.16183837890625,0.3309556245803833,-1.9673757553100586,-0.4149545133113861
1772467527992844500,24.171844482421875,0.35645878314971924,-1.639470100402832,-0.35022127628326416
1772467528002850800,24.181850830078126,0.39864885807037354,-1.1878528594970703,-0.2414838969707489
1772467528012857000,24.191857177734374,0.438484787940979,-0.5937557220458984,-0.16928105056285858
1772467528032869600,24.21186962890625,0.4097517728805542,0.8296098709106445,-0.2139049619436264
1772467528042876000,24.2218759765625,0.39842724800109863,1.3720693588256836,-0.3125779628753662
1772467528052882700,24.231882568359374,0.5131562948226929,1.6843509674072266,-0.3058490455150604
1772467528062887700,24.2418876953125,0.6973422765731812,1.852860450744629,-0.22883647680282593
1772467528072892400,24.251892333984376,0.841668963432312,1.8253116607666016,-0.13035573065280914
1772467528082897400,24.2618974609375,0.837188720703125,1.7596940994262695,-0.005803335458040237
1772467528092902700,24.271902587890626,0.7757359743118286,1.7324151992797852,0.07338488101959229
1772467528102907600,24.28190771484375,0.7731143236160278,1.7671070098876953,0.13207325339317322
1772467528112913200,24.2919130859375,0.5382312536239624,2.011617660522461,0.09895210713148117
1772467528122918400,24.30191845703125,0.14145386219024658,2.1791067123413086,-0.11709731072187424
1772467528132924200,24.311924072265626,-0.18079102039337158,2.165093421936035,-0.28303974866867065
1772467528142930000,24.321929931640625,-0.28634917736053467,2.0179367065429688,-0.37639403343200684
1772467528152936000,24.33193603515625,0.030848383903503418,1.647047996520996,-0.5173671841621399
1772467528162942000,24.34194189453125,0.5725350379943848,1.358180046081543,-0.6351897120475769
1772467528172948200,24.3519482421875,1.0354424715042114,1.2080116271972656,-0.6055144667625427
1772467528182954500,24.36195458984375,0.9992351531982422,1.4493942260742188,-0.22106891870498657
1772467528192960800,24.371960693359377,0.8161740303039551,1.947983741760254,-0.0330996960401535
1772467528202967300,24.38196728515625,0.5103464126586914,2.5693836212158203,0.3121120035648346
1772467528212973800,24.391973876953124,0.1542123556137085,3.1220808029174805,0.6329208612442017
1772467528222980400,24.40198046875,-0.04335153102874756,3.2331371307373047,0.40911734104156494
1772467528232987000,24.41198681640625,-0.24277544021606445,2.7170562744140625,0.06792540848255157
1772467528242993000,24.421992919921873,-0.43498337268829346,1.5994243621826172,-0.18925023078918457
1772467528252999000,24.4319990234375,-0.5556693077087402,0.4362621307373047,-0.3960956335067749
1772467528263004700,24.442004638671875,-0.7378126978874207,-0.28929996490478516,-0.493380069732666
1772467528273010200,24.45201025390625,-0.8951733112335205,-0.4917154312133789,-0.42316919565200806
1772467528283015700,24.462015625,-0.7621880769729614,-0.27714061737060547,-0.1315843164920807
1772467528293021200,24.472021240234376,-0.4299139380455017,0.1001272201538086,0.15505453944206238
1772467528303027000,24.48202685546875,-0.16300654411315918,0.4528942108154297,0.3689340054988861
1772467528313032400,24.492032470703126,-0.10191047191619873,0.6088724136352539,0.45998823642730713
1772467528323038200,24.5020380859375,-0.17334067821502686,0.6066150665283203,0.5149536728858948
1772467528333044000,24.5120439453125,-0.3434540033340454,0.5038547515869141,0.5429632067680359
1772467528343049700,24.5220498046875,-0.5647947192192078,0.3726081848144531,0.4619332551956177
1772467528353055500,24.532055419921875,-0.7988250851631165,0.15564250946044922,0.2981666922569275
1772467528363061200,24.542061279296874,-1.0082249641418457,-0.23267078399658203,0.15808860957622528
1772467528373067300,24.5520673828125,-1.1466217041015625,-0.7248802185058594,0.02866549789905548
1772467528383073300,24.5620732421875,-1.1094930171966553,-1.2395267486572266,0.02245943248271942
1772467528393079300,24.572079345703123,-0.9159412384033203,-1.9199466705322266,0.09110303223133087
1772467528403085300,24.582085205078126,-0.6758918762207031,-2.4744324684143066,0.09106890112161636
1772467528413091300,24.59209130859375,-0.547012448310852,-2.803011894226074,0.1755550503730774
1772467528423097300,24.602097412109377,-0.3861616253852844,-3.0255918502807617,0.18762236833572388
1772467528433103600,24.612103515625,-0.17401039600372314,-3.113804340362549,0.16142183542251587
1772467528443109600,24.622109619140623,-0.04391622543334961,-3.111013889312744,0.3657488524913788
1772467528462985700,24.64198583984375,0.48772525787353516,-2.880997657775879,0.2787056565284729
1772467528472934700,24.6519345703125,0.6192333698272705,-2.5065646171569824,0.34229612350463867
1772467528482893600,24.6618935546875,0.6132348775863647,-2.0854482650756836,0.4599169194698334
1772467528492864000,24.671864013671875,0.7128517627716064,-1.8182744979858398,0.39388027787208557
1772467528502846700,24.6818466796875,0.9084752798080444,-1.5231914520263672,0.258415549993515
1772467528512842200,24.69184228515625,0.8210873603820801,-1.2191925048828125,0.2642364501953125
1772467528522850600,24.7018505859375,0.7160944938659668,-0.9632606506347656,0.28708764910697937
1772467528532871200,24.71187109375,0.8125271797180176,-0.7408523559570312,0.32206323742866516
1772467528542902500,24.721902587890625,0.9680275917053223,-0.7383584976196289,0.43689024448394775
1772467528552943600,24.731943603515624,0.9448559284210205,-0.7547798156738281,0.5030246376991272
1772467528562992400,24.741992431640625,0.8159250020980835,-0.5704526901245117,0.4961806535720825
1772467528573047000,24.752047119140624,0.687298059463501,-0.3292560577392578,0.4873603582382202
1772467528583105300,24.762105224609375,0.5346739292144775,-0.05037498474121094,0.45731815695762634
1772467528593164800,24.772164794921874,0.3098345994949341,0.31394290924072266,0.24199417233467102
1772467528603203300,24.782203369140625,0.32843661308288574,0.6488218307495117,0.03100396879017353
1772467528613209300,24.792209228515624,0.46735215187072754,0.8872222900390625,-0.07141207903623581
1772467528623215000,24.802215087890627,0.4893910884857178,1.1532983779907227,-0.04589762166142464
1772467528633220900,24.812220947265626,0.16485071182250977,1.3706493377685547,-0.11740654706954956
1772467528643227000,24.822226806640625,-0.35982680320739746,1.6352672576904297,-0.16661958396434784
1772467528653094700,24.8320947265625,-0.901058554649353,1.832850456237793,-0.13585461676120758
1772467528662973700,24.8419736328125,-1.2220815420150757,1.978200912475586,-0.010978296399116516
1772467528672868000,24.8518681640625,-1.1890804767608643,1.8755311965942383,0.030191484838724136
1772467528682782200,24.8617822265625,-0.9391781091690063,1.6779823303222656,-0.13809902966022491
1772467528692718600,24.871718505859373,-0.42209792137145996,1.4617633819580078,-0.2928071618080139
1772467528702679300,24.88167919921875,0.00589442253112793,1.126236915588379,-0.3287337124347687
1772467528712665000,24.8916650390625,0.22495722770690918,0.9631757736206055,-0.18314266204833984
1772467528722675700,24.90167578125,0.4157603979110718,1.2732954025268555,0.027904903516173363
1772467528732710100,24.911710205078126,0.46646785736083984,2.1035003662109375,0.07753048092126846
1772467528742766000,24.92176611328125,0.3655358552932739,3.2331361770629883,0.038607846945524216
1772467528752840700,24.9318408203125,0.12864398956298828,3.93051815032959,-0.33331114053726196
1772467528762930700,24.9419306640625,-0.16305208206176758,3.6419687271118164,-0.7200671434402466
1772467528773032000,24.952031982421875,-0.544312596321106,2.608234405517578,-0.8116989135742188
1772467528783140000,24.96214013671875,-0.7697739005088806,1.117502212524414,-0.6140120029449463
1772467528793250800,24.972250732421877,-0.8609132170677185,-0.39887142181396484,-0.2149769514799118
1772467528803320300,24.9823203125,-1.003849744796753,-1.357400894165039,0.3200967013835907
1772467528813326300,24.992326416015626,-0.8673694729804993,-1.5392484664916992,0.6248129606246948
1772467528823332000,25.00233203125,-0.3693596124649048,-1.104257583618164,0.7538086175918579
1772467528833337900,25.012337890625,0.14961862564086914,-0.25052738189697266,0.8612546324729919
1772467528843344000,25.02234375,0.4506295919418335,0.5424318313598633,0.7864021062850952
1772467528853350100,25.03235009765625,0.48468029499053955,1.0115547180175781,0.6692183017730713
1772467528863355400,25.04235546875,0.21342408657073975,1.3393239974975586,0.49982982873916626
1772467528873361000,25.05236083984375,-0.31455910205841064,1.4457321166992188,0.25790902972221375
1772467528883366100,25.0623662109375,-0.7024955749511719,1.2652978897094727,0.07687807083129883
1772467528893371600,25.07237158203125,-0.8929653763771057,0.9283838272094727,-0.16449090838432312
1772467528903377200,25.082377197265625,-0.9789603352546692,0.38309192657470703,-0.26202327013015747
1772467528923388200,25.10238818359375,-0.6234047412872314,-0.9347009658813477,-0.12162712216377258
1772467528933394000,25.112393798828126,-0.4030507802963257,-1.5641469955444336,-0.11343388259410858
1772467528943399700,25.122399658203125,-0.294374942779541,-2.215728282928467,-0.05194668471813202
1772467528953405400,25.132405517578125,-0.2975698709487915,-2.693497657775879,-0.24279239773750305
1772467528963411500,25.142411376953124,-0.2544800043106079,-2.964458465576172,-0.3574351668357849
1772467528973417500,25.15241748046875,-0.21372604370117188,-3.0338048934936523,-0.5058314800262451
1772467528983423500,25.162423583984374,-0.2324371337890625,-3.0167064666748047,-0.5730708837509155
1772467528993429500,25.172429443359373,-0.13363873958587646,-2.927729606628418,-0.5589859485626221
1772467529003435800,25.182435791015624,0.11206459999084473,-2.8818578720092773,-0.49570661783218384
1772467529013442000,25.192442138671876,0.33723127841949463,-2.6926803588867188,-0.36629319190979004
1772467529023448000,25.202447998046875,0.5374574661254883,-2.3988442420959473,-0.5413880348205566
1772467529033454300,25.212454345703126,0.4881943464279175,-2.1343207359313965,-0.5049691200256348
1772467529043460600,25.222460693359373,0.3415113687515259,-1.8080787658691406,-0.4058574438095093
1772467529053462800,25.232462890625,0.4164799451828003,-1.5251903533935547,-0.5010361671447754
1772467529073467400,25.25246728515625,0.9068952798843384,-0.9040899276733398,-0.35056084394454956
1772467529083470600,25.262470703125,0.9315046072006226,-0.5420665740966797,-0.3542174994945526
1772467529093474300,25.272474365234373,0.7018626928329468,-0.1043386459350586,-0.49031883478164673
1772467529103478800,25.282478759765624,0.584466814994812,0.23249244689941406,-0.5986600518226624
1772467529113484000,25.292484130859375,0.4919321537017822,0.5405187606811523,-0.5374210476875305
1772467529123489800,25.30248974609375,0.45792102813720703,0.6191682815551758,-0.5266610383987427
1772467529133496300,25.312496337890625,0.42640042304992676,0.7649478912353516,-0.41335371136665344
1772467529143503600,25.322503662109376,0.403377890586853,0.9583902359008789,-0.2160598337650299
1772467529153511400,25.332511474609376,0.4522664546966553,1.199162483215332,-0.163702592253685
1772467529163519500,25.34251953125,0.41007983684539795,1.4919872283935547,-0.05112779140472412
1772467529173528000,25.352528076171875,0.2473597526550293,1.8655719757080078,-0.089647077023983
1772467529183537000,25.362536865234375,0.16439998149871826,2.195645332336426,-0.15120452642440796
1772467529193545700,25.372545654296875,0.052268147468566895,2.491692543029785,-0.25488215684890747
1772467529203554300,25.38255419921875,-0.16436588764190674,2.538689613342285,-0.324248343706131
1772467529213560300,25.392560302734374,-0.37913942337036133,2.3800649642944336,-0.35829493403434753
1772467529223566000,25.402566162109373,-0.34758245944976807,2.001840591430664,-0.40484505891799927
1772467529233571800,25.41257177734375,-0.20355653762817383,1.500004768371582,-0.37833043932914734
1772467529243577600,25.42257763671875,0.005088090896606445,1.0467815399169922,-0.36459147930145264
1772467529253579800,25.432579833984374,0.2154175043106079,1.0147571563720703,-0.09181061387062073
1772467529273584400,25.45258447265625,0.5955005884170532,2.029184341430664,0.6717373728752136
1772467529283587300,25.46258740234375,0.5465590953826904,2.7716503143310547,0.8401821851730347
1772467529293591000,25.472591064453123,0.2684204578399658,3.142409324645996,0.8843205571174622
1772467529303595300,25.48259521484375,-0.03674519062042236,3.084817886352539,0.6759194135665894
1772467529313600500,25.4926005859375,-0.5172281265258789,2.2848806381225586,0.1543956696987152
1772467529323606300,25.502606201171876,-1.043799638748169,1.0274124145507812,-0.006065815687179565
1772467529333612800,25.51261279296875,-1.2110005617141724,-0.20767688751220703,-0.008988112211227417
1772467529343619800,25.522619873046875,-1.2375967502593994,-0.9088058471679688,-0.10394307971000671
1772467529353627600,25.532627685546874,-1.2568942308425903,-1.0001840591430664,-0.1997973769903183
1772467529363636000,25.542635986328126,-1.0357987880706787,-0.9274120330810547,-0.14376814663410187
1772467529373644500,25.55264453125,-0.745896577835083,-0.7723855972290039,0.11950716376304626
1772467529383653400,25.5626533203125,-0.5567950010299683,-0.48328685760498047,0.22377550601959229
1772467529393662200,25.572662109375,-0.48999083042144775,-0.07994651794433594,0.16030868887901306
1772467529403671300,25.58267138671875,-0.5785939693450928,0.284515380859375,0.11579081416130066
1772467529413677000,25.592677001953124,-0.6265496015548706,0.3953542709350586,0.04522328078746796
1772467529423683000,25.60268310546875,-0.613904595375061,0.43936920166015625,-0.024542182683944702
1772467529433688800,25.612688720703126,-0.673614501953125,0.3831453323364258,-0.06103090941905975
1772467529443694600,25.622694580078125,-0.7954487800598145,0.002361297607421875,-0.16541072726249695
1772467529453696800,25.63269677734375,-0.7839356660842896,-0.5635261535644531,-0.04841296374797821
1772467529473701400,25.652701416015624,-0.6958355903625488,-1.862152099609375,0.07021500170230865
1772467529483704300,25.662704345703126,-0.5230357646942139,-2.1937174797058105,0.12016989290714264
1772467529493708000,25.6727080078125,-0.32589828968048096,-2.4051766395568848,0.06862679123878479
1772467529503712300,25.682712158203124,-0.3010752201080322,-2.5109877586364746,0.22938472032546997
1772467529513717500,25.692717529296875,-0.2817586660385132,-2.4825997352600098,0.13878943026065826
1772467529523723300,25.70272314453125,-0.20131361484527588,-2.46360445022583,0.03272166848182678
1772467529533729800,25.712729736328125,-0.059815049171447754,-2.382355213165283,0.06034211814403534
1772467529543736800,25.72273681640625,0.0617067813873291,-2.3345961570739746,0.06361714005470276
1772467529553744600,25.73274462890625,0.14392340183258057,-2.16733980178833,0.06183086335659027
1772467529563753000,25.7427529296875,0.25210046768188477,-1.8853092193603516,0.09374284744262695
1772467529573761500,25.752761474609375,0.36240673065185547,-1.5891084671020508,0.1499451845884323
1772467529583770400,25.762770263671875,0.3936159610748291,-1.288325309753418,0.2028442770242691
1772467529593779200,25.772779296875,0.43718910217285156,-0.9878396987915039,0.18560941517353058
1772467529603788300,25.782788330078127,0.39777350425720215,-0.6781225204467773,0.2126302719116211
1772467529613794000,25.7927939453125,0.41907787322998047,-0.5073003768920898,0.3127145767211914
1772467529623800000,25.802800048828125,0.38648509979248047,-0.43207836151123047,0.37661871314048767
1772467529633805800,25.812805908203124,0.2323474884033203,-0.3421306610107422,0.47119808197021484
1772467529643811600,25.8228115234375,0.12866497039794922,-0.23739147186279297,0.44267547130584717
1772467529653813800,25.832813720703125,0.12285757064819336,-0.21333599090576172,0.40091803669929504
1772467529673818400,25.852818359375,0.19175982475280762,0.12745380401611328,0.2912085950374603
1772467529683821300,25.8628212890625,0.15296101570129395,0.34325218200683594,0.28408414125442505
1772467529693825000,25.872824951171875,-0.01160287857055664,0.6308126449584961,0.12373416125774384
1772467529703829200,25.882829345703126,-0.36530327796936035,0.9713001251220703,-0.032055795192718506
1772467529713834200,25.892834228515625,-0.6622745990753174,1.2842302322387695,0.008054748177528381
1772467529723840000,25.902840087890624,-0.6887061595916748,1.7610883712768555,-0.003093227744102478
1772467529733846500,25.912846435546875,-0.6678521633148193,2.214785575866699,-0.03635206073522568
1772467529743853800,25.922853759765626,-0.6988532543182373,2.439729690551758,0.0811094418168068
1772467529753861600,25.932861572265626,-0.7753219604492188,2.3453969955444336,-0.051716458052396774
1772467529763869700,25.94286962890625,-0.7333011627197266,1.8653783798217773,-0.08429001271724701
1772467529773878500,25.95287841796875,-0.4996345043182373,1.1911592483520508,-0.2750236392021179
1772467529783887400,25.962887451171873,-0.25020742416381836,0.5616159439086914,-0.3867691159248352
1772467529793896200,25.972896240234373,-0.01697254180908203,0.382080078125,-0.3240585923194885
1772467529803905300,25.9829052734375,0.2956368923187256,0.6847715377807617,-0.3391084372997284
1772467529813911000,25.9929111328125,0.45874476432800293,1.367894172668457,-0.32139158248901367
1772467529823917000,26.0029169921875,0.2089698314666748,2.349581718444824,-0.370494544506073
1772467529833922800,26.0129228515625,-0.25455188751220703,3.209599494934082,-0.7656912207603455
1772467529843928600,26.022928466796873,-0.8022468090057373,3.575636863708496,-1.2636544704437256
1772467529853934300,26.032934326171876,-1.2659392356872559,3.300539016723633,-1.402651071548462
1772467529863940400,26.0429404296875,-1.5864293575286865,2.604799270629883,-1.2126991748809814
1772467529873946000,26.052946044921875,-1.7953249216079712,1.80859375,-0.7412748336791992
1772467529883951900,26.062951904296874,-1.8351000547409058,1.2796926498413086,-0.20092859864234924
1772467529893958000,26.0729580078125,-1.6474292278289795,0.945124626159668,0.19670774042606354
1772467529903963600,26.082963623046876,-1.2785437107086182,1.0136470794677734,0.6100309491157532
1772467529913969400,26.092969482421875,-0.8617873191833496,1.3453216552734375,0.6283433437347412
1772467529923975200,26.10297509765625,-0.6488845348358154,1.4516477584838867,0.614246129989624
1772467529933981200,26.112981201171873,-0.7696163654327393,1.5343132019042969,0.6795461773872375
1772467529943987000,26.122987060546876,-1.036752700805664,1.5379562377929688,0.49697741866111755
1772467529953992700,26.13299267578125,-1.2521274089813232,1.253763198852539,0.24747180938720703
1772467529963998700,26.142998779296875,-1.4987201690673828,0.6639881134033203,0.2773345410823822
1772467529974004500,26.15300439453125,-1.4994804859161377,-0.18576812744140625,0.32954496145248413
1772467529984010200,26.16301025390625,-1.2828469276428223,-0.9608430862426758,0.3601172864437103
1772467529994016000,26.17301611328125,-1.1269681453704834,-1.4749536514282227,0.41334110498428345
1772467530004022000,26.18302197265625,-0.9138193130493164,-1.971785068511963,0.360562801361084
1772467530014027800,26.19302783203125,-0.729494571685791,-2.379758834838867,0.3751477599143982
1772467530024033500,26.203033447265625,-0.5298194885253906,-2.6660685539245605,0.2520497739315033
1772467530034036000,26.213035888671875,-0.42455530166625977,-2.811917781829834,0.26082631945610046
1772467530054040300,26.233040283203124,-0.22312045097351074,-2.5264902114868164,0.020859895274043083
1772467530074045700,26.253045654296876,-0.14840412139892578,-1.9172759056091309,-0.18731844425201416
1772467530084049400,26.26304931640625,-0.26904773712158203,-1.6659340858459473,-0.2374989092350006
1772467530094059800,26.273059814453124,-0.41843342781066895,-1.4673757553100586,-0.26566702127456665
1772467530114081300,26.293081298828124,-0.7901825904846191,-0.8552713394165039,-0.2938062846660614
1772467530124092000,26.303091796875,-0.47820615768432617,-0.5738773345947266,-0.4335160255432129
1772467530134098400,26.313098388671875,-0.2646164894104004,-0.43561553955078125,-0.42418527603149414
1772467530144104200,26.323104248046874,-0.11864995956420898,-0.31685352325439453,-0.4226246774196625
1772467530154110000,26.33310986328125,-0.06279921531677246,-0.19413089752197266,-0.5128898620605469
1772467530164116000,26.343115966796876,-0.12978148460388184,-0.18700122833251953,-0.5776839256286621
1772467530174121700,26.353121826171876,-0.16144061088562012,-0.18072128295898438,-0.5705444812774658
1772467530184127500,26.36312744140625,-0.12073516845703125,-0.10799884796142578,-0.47202885150909424
1772467530194133500,26.373133544921874,-0.004289150238037109,-0.006764411926269531,-0.4403570294380188
1772467530204139300,26.38313916015625,0.1694166660308838,-0.03027057647705078,-0.6234841346740723
1772467530214145000,26.39314501953125,0.20009636878967285,0.07000064849853516,-0.6907908916473389
1772467530224150800,26.40315087890625,0.12090921401977539,0.11252975463867188,-0.6465187668800354
1772467530234156800,26.41315673828125,0.12370800971984863,0.1450643539428711,-0.6667890548706055
1772467530244162600,26.42316259765625,0.16971063613891602,0.2633352279663086,-0.5789237022399902
1772467530254168300,26.433168212890624,0.25324058532714844,0.42919921875,-0.4701356291770935
1772467530264174300,26.44317431640625,0.3342890739440918,0.6765880584716797,-0.4714334011077881
1772467530274180000,26.45318017578125,0.4044783115386963,0.942845344543457,-0.3800112009048462
1772467530284185900,26.463185791015626,0.296907901763916,1.1802186965942383,-0.3648100197315216
1772467530294191600,26.473191650390625,0.11198925971984863,1.3316354751586914,-0.4918155074119568
1772467530304197600,26.48319775390625,-0.1557614803314209,1.2305545806884766,-0.4394614100456238
1772467530314203400,26.493203369140623,-0.2099156379699707,1.0686254501342773,-0.33266931772232056
1772467530324209200,26.503209228515626,-0.1405627727508545,0.6591691970825195,-0.39261144399642944
1772467530334215200,26.513215087890625,0.07395291328430176,0.2834615707397461,-0.1777978539466858
1772467530344221000,26.523220947265624,0.20614862442016602,0.012106895446777344,0.07176399230957031
1772467530354226700,26.533226806640624,0.2525177001953125,-0.15566062927246094,0.31244438886642456
1772467530364232400,26.543232421875,0.5166106224060059,-0.12559223175048828,0.39274993538856506
1772467530374238500,26.553238525390626,0.851691484451294,0.015035629272460938,0.4711541533470154
1772467530384244200,26.563244140625,1.1783807277679443,0.3367424011230469,0.48018088936805725
1772467530394250000,26.57325,1.3015015125274658,0.504547119140625,0.37757158279418945
1772467530404256000,26.583256103515627,1.552239179611206,0.742945671081543,0.4864954948425293
1772467530414261800,26.59326171875,1.6769118309020996,1.195368766784668,0.6110069751739502
1772467530424267500,26.603267578125,1.422013759613037,1.5752763748168945,0.5035624504089355
1772467530434273300,26.613273193359376,0.8876340389251709,1.7595338821411133,0.2341194450855255
1772467530444279300,26.623279296875,0.37447571754455566,1.5153255462646484,-0.0004048645496368408
1772467530454285000,26.63328515625,-0.25038909912109375,1.0508413314819336,-0.025588124990463257
1772467530464290800,26.643290771484374,-0.836181640625,0.5269594192504883,-0.18315982818603516
1772467530474296800,26.653296875,-1.4750880002975464,0.06517887115478516,-0.36161330342292786
1772467530484302600,26.663302490234376,-2.0577497482299805,-0.11837959289550781,-0.5373745560646057
1772467530494308400,26.673308349609375,-2.353607177734375,-0.36301517486572266,-0.6955980658531189
1772467530504314000,26.683314208984374,-2.0858585834503174,-0.6116008758544922,-0.6172594428062439
1772467530514320100,26.693320068359377,-1.6595550775527954,-0.6214866638183594,-0.28267988562583923
1772467530524326000,26.703325927734376,-1.2404592037200928,-0.41787052154541016,-0.055547744035720825
1772467530534331600,26.71333154296875,-0.8544013500213623,-0.16455459594726562,-0.01499447226524353
1772467530544337700,26.723337646484374,-0.5933990478515625,0.08961105346679688,0.138749361038208
1772467530554343400,26.733343505859374,-0.517204761505127,0.19119930267333984,0.33536097407341003
1772467530564349200,26.74334912109375,-0.49422240257263184,0.25461387634277344,0.4335479736328125
1772467530574355000,26.75335498046875,-0.49341440200805664,0.29840087890625,0.5211273431777954
1772467530584361000,26.76336083984375,-0.43557071685791016,0.059050559997558594,0.6170971393585205
1772467530594366700,26.77336669921875,-0.3376617431640625,-0.2579841613769531,0.39812442660331726
1772467530604372500,26.78337255859375,-0.3566396236419678,-0.5906343460083008,0.27026164531707764
1772467530614378500,26.79337841796875,-0.5081150531768799,-1.038681983947754,0.27442747354507446
1772467530624384300,26.80338427734375,-0.48877835273742676,-1.4386730194091797,0.24477699398994446
1772467530634390000,26.81339013671875,-0.3714148998260498,-1.6614990234375,0.23939210176467896
1772467530644395800,26.823395751953125,-0.3805820941925049,-1.6263771057128906,0.24065342545509338
1772467530654401800,26.83340185546875,-0.40259313583374023,-1.410003662109375,0.1332673281431198
1772467530664407600,26.843407470703124,-0.3917505741119385,-1.0695877075195312,0.07399176061153412
1772467530674413300,26.853413330078126,-0.23938870429992676,-0.8869857788085938,-0.03362083435058594
1772467530684419300,26.86341943359375,-0.06364727020263672,-0.7666921615600586,-0.06884092092514038
1772467530694425000,26.873425048828125,-0.008283615112304688,-0.7275819778442383,-0.1521495282649994
1772467530704430800,26.883430908203124,-0.08769011497497559,-0.6977396011352539,-0.09772104024887085
1772467530714436600,26.8934365234375,-0.21270298957824707,-0.6480216979980469,-0.016005337238311768
1772467530724442600,26.903442626953126,-0.12514615058898926,-0.6644973754882812,-0.0351751446723938
1772467530734448400,26.913448486328125,0.008885622024536133,-0.5658950805664062,0.0941012054681778
1772467530744454100,26.9234541015625,0.07529449462890625,-0.4099740982055664,0.20484039187431335
1772467530754460200,26.933460205078124,0.13129854202270508,-0.3592205047607422,0.16801199316978455
1772467530764466000,26.9434658203125,0.1243126392364502,-0.2891712188720703,0.20863452553749084
1772467530774471700,26.9534716796875,0.16926264762878418,-0.34319305419921875,0.27432435750961304
1772467530784477400,26.9634775390625,0.24074506759643555,-0.40606021881103516,0.2925683557987213
1772467530794483500,26.9734833984375,0.31963467597961426,-0.32491302490234375,0.39311444759368896
1772467530804489200,26.9834892578125,0.4200263023376465,-0.20039749145507812,0.3365515172481537
1772467530814495000,26.993494873046874,0.5082159042358398,-0.15682506561279297,0.3081768751144409
1772467530824501000,27.0035009765625,0.5509576797485352,-0.2227163314819336,0.42219382524490356
1772467530834506800,27.0135068359375,0.5630571842193604,-0.1733684539794922,0.37340813875198364
1772467530844512500,27.023512451171875,0.5349559783935547,-0.09506034851074219,0.1950700730085373
1772467530854518300,27.033518310546874,0.4998350143432617,-0.011702537536621094,0.1161554753780365
1772467530864524300,27.043524169921874,0.5488510131835938,-0.01416015625,0.09319274127483368
1772467530874530000,27.053530029296876,0.6249659061431885,-0.01636981964111328,0.08251526951789856
1772467530884535800,27.063535888671876,0.5077797174453735,0.10599040985107422,0.07492560148239136
1772467530894541800,27.073541748046875,0.4117783308029175,0.25247764587402344,0.03646525740623474
1772467530904547600,27.083547607421874,0.3308579921722412,0.5092382431030273,-0.043375611305236816
1772467530914553300,27.09355322265625,0.24525737762451172,0.6373147964477539,-0.06872627139091492
1772467530924559000,27.10355908203125,0.1509850025177002,0.6942520141601562,0.033569127321243286
1772467530934565000,27.113565185546875,0.027853012084960938,0.7139310836791992,0.0490366667509079
1772467530944571000,27.12357080078125,0.10437917709350586,0.6536235809326172,0.0770217776298523
1772467530954576600,27.13357666015625,0.31868863105773926,0.6089553833007812,0.27049630880355835
1772467530964582700,27.143582763671876,0.5781674385070801,0.5076704025268555,0.33183741569519043
1772467530974588400,27.15358837890625,0.7040717601776123,0.37795066833496094,0.4285605251789093
1772467530984594200,27.16359423828125,0.6816987991333008,0.32987403869628906,0.5657154321670532
1772467530994600000,27.173599853515626,0.8413739204406738,0.22463226318359375,0.5094665884971619
1772467531004606000,27.18360595703125,0.9462623596191406,0.16692543029785156,0.405789315700531
1772467531014611700,27.19361181640625,0.9491453170776367,0.07530403137207031,0.27337729930877686
1772467531024617500,27.203617431640627,1.0159797668457031,-0.0021152496337890625,0.02353958785533905
1772467531034623500,27.21362353515625,1.099177360534668,0.16854572296142578,-0.29288965463638306
1772467531044629200,27.223629150390625,0.7879924774169922,0.5101833343505859,-0.5436389446258545
1772467531064640800,27.243640869140624,-0.013018608093261719,2.095089912414551,-0.9974114894866943
1772467531074646800,27.253646728515626,-0.5717977285385132,2.9659852981567383,-1.199936032295227
1772467531084652500,27.263652587890626,-0.7898319959640503,3.3306989669799805,-1.3916248083114624
1772467531094658600,27.273658447265625,-1.0023298263549805,3.2276620864868164,-1.2506163120269775
1772467531104664300,27.283664306640624,-1.3086588382720947,2.4655961990356445,-0.9538931846618652
1772467531114670300,27.29367041015625,-1.3784888982772827,1.1880731582641602,-0.802030086517334
1772467531124676000,27.303676025390626,-1.4004589319229126,0.04038238525390625,-0.5824349522590637
